0,1.38676,1.38676,1.38676,1.38676,0,1.38686,1.38687,1.38686,1.38687,0
2000,1.38675,1.38675,1.38675,1.38675,0,1.38688,1.38688,1.38688,1.38688,0
9000,1.38673,1.38674,1.38673,1.38674,0,1.38687,1.38687,1.38687,1.38687,0
10000,1.38674,1.38674,1.38674,1.38674,0,1.38686,1.38686,1.38686,1.38686,0
12000,1.38673,1.38673,1.38673,1.38673,0,1.38686,1.38686,1.38685,1.38685,0
13000,1.38673,1.38673,1.38671,1.38671,0,1.38683,1.38683,1.38683,1.38683,0
14000,1.38672,1.38672,1.38672,1.38672,0,1.38682,1.38682,1.38682,1.38682,0
15000,1.38673,1.38673,1.38673,1.38673,0,1.38682,1.38682,1.38682,1.38682,0
16000,1.38671,1.38671,1.38671,1.38671,0,1.38684,1.38684,1.38684,1.38684,0
17000,1.38671,1.38671,1.38671,1.38671,0,1.38682,1.38682,1.38682,1.38682,0
20000,1.38670,1.38670,1.38670,1.38670,0,1.38682,1.38682,1.38682,1.38682,0
22000,1.38671,1.38672,1.38671,1.38672,0,1.38682,1.38682,1.38681,1.38681,0
23000,1.38671,1.38671,1.38671,1.38671,0,1.38682,1.38682,1.38682,1.38682,0
33000,1.38669,1.38671,1.38669,1.38671,0,1.38682,1.38682,1.38680,1.38680,0
36000,1.38671,1.38671,1.38671,1.38671,0,1.38681,1.38681,1.38681,1.38681,0
37000,1.38670,1.38673,1.38670,1.38673,0,1.38682,1.38686,1.38682,1.38686,0
38000,1.38676,1.38676,1.38676,1.38676,0,1.38688,1.38688,1.38688,1.38688,0
39000,1.38677,1.38677,1.38676,1.38677,0,1.38688,1.38689,1.38688,1.38688,0
42000,1.38678,1.38678,1.38678,1.38678,0,1.38690,1.38690,1.38690,1.38690,0
44000,1.38679,1.38679,1.38678,1.38678,0,1.38689,1.38690,1.38689,1.38690,0
51000,1.38680,1.38680,1.38680,1.38680,0,1.38691,1.38691,1.38691,1.38691,0
52000,1.38682,1.38682,1.38682,1.38682,0,1.38692,1.38692,1.38692,1.38692,0
54000,1.38681,1.38681,1.38681,1.38681,0,1.38694,1.38694,1.38694,1.38694,0
56000,1.38683,1.38683,1.38683,1.38683,0,1.38695,1.38695,1.38695,1.38695,0
58000,1.38683,1.38684,1.38683,1.38684,0,1.38697,1.38697,1.38697,1.38697,0
59000,1.38686,1.38686,1.38686,1.38686,0,1.38696,1.38697,1.38696,1.38697,0
60000,1.38688,1.38688,1.38686,1.38686,0,1.38700,1.38700,1.38699,1.38700,0
63000,1.38688,1.38688,1.38688,1.38688,0,1.38699,1.38699,1.38699,1.38699,0
64000,1.38686,1.38686,1.38686,1.38686,0,1.38699,1.38699,1.38699,1.38699,0
66000,1.38687,1.38687,1.38687,1.38687,0,1.38697,1.38699,1.38697,1.38699,0
67000,1.38688,1.38688,1.38688,1.38688,0,1.38698,1.38698,1.38698,1.38698,0
76000,1.38687,1.38687,1.38687,1.38687,0,1.38699,1.38699,1.38699,1.38699,0
83000,1.38685,1.38685,1.38685,1.38685,0,1.38697,1.38697,1.38697,1.38697,0
84000,1.38685,1.38686,1.38685,1.38686,0,1.38698,1.38698,1.38698,1.38698,0
85000,1.38685,1.38685,1.38685,1.38685,0,1.38698,1.38698,1.38698,1.38698,0
93000,1.38685,1.38685,1.38685,1.38685,0,1.38697,1.38697,1.38697,1.38697,0
105000,1.38685,1.38685,1.38685,1.38685,0,1.38696,1.38698,1.38696,1.38698,0
120000,1.38686,1.38686,1.38686,1.38686,0,1.38698,1.38698,1.38698,1.38698,0
133000,1.38686,1.38687,1.38686,1.38687,0,1.38697,1.38697,1.38697,1.38697,0
134000,1.38686,1.38686,1.38686,1.38686,0,1.38697,1.38697,1.38697,1.38697,0
150000,1.38688,1.38688,1.38688,1.38688,0,1.38700,1.38700,1.38700,1.38700,0
164000,1.38690,1.38690,1.38688,1.38689,0,1.38700,1.38702,1.38700,1.38702,0
184000,1.38689,1.38689,1.38688,1.38688,0,1.38700,1.38701,1.38700,1.38701,0
185000,1.38687,1.38687,1.38687,1.38687,0,1.38699,1.38699,1.38699,1.38699,0
186000,1.38688,1.38688,1.38688,1.38688,0,1.38697,1.38697,1.38697,1.38697,0
187000,1.38687,1.38687,1.38687,1.38687,0,1.38698,1.38698,1.38698,1.38698,0
188000,1.38685,1.38686,1.38685,1.38686,0,1.38697,1.38697,1.38696,1.38696,0
220000,1.38686,1.38686,1.38686,1.38686,0,1.38698,1.38698,1.38698,1.38698,0
221000,1.38685,1.38685,1.38685,1.38685,0,1.38698,1.38698,1.38697,1.38697,0
240000,1.38684,1.38684,1.38684,1.38684,0,1.38695,1.38695,1.38695,1.38695,0
248000,1.38683,1.38683,1.38683,1.38683,0,1.38695,1.38695,1.38695,1.38695,0
249000,1.38682,1.38682,1.38682,1.38682,0,1.38696,1.38696,1.38696,1.38696,0
250000,1.38683,1.38683,1.38683,1.38683,0,1.38694,1.38694,1.38693,1.38693,0
251000,1.38685,1.38685,1.38685,1.38685,0,1.38692,1.38692,1.38692,1.38692,0
253000,1.38684,1.38684,1.38684,1.38684,0,1.38693,1.38693,1.38693,1.38693,0
267000,1.38685,1.38685,1.38684,1.38684,0,1.38692,1.38693,1.38692,1.38693,0
269000,1.38685,1.38685,1.38685,1.38685,0,1.38692,1.38692,1.38692,1.38692,0
279000,1.38684,1.38684,1.38684,1.38684,0,1.38693,1.38693,1.38693,1.38693,0
304000,1.38683,1.38683,1.38681,1.38681,0,1.38693,1.38693,1.38692,1.38692,0
306000,1.38682,1.38682,1.38679,1.38681,0,1.38691,1.38691,1.38690,1.38690,0
307000,1.38679,1.38679,1.38672,1.38674,0,1.38689,1.38690,1.38686,1.38686,0
314000,1.38674,1.38674,1.38674,1.38674,0,1.38685,1.38685,1.38685,1.38685,0
341000,1.38675,1.38675,1.38675,1.38675,0,1.38687,1.38687,1.38687,1.38687,0
342000,1.38676,1.38676,1.38676,1.38676,0,1.38686,1.38686,1.38686,1.38686,0
387000,1.38674,1.38674,1.38674,1.38674,0,1.38686,1.38686,1.38686,1.38686,0
392000,1.38675,1.38675,1.38674,1.38674,0,1.38685,1.38686,1.38685,1.38686,0
394000,1.38673,1.38673,1.38673,1.38673,0,1.38686,1.38686,1.38686,1.38686,0
396000,1.38673,1.38674,1.38673,1.38674,0,1.38685,1.38685,1.38685,1.38685,0
397000,1.38675,1.38675,1.38675,1.38675,0,1.38684,1.38684,1.38684,1.38684,0
398000,1.38672,1.38672,1.38666,1.38666,0,1.38684,1.38684,1.38678,1.38678,0
402000,1.38666,1.38666,1.38666,1.38666,0,1.38679,1.38679,1.38679,1.38679,0
403000,1.38668,1.38668,1.38668,1.38668,0,1.38679,1.38680,1.38679,1.38680,0
405000,1.38670,1.38670,1.38670,1.38670,0,1.38680,1.38680,1.38680,1.38680,0
425000,1.38670,1.38670,1.38670,1.38670,0,1.38681,1.38681,1.38681,1.38681,0
431000,1.38672,1.38674,1.38672,1.38674,0,1.38682,1.38686,1.38682,1.38685,0
436000,1.38673,1.38673,1.38673,1.38673,0,1.38685,1.38685,1.38685,1.38685,0
474000,1.38671,1.38671,1.38671,1.38671,0,1.38684,1.38684,1.38683,1.38683,0
476000,1.38671,1.38671,1.38671,1.38671,0,1.38682,1.38682,1.38682,1.38682,0
480000,1.38669,1.38670,1.38669,1.38670,0,1.38682,1.38682,1.38682,1.38682,0
483000,1.38670,1.38670,1.38670,1.38670,0,1.38683,1.38683,1.38683,1.38683,0
485000,1.38671,1.38671,1.38671,1.38671,0,1.38682,1.38682,1.38682,1.38682,0
500000,1.38670,1.38670,1.38670,1.38670,0,1.38683,1.38683,1.38683,1.38683,0
510000,1.38672,1.38672,1.38671,1.38672,0,1.38682,1.38683,1.38682,1.38682,0
542000,1.38670,1.38670,1.38670,1.38670,0,1.38681,1.38681,1.38681,1.38681,0
552000,1.38671,1.38671,1.38671,1.38671,0,1.38680,1.38680,1.38680,1.38680,0
567000,1.38670,1.38670,1.38670,1.38670,0,1.38681,1.38681,1.38681,1.38681,0
575000,1.38669,1.38669,1.38669,1.38669,0,1.38681,1.38681,1.38681,1.38681,0
576000,1.38670,1.38670,1.38670,1.38670,0,1.38681,1.38681,1.38681,1.38681,0
612000,1.38669,1.38669,1.38668,1.38668,0,1.38681,1.38682,1.38681,1.38682,0
615000,1.38668,1.38668,1.38668,1.38668,0,1.38680,1.38680,1.38680,1.38680,0
617000,1.38668,1.38668,1.38668,1.38668,0,1.38679,1.38679,1.38679,1.38679,0
627000,1.38668,1.38668,1.38666,1.38666,0,1.38680,1.38680,1.38678,1.38678,0
628000,1.38668,1.38668,1.38662,1.38662,0,1.38678,1.38678,1.38675,1.38675,0
629000,1.38662,1.38666,1.38662,1.38666,0,1.38673,1.38678,1.38673,1.38678,0
630000,1.38667,1.38667,1.38667,1.38667,0,1.38678,1.38678,1.38678,1.38678,0
632000,1.38668,1.38668,1.38667,1.38667,0,1.38677,1.38678,1.38677,1.38678,0
638000,1.38667,1.38667,1.38667,1.38667,0,1.38682,1.38682,1.38682,1.38682,0
639000,1.38670,1.38670,1.38670,1.38670,0,1.38681,1.38681,1.38681,1.38681,0
642000,1.38669,1.38669,1.38669,1.38669,0,1.38682,1.38682,1.38682,1.38682,0
644000,1.38669,1.38669,1.38669,1.38669,0,1.38680,1.38680,1.38680,1.38680,0
677000,1.38671,1.38671,1.38671,1.38671,0,1.38682,1.38682,1.38682,1.38682,0
680000,1.38673,1.38673,1.38673,1.38673,0,1.38684,1.38684,1.38683,1.38683,0
682000,1.38672,1.38672,1.38672,1.38672,0,1.38685,1.38685,1.38685,1.38685,0
683000,1.38673,1.38673,1.38673,1.38673,0,1.38683,1.38683,1.38683,1.38683,0
685000,1.38672,1.38672,1.38672,1.38672,0,1.38685,1.38685,1.38683,1.38683,0
686000,1.38671,1.38673,1.38671,1.38673,0,1.38685,1.38685,1.38684,1.38684,0
687000,1.38674,1.38674,1.38674,1.38674,0,1.38683,1.38683,1.38683,1.38683,0
690000,1.38673,1.38673,1.38672,1.38672,0,1.38684,1.38684,1.38683,1.38683,0
735000,1.38672,1.38672,1.38672,1.38672,0,1.38684,1.38684,1.38684,1.38684,0
743000,1.38671,1.38671,1.38671,1.38671,0,1.38685,1.38685,1.38685,1.38685,0
755000,1.38672,1.38672,1.38672,1.38672,0,1.38684,1.38684,1.38684,1.38684,0
763000,1.38672,1.38672,1.38672,1.38672,0,1.38683,1.38683,1.38683,1.38683,0
764000,1.38672,1.38673,1.38671,1.38673,0,1.38684,1.38687,1.38684,1.38686,0
765000,1.38674,1.38674,1.38674,1.38674,0,1.38685,1.38685,1.38685,1.38685,0
771000,1.38673,1.38673,1.38672,1.38673,0,1.38685,1.38686,1.38685,1.38685,0
772000,1.38674,1.38674,1.38673,1.38673,0,1.38684,1.38684,1.38684,1.38684,0
773000,1.38672,1.38672,1.38672,1.38672,0,1.38685,1.38685,1.38685,1.38685,0
783000,1.38670,1.38670,1.38670,1.38670,0,1.38682,1.38682,1.38682,1.38682,0
844000,1.38671,1.38671,1.38671,1.38671,0,1.38684,1.38684,1.38684,1.38684,0
845000,1.38672,1.38672,1.38672,1.38672,0,1.38683,1.38683,1.38683,1.38683,0
866000,1.38672,1.38672,1.38672,1.38672,0,1.38682,1.38682,1.38682,1.38682,0
876000,1.38670,1.38671,1.38670,1.38671,0,1.38683,1.38683,1.38683,1.38683,0
877000,1.38672,1.38672,1.38672,1.38672,0,1.38685,1.38685,1.38685,1.38685,0
881000,1.38673,1.38673,1.38673,1.38673,0,1.38685,1.38685,1.38685,1.38685,0
901000,1.38672,1.38672,1.38672,1.38672,0,1.38685,1.38685,1.38685,1.38685,0
907000,1.38672,1.38672,1.38672,1.38672,0,1.38683,1.38683,1.38683,1.38683,0
910000,1.38672,1.38672,1.38672,1.38672,0,1.38685,1.38685,1.38685,1.38685,0
912000,1.38674,1.38674,1.38674,1.38674,0,1.38684,1.38684,1.38684,1.38684,0
914000,1.38674,1.38674,1.38674,1.38674,0,1.38686,1.38686,1.38686,1.38686,0
916000,1.38676,1.38681,1.38676,1.38681,0,1.38690,1.38693,1.38690,1.38693,0
917000,1.38684,1.38684,1.38684,1.38684,0,1.38695,1.38695,1.38695,1.38695,0
926000,1.38682,1.38682,1.38682,1.38682,0,1.38693,1.38693,1.38693,1.38693,0
934000,1.38682,1.38682,1.38682,1.38682,0,1.38694,1.38694,1.38694,1.38694,0
943000,1.38682,1.38682,1.38682,1.38682,0,1.38693,1.38693,1.38693,1.38693,0
954000,1.38682,1.38682,1.38682,1.38682,0,1.38692,1.38692,1.38692,1.38692,0
964000,1.38682,1.38682,1.38682,1.38682,0,1.38693,1.38693,1.38693,1.38693,0
981000,1.38682,1.38682,1.38681,1.38681,0,1.38694,1.38695,1.38694,1.38695,0
985000,1.38684,1.38684,1.38684,1.38684,0,1.38697,1.38697,1.38697,1.38697,0
986000,1.38686,1.38686,1.38686,1.38686,0,1.38697,1.38698,1.38697,1.38698,0
990000,1.38683,1.38684,1.38683,1.38684,0,1.38695,1.38695,1.38695,1.38695,0
991000,1.38684,1.38684,1.38684,1.38684,0,1.38696,1.38696,1.38696,1.38696,0
1000000,1.38684,1.38684,1.38684,1.38684,0,1.38695,1.38695,1.38695,1.38695,0
1002000,1.38684,1.38684,1.38684,1.38684,0,1.38696,1.38696,1.38696,1.38696,0
1032000,1.38683,1.38683,1.38683,1.38683,0,1.38696,1.38696,1.38696,1.38696,0
1036000,1.38682,1.38682,1.38682,1.38682,0,1.38693,1.38693,1.38693,1.38693,0
1041000,1.38683,1.38683,1.38683,1.38683,0,1.38692,1.38692,1.38692,1.38692,0
1066000,1.38682,1.38682,1.38682,1.38682,0,1.38694,1.38694,1.38694,1.38694,0
1073000,1.38683,1.38683,1.38683,1.38683,0,1.38693,1.38693,1.38693,1.38693,0
1075000,1.38682,1.38682,1.38682,1.38682,0,1.38693,1.38693,1.38693,1.38693,0
1104000,1.38684,1.38684,1.38684,1.38684,0,1.38695,1.38695,1.38695,1.38695,0
1133000,1.38682,1.38682,1.38682,1.38682,0,1.38693,1.38693,1.38693,1.38693,0
1148000,1.38684,1.38684,1.38684,1.38684,0,1.38695,1.38695,1.38695,1.38695,0
1149000,1.38683,1.38683,1.38683,1.38683,0,1.38695,1.38695,1.38695,1.38695,0
1210000,1.38682,1.38682,1.38682,1.38682,0,1.38695,1.38695,1.38695,1.38695,0
1227000,1.38683,1.38683,1.38683,1.38683,0,1.38694,1.38694,1.38694,1.38694,0
1235000,1.38684,1.38684,1.38684,1.38684,0,1.38693,1.38693,1.38693,1.38693,0
1244000,1.38683,1.38683,1.38678,1.38678,0,1.38693,1.38693,1.38690,1.38690,0
1250000,1.38678,1.38678,1.38678,1.38678,0,1.38691,1.38691,1.38691,1.38691,0
1271000,1.38679,1.38679,1.38679,1.38679,0,1.38689,1.38689,1.38689,1.38689,0
1310000,1.38679,1.38679,1.38679,1.38679,0,1.38690,1.38690,1.38690,1.38690,0
1333000,1.38677,1.38677,1.38675,1.38676,0,1.38690,1.38690,1.38688,1.38690,0
1334000,1.38679,1.38679,1.38679,1.38679,0,1.38691,1.38691,1.38690,1.38690,0
1336000,1.38679,1.38679,1.38679,1.38679,0,1.38691,1.38691,1.38691,1.38691,0
1338000,1.38680,1.38680,1.38680,1.38680,0,1.38691,1.38691,1.38691,1.38691,0
1339000,1.38679,1.38679,1.38679,1.38679,0,1.38691,1.38691,1.38691,1.38691,0
1381000,1.38679,1.38679,1.38679,1.38679,0,1.38690,1.38690,1.38689,1.38689,0
1383000,1.38676,1.38676,1.38673,1.38673,0,1.38686,1.38687,1.38685,1.38685,0
1389000,1.38673,1.38674,1.38673,1.38674,0,1.38686,1.38686,1.38685,1.38685,0
1394000,1.38673,1.38677,1.38673,1.38677,0,1.38686,1.38690,1.38686,1.38689,0
1414000,1.38679,1.38679,1.38679,1.38679,0,1.38688,1.38688,1.38688,1.38688,0
1415000,1.38677,1.38677,1.38677,1.38677,0,1.38686,1.38686,1.38686,1.38686,0
1438000,1.38677,1.38677,1.38675,1.38675,0,1.38687,1.38687,1.38686,1.38686,0
1446000,1.38672,1.38672,1.38671,1.38671,0,1.38683,1.38684,1.38683,1.38684,0
1451000,1.38672,1.38672,1.38666,1.38667,0,1.38682,1.38682,1.38679,1.38679,0
1452000,1.38667,1.38667,1.38667,1.38667,0,1.38678,1.38678,1.38678,1.38678,0
1457000,1.38666,1.38666,1.38666,1.38666,0,1.38680,1.38680,1.38679,1.38679,0
1458000,1.38664,1.38668,1.38661,1.38668,0,1.38676,1.38679,1.38675,1.38679,0
1459000,1.38668,1.38668,1.38664,1.38664,0,1.38677,1.38678,1.38677,1.38678,0
1460000,1.38664,1.38664,1.38664,1.38664,0,1.38676,1.38676,1.38674,1.38674,0
1461000,1.38663,1.38663,1.38663,1.38663,0,1.38675,1.38675,1.38675,1.38675,0
1464000,1.38664,1.38664,1.38663,1.38663,0,1.38675,1.38675,1.38675,1.38675,0
1466000,1.38664,1.38664,1.38664,1.38664,0,1.38675,1.38675,1.38675,1.38675,0
1469000,1.38662,1.38662,1.38662,1.38662,0,1.38673,1.38673,1.38673,1.38673,0
1478000,1.38661,1.38661,1.38659,1.38659,0,1.38674,1.38674,1.38671,1.38671,0
1479000,1.38660,1.38660,1.38659,1.38659,0,1.38671,1.38671,1.38671,1.38671,0
1485000,1.38661,1.38661,1.38661,1.38661,0,1.38673,1.38673,1.38673,1.38673,0
1487000,1.38661,1.38661,1.38659,1.38659,0,1.38671,1.38671,1.38671,1.38671,0
1488000,1.38658,1.38658,1.38653,1.38654,0,1.38669,1.38670,1.38666,1.38666,0
1489000,1.38655,1.38658,1.38655,1.38658,0,1.38669,1.38672,1.38669,1.38669,0
1490000,1.38658,1.38658,1.38658,1.38658,0,1.38670,1.38670,1.38669,1.38669,0
1494000,1.38658,1.38658,1.38658,1.38658,0,1.38670,1.38670,1.38670,1.38670,0
1508000,1.38657,1.38657,1.38653,1.38654,0,1.38671,1.38671,1.38666,1.38667,0
1509000,1.38654,1.38654,1.38654,1.38654,0,1.38666,1.38666,1.38665,1.38665,0
1510000,1.38652,1.38652,1.38652,1.38652,0,1.38666,1.38666,1.38666,1.38666,0
1511000,1.38654,1.38654,1.38652,1.38653,0,1.38664,1.38666,1.38664,1.38666,0
1512000,1.38654,1.38654,1.38654,1.38654,0,1.38665,1.38665,1.38665,1.38665,0
1541000,1.38654,1.38657,1.38652,1.38652,0,1.38668,1.38670,1.38665,1.38665,0
1542000,1.38654,1.38654,1.38654,1.38654,0,1.38665,1.38665,1.38665,1.38665,0
1555000,1.38655,1.38657,1.38655,1.38656,0,1.38668,1.38668,1.38668,1.38668,0
1564000,1.38657,1.38657,1.38657,1.38657,0,1.38668,1.38668,1.38668,1.38668,0
1568000,1.38659,1.38659,1.38659,1.38659,0,1.38670,1.38670,1.38670,1.38670,0
1578000,1.38658,1.38658,1.38658,1.38658,0,1.38670,1.38670,1.38670,1.38670,0
1597000,1.38658,1.38659,1.38658,1.38659,0,1.38671,1.38671,1.38671,1.38671,0
1618000,1.38659,1.38659,1.38659,1.38659,0,1.38670,1.38670,1.38670,1.38670,0
1641000,1.38661,1.38661,1.38661,1.38661,0,1.38670,1.38670,1.38670,1.38670,0
1669000,1.38658,1.38658,1.38658,1.38658,0,1.38670,1.38670,1.38670,1.38670,0
1717000,1.38658,1.38658,1.38656,1.38656,0,1.38669,1.38670,1.38669,1.38670,0
1718000,1.38653,1.38653,1.38653,1.38653,0,1.38667,1.38667,1.38665,1.38665,0
1724000,1.38653,1.38653,1.38653,1.38653,0,1.38663,1.38663,1.38663,1.38663,0
1725000,1.38653,1.38653,1.38652,1.38652,0,1.38664,1.38665,1.38664,1.38665,0
1733000,1.38653,1.38653,1.38653,1.38653,0,1.38664,1.38664,1.38664,1.38664,0
1742000,1.38654,1.38654,1.38653,1.38653,0,1.38663,1.38663,1.38663,1.38663,0
1743000,1.38652,1.38652,1.38652,1.38652,0,1.38664,1.38664,1.38664,1.38664,0
1744000,1.38652,1.38652,1.38651,1.38652,0,1.38662,1.38664,1.38662,1.38664,0
1745000,1.38653,1.38653,1.38653,1.38653,0,1.38663,1.38663,1.38663,1.38663,0
1747000,1.38652,1.38652,1.38652,1.38652,0,1.38664,1.38664,1.38664,1.38664,0
1762000,1.38653,1.38653,1.38653,1.38653,0,1.38664,1.38664,1.38664,1.38664,0
1763000,1.38653,1.38653,1.38653,1.38653,0,1.38663,1.38663,1.38663,1.38663,0
1765000,1.38652,1.38652,1.38652,1.38652,0,1.38664,1.38664,1.38664,1.38664,0
1766000,1.38651,1.38651,1.38651,1.38651,0,1.38662,1.38662,1.38662,1.38662,0
1772000,1.38650,1.38651,1.38650,1.38651,0,1.38663,1.38664,1.38663,1.38663,0
1773000,1.38652,1.38652,1.38652,1.38652,0,1.38663,1.38663,1.38663,1.38663,0
1778000,1.38652,1.38652,1.38652,1.38652,0,1.38664,1.38664,1.38664,1.38664,0
1790000,1.38654,1.38654,1.38653,1.38653,0,1.38666,1.38666,1.38665,1.38665,0
1804000,1.38654,1.38654,1.38654,1.38654,0,1.38665,1.38665,1.38665,1.38665,0
1805000,1.38653,1.38653,1.38653,1.38653,0,1.38665,1.38665,1.38665,1.38665,0
1840000,1.38654,1.38654,1.38654,1.38654,0,1.38665,1.38665,1.38665,1.38665,0
1859000,1.38654,1.38654,1.38654,1.38654,0,1.38666,1.38666,1.38666,1.38666,0
1860000,1.38655,1.38660,1.38655,1.38660,0,1.38669,1.38673,1.38669,1.38673,0
1875000,1.38662,1.38662,1.38662,1.38662,0,1.38673,1.38673,1.38673,1.38673,0
1877000,1.38662,1.38662,1.38662,1.38662,0,1.38675,1.38675,1.38675,1.38675,0
1910000,1.38663,1.38663,1.38662,1.38662,0,1.38673,1.38674,1.38673,1.38674,0
1919000,1.38661,1.38661,1.38661,1.38661,0,1.38674,1.38674,1.38674,1.38674,0
1924000,1.38661,1.38661,1.38661,1.38661,0,1.38673,1.38673,1.38673,1.38673,0
1925000,1.38662,1.38662,1.38662,1.38662,0,1.38673,1.38673,1.38673,1.38673,0
1926000,1.38661,1.38661,1.38661,1.38661,0,1.38673,1.38673,1.38673,1.38673,0
1954000,1.38662,1.38662,1.38661,1.38661,0,1.38673,1.38674,1.38673,1.38674,0
1955000,1.38662,1.38662,1.38662,1.38662,0,1.38673,1.38673,1.38673,1.38673,0
1967000,1.38661,1.38661,1.38661,1.38661,0,1.38674,1.38674,1.38674,1.38674,0
2014000,1.38661,1.38661,1.38661,1.38661,0,1.38672,1.38672,1.38672,1.38672,0
2048000,1.38661,1.38661,1.38661,1.38661,0,1.38673,1.38673,1.38673,1.38673,0
2083000,1.38661,1.38661,1.38661,1.38661,0,1.38674,1.38674,1.38674,1.38674,0
2084000,1.38661,1.38661,1.38661,1.38661,0,1.38672,1.38672,1.38672,1.38672,0
2151000,1.38661,1.38662,1.38661,1.38662,0,1.38674,1.38674,1.38674,1.38674,0
2167000,1.38661,1.38661,1.38661,1.38661,0,1.38674,1.38674,1.38674,1.38674,0
2171000,1.38662,1.38662,1.38661,1.38661,0,1.38673,1.38675,1.38673,1.38675,0
2173000,1.38662,1.38662,1.38662,1.38662,0,1.38675,1.38675,1.38675,1.38675,0
2183000,1.38661,1.38664,1.38661,1.38664,0,1.38676,1.38676,1.38675,1.38675,0
2188000,1.38665,1.38665,1.38665,1.38665,0,1.38674,1.38674,1.38674,1.38674,0
2190000,1.38664,1.38664,1.38664,1.38664,0,1.38675,1.38675,1.38675,1.38675,0
2220000,1.38664,1.38667,1.38664,1.38667,0,1.38676,1.38678,1.38676,1.38677,0
2230000,1.38665,1.38665,1.38664,1.38664,0,1.38677,1.38678,1.38677,1.38678,0
2234000,1.38666,1.38666,1.38666,1.38666,0,1.38676,1.38676,1.38676,1.38676,0
2243000,1.38664,1.38664,1.38664,1.38664,0,1.38676,1.38676,1.38676,1.38676,0
2246000,1.38664,1.38664,1.38664,1.38664,0,1.38677,1.38677,1.38676,1.38676,0
2252000,1.38664,1.38664,1.38664,1.38664,0,1.38675,1.38675,1.38675,1.38675,0
2263000,1.38663,1.38667,1.38662,1.38663,0,1.38675,1.38680,1.38675,1.38676,0
2264000,1.38665,1.38665,1.38665,1.38665,0,1.38674,1.38674,1.38674,1.38674,0
2270000,1.38663,1.38663,1.38663,1.38663,0,1.38677,1.38677,1.38677,1.38677,0
2275000,1.38665,1.38665,1.38665,1.38665,0,1.38674,1.38674,1.38674,1.38674,0
2422000,1.38664,1.38671,1.38664,1.38671,0,1.38675,1.38683,1.38675,1.38682,0
2521000,1.38671,1.38671,1.38671,1.38671,0,1.38683,1.38683,1.38683,1.38683,0
2522000,1.38672,1.38672,1.38671,1.38671,0,1.38682,1.38683,1.38682,1.38683,0
2585000,1.38673,1.38673,1.38673,1.38673,0,1.38683,1.38683,1.38683,1.38683,0
2630000,1.38672,1.38672,1.38672,1.38672,0,1.38684,1.38684,1.38684,1.38684,0
2632000,1.38672,1.38672,1.38672,1.38672,0,1.38683,1.38683,1.38683,1.38683,0
2633000,1.38670,1.38670,1.38670,1.38670,0,1.38681,1.38681,1.38681,1.38681,0
2637000,1.38671,1.38671,1.38671,1.38671,0,1.38681,1.38681,1.38681,1.38681,0
2639000,1.38670,1.38670,1.38669,1.38669,0,1.38682,1.38682,1.38682,1.38682,0
2640000,1.38672,1.38672,1.38670,1.38670,0,1.38683,1.38683,1.38683,1.38683,0
2641000,1.38672,1.38672,1.38672,1.38672,0,1.38682,1.38682,1.38682,1.38682,0
2642000,1.38670,1.38671,1.38669,1.38669,0,1.38682,1.38682,1.38681,1.38682,0
2646000,1.38671,1.38671,1.38669,1.38669,0,1.38682,1.38682,1.38680,1.38680,0
2647000,1.38668,1.38669,1.38668,1.38669,0,1.38680,1.38681,1.38680,1.38681,0
2655000,1.38669,1.38670,1.38669,1.38670,0,1.38684,1.38684,1.38683,1.38683,0
2671000,1.38672,1.38674,1.38672,1.38673,0,1.38687,1.38688,1.38685,1.38685,0
2686000,1.38672,1.38672,1.38670,1.38670,0,1.38682,1.38682,1.38681,1.38681,0
2688000,1.38671,1.38671,1.38671,1.38671,0,1.38680,1.38680,1.38680,1.38680,0
2692000,1.38670,1.38674,1.38670,1.38674,0,1.38683,1.38687,1.38683,1.38686,0
2697000,1.38672,1.38672,1.38672,1.38672,0,1.38684,1.38684,1.38684,1.38684,0
2707000,1.38673,1.38673,1.38673,1.38673,0,1.38684,1.38684,1.38684,1.38684,0
2714000,1.38672,1.38672,1.38672,1.38672,0,1.38684,1.38684,1.38684,1.38684,0
2715000,1.38673,1.38673,1.38673,1.38673,0,1.38684,1.38684,1.38684,1.38684,0
2718000,1.38673,1.38673,1.38673,1.38673,0,1.38686,1.38686,1.38686,1.38686,0
2721000,1.38674,1.38674,1.38674,1.38674,0,1.38683,1.38683,1.38683,1.38683,0
2723000,1.38672,1.38672,1.38672,1.38672,0,1.38683,1.38683,1.38683,1.38683,0
2724000,1.38673,1.38673,1.38673,1.38673,0,1.38683,1.38683,1.38683,1.38683,0
2728000,1.38671,1.38671,1.38671,1.38671,0,1.38683,1.38683,1.38683,1.38683,0
2736000,1.38671,1.38671,1.38671,1.38671,0,1.38682,1.38682,1.38682,1.38682,0
2744000,1.38669,1.38669,1.38669,1.38669,0,1.38681,1.38681,1.38681,1.38681,0
2762000,1.38670,1.38670,1.38670,1.38670,0,1.38685,1.38685,1.38685,1.38685,0
2771000,1.38672,1.38672,1.38671,1.38672,0,1.38683,1.38684,1.38683,1.38683,0
2779000,1.38672,1.38674,1.38672,1.38674,0,1.38684,1.38687,1.38684,1.38686,0
2780000,1.38675,1.38675,1.38675,1.38675,0,1.38685,1.38685,1.38685,1.38685,0
2783000,1.38674,1.38674,1.38669,1.38671,0,1.38686,1.38686,1.38683,1.38683,0
2785000,1.38672,1.38672,1.38671,1.38671,0,1.38682,1.38684,1.38682,1.38684,0
2789000,1.38673,1.38673,1.38673,1.38673,0,1.38684,1.38684,1.38684,1.38684,0
2790000,1.38674,1.38674,1.38671,1.38671,0,1.38683,1.38685,1.38683,1.38685,0
2795000,1.38673,1.38673,1.38673,1.38673,0,1.38684,1.38684,1.38684,1.38684,0
2800000,1.38674,1.38674,1.38674,1.38674,0,1.38683,1.38683,1.38683,1.38683,0
2810000,1.38675,1.38677,1.38675,1.38676,0,1.38686,1.38690,1.38685,1.38689,0
2811000,1.38675,1.38679,1.38675,1.38679,0,1.38689,1.38691,1.38689,1.38690,0
2813000,1.38680,1.38680,1.38680,1.38680,0,1.38689,1.38689,1.38689,1.38689,0
2815000,1.38679,1.38679,1.38679,1.38679,0,1.38690,1.38690,1.38690,1.38690,0
2821000,1.38678,1.38678,1.38678,1.38678,0,1.38690,1.38690,1.38690,1.38690,0
2823000,1.38675,1.38675,1.38675,1.38675,0,1.38687,1.38687,1.38687,1.38687,0
2824000,1.38676,1.38678,1.38676,1.38678,0,1.38687,1.38689,1.38687,1.38689,0
2825000,1.38679,1.38679,1.38679,1.38679,0,1.38689,1.38689,1.38689,1.38689,0
2827000,1.38678,1.38679,1.38678,1.38679,0,1.38690,1.38690,1.38690,1.38690,0
2837000,1.38678,1.38678,1.38678,1.38678,0,1.38691,1.38691,1.38691,1.38691,0
2846000,1.38679,1.38679,1.38679,1.38679,0,1.38690,1.38690,1.38690,1.38690,0
2857000,1.38679,1.38679,1.38679,1.38679,0,1.38689,1.38689,1.38689,1.38689,0
2875000,1.38678,1.38678,1.38678,1.38678,0,1.38691,1.38691,1.38691,1.38691,0
2877000,1.38679,1.38679,1.38679,1.38679,0,1.38691,1.38691,1.38691,1.38691,0
2878000,1.38680,1.38680,1.38679,1.38679,0,1.38690,1.38691,1.38690,1.38691,0
2879000,1.38681,1.38681,1.38681,1.38681,0,1.38693,1.38693,1.38693,1.38693,0
2909000,1.38681,1.38681,1.38681,1.38681,0,1.38694,1.38694,1.38694,1.38694,0
2923000,1.38681,1.38681,1.38681,1.38681,0,1.38693,1.38693,1.38693,1.38693,0
2948000,1.38681,1.38681,1.38681,1.38681,0,1.38691,1.38691,1.38691,1.38691,0
2950000,1.38680,1.38681,1.38680,1.38681,0,1.38692,1.38692,1.38692,1.38692,0
2956000,1.38679,1.38681,1.38679,1.38681,0,1.38692,1.38693,1.38692,1.38693,0
2957000,1.38682,1.38682,1.38682,1.38682,0,1.38692,1.38692,1.38692,1.38692,0
2986000,1.38680,1.38680,1.38680,1.38680,0,1.38691,1.38691,1.38691,1.38691,0
3021000,1.38682,1.38691,1.38682,1.38691,0,1.38694,1.38700,1.38694,1.38700,0
3036000,1.38691,1.38691,1.38691,1.38691,0,1.38702,1.38702,1.38702,1.38702,0
3065000,1.38692,1.38692,1.38692,1.38692,0,1.38701,1.38703,1.38701,1.38703,0
3066000,1.38692,1.38692,1.38691,1.38691,0,1.38704,1.38704,1.38702,1.38702,0
3099000,1.38689,1.38689,1.38689,1.38689,0,1.38701,1.38701,1.38701,1.38701,0
3118000,1.38690,1.38690,1.38690,1.38690,0,1.38701,1.38701,1.38701,1.38701,0
3131000,1.38689,1.38689,1.38689,1.38689,0,1.38702,1.38702,1.38702,1.38702,0
3138000,1.38690,1.38692,1.38690,1.38692,0,1.38701,1.38703,1.38701,1.38703,0
3151000,1.38690,1.38690,1.38690,1.38690,0,1.38703,1.38703,1.38703,1.38703,0
3157000,1.38691,1.38691,1.38691,1.38691,0,1.38702,1.38702,1.38702,1.38702,0
3161000,1.38690,1.38690,1.38690,1.38690,0,1.38703,1.38703,1.38703,1.38703,0
3176000,1.38690,1.38690,1.38690,1.38690,0,1.38702,1.38702,1.38702,1.38702,0
3179000,1.38691,1.38691,1.38691,1.38691,0,1.38700,1.38700,1.38700,1.38700,0
3186000,1.38691,1.38691,1.38691,1.38691,0,1.38701,1.38701,1.38701,1.38701,0
3196000,1.38691,1.38691,1.38691,1.38691,0,1.38700,1.38700,1.38700,1.38700,0
3199000,1.38689,1.38689,1.38689,1.38689,0,1.38702,1.38702,1.38702,1.38702,0
3209000,1.38690,1.38690,1.38687,1.38687,0,1.38699,1.38702,1.38699,1.38699,0
3228000,1.38689,1.38689,1.38689,1.38689,0,1.38699,1.38699,1.38699,1.38699,0
3236000,1.38688,1.38688,1.38688,1.38688,0,1.38699,1.38699,1.38699,1.38699,0
3253000,1.38687,1.38687,1.38687,1.38687,0,1.38697,1.38697,1.38697,1.38697,0
3274000,1.38687,1.38689,1.38687,1.38688,0,1.38698,1.38701,1.38698,1.38701,0
3275000,1.38689,1.38689,1.38689,1.38689,0,1.38700,1.38700,1.38700,1.38700,0
3285000,1.38686,1.38686,1.38682,1.38682,0,1.38697,1.38697,1.38695,1.38695,0
3286000,1.38682,1.38682,1.38682,1.38682,0,1.38693,1.38693,1.38693,1.38693,0
3292000,1.38678,1.38678,1.38678,1.38678,0,1.38692,1.38692,1.38692,1.38692,0
3293000,1.38679,1.38680,1.38679,1.38680,0,1.38691,1.38691,1.38690,1.38691,0
3294000,1.38682,1.38682,1.38682,1.38682,0,1.38691,1.38691,1.38691,1.38691,0
3297000,1.38680,1.38682,1.38680,1.38682,0,1.38692,1.38692,1.38691,1.38691,0
3298000,1.38680,1.38680,1.38680,1.38680,0,1.38691,1.38691,1.38691,1.38691,0
3299000,1.38682,1.38682,1.38674,1.38674,0,1.38690,1.38693,1.38687,1.38687,0
3300000,1.38672,1.38672,1.38655,1.38664,0,1.38685,1.38691,1.38682,1.38687,0
3301000,1.38666,1.38679,1.38666,1.38679,0,1.38687,1.38692,1.38687,1.38691,0
3302000,1.38676,1.38676,1.38673,1.38673,0,1.38688,1.38688,1.38685,1.38685,0
3303000,1.38672,1.38673,1.38672,1.38673,0,1.38685,1.38685,1.38685,1.38685,0
3304000,1.38671,1.38671,1.38671,1.38671,0,1.38684,1.38684,1.38684,1.38684,0
3307000,1.38670,1.38670,1.38669,1.38669,0,1.38684,1.38684,1.38682,1.38682,0
3309000,1.38670,1.38671,1.38669,1.38671,0,1.38682,1.38684,1.38682,1.38683,0
3314000,1.38669,1.38669,1.38669,1.38669,0,1.38683,1.38683,1.38682,1.38682,0
3315000,1.38671,1.38671,1.38670,1.38670,0,1.38680,1.38681,1.38680,1.38681,0
3316000,1.38669,1.38670,1.38669,1.38670,0,1.38682,1.38684,1.38682,1.38684,0
3319000,1.38670,1.38670,1.38670,1.38670,0,1.38682,1.38682,1.38682,1.38682,0
3321000,1.38669,1.38669,1.38669,1.38669,0,1.38682,1.38682,1.38682,1.38682,0
3360000,1.38671,1.38672,1.38671,1.38672,0,1.38684,1.38684,1.38683,1.38683,0
3382000,1.38672,1.38672,1.38672,1.38672,0,1.38684,1.38684,1.38684,1.38684,0
3397000,1.38673,1.38673,1.38672,1.38672,0,1.38684,1.38685,1.38684,1.38685,0
3419000,1.38671,1.38671,1.38671,1.38671,0,1.38683,1.38683,1.38683,1.38683,0
3420000,1.38672,1.38672,1.38672,1.38672,0,1.38681,1.38681,1.38681,1.38681,0
3428000,1.38671,1.38671,1.38671,1.38671,0,1.38683,1.38686,1.38683,1.38686,0
3435000,1.38673,1.38673,1.38673,1.38673,0,1.38686,1.38686,1.38686,1.38686,0
3477000,1.38673,1.38673,1.38673,1.38673,0,1.38685,1.38685,1.38685,1.38685,0
3487000,1.38674,1.38674,1.38674,1.38674,0,1.38685,1.38685,1.38685,1.38685,0
3499000,1.38672,1.38672,1.38672,1.38672,0,1.38685,1.38685,1.38685,1.38685,0
3503000,1.38674,1.38681,1.38674,1.38681,0,1.38687,1.38695,1.38687,1.38694,0
3504000,1.38680,1.38680,1.38680,1.38680,0,1.38694,1.38694,1.38694,1.38694,0
3511000,1.38683,1.38683,1.38682,1.38683,0,1.38696,1.38696,1.38694,1.38694,0
3514000,1.38682,1.38682,1.38682,1.38682,0,1.38695,1.38695,1.38695,1.38695,0
3533000,1.38683,1.38687,1.38683,1.38687,0,1.38697,1.38701,1.38697,1.38701,0
3534000,1.38689,1.38690,1.38689,1.38690,0,1.38702,1.38702,1.38702,1.38702,0
3555000,1.38689,1.38689,1.38689,1.38689,0,1.38702,1.38702,1.38702,1.38702,0
3557000,1.38690,1.38690,1.38690,1.38690,0,1.38702,1.38702,1.38702,1.38702,0
3559000,1.38689,1.38690,1.38689,1.38690,0,1.38703,1.38703,1.38701,1.38701,0
3569000,1.38691,1.38691,1.38691,1.38691,0,1.38701,1.38701,1.38701,1.38701,0
3570000,1.38690,1.38690,1.38690,1.38690,0,1.38702,1.38702,1.38702,1.38702,0
3575000,1.38691,1.38691,1.38689,1.38689,0,1.38702,1.38703,1.38702,1.38703,0
3577000,1.38689,1.38689,1.38679,1.38681,0,1.38702,1.38702,1.38697,1.38697,0
3578000,1.38682,1.38684,1.38682,1.38684,0,1.38696,1.38696,1.38695,1.38695,0
3585000,1.38684,1.38684,1.38684,1.38684,0,1.38697,1.38697,1.38697,1.38697,0
3586000,1.38685,1.38685,1.38685,1.38685,0,1.38696,1.38696,1.38696,1.38696,0
3594000,1.38687,1.38687,1.38687,1.38687,0,1.38698,1.38698,1.38698,1.38698,0
3595000,1.38686,1.38689,1.38686,1.38689,0,1.38700,1.38700,1.38698,1.38698,0
3600000,1.38688,1.38689,1.38688,1.38688,0,1.38699,1.38699,1.38698,1.38698,0
3601000,1.38689,1.38689,1.38688,1.38689,0,1.38698,1.38699,1.38698,1.38699,0
3603000,1.38688,1.38688,1.38684,1.38684,0,1.38699,1.38701,1.38697,1.38697,0
3611000,1.38684,1.38685,1.38684,1.38685,0,1.38696,1.38698,1.38696,1.38697,0
3619000,1.38682,1.38682,1.38682,1.38682,0,1.38694,1.38694,1.38694,1.38694,0
3624000,1.38683,1.38683,1.38683,1.38683,0,1.38694,1.38694,1.38694,1.38694,0
3630000,1.38682,1.38682,1.38682,1.38682,0,1.38694,1.38694,1.38694,1.38694,0
3638000,1.38680,1.38680,1.38680,1.38680,0,1.38692,1.38692,1.38692,1.38692,0
3644000,1.38681,1.38681,1.38681,1.38681,0,1.38691,1.38691,1.38691,1.38691,0
3646000,1.38680,1.38680,1.38680,1.38680,0,1.38692,1.38692,1.38692,1.38692,0
3661000,1.38681,1.38681,1.38681,1.38681,0,1.38691,1.38691,1.38691,1.38691,0
3662000,1.38680,1.38680,1.38680,1.38680,0,1.38691,1.38691,1.38691,1.38691,0
3682000,1.38679,1.38679,1.38679,1.38679,0,1.38692,1.38692,1.38692,1.38692,0
3684000,1.38680,1.38680,1.38680,1.38680,0,1.38692,1.38692,1.38692,1.38692,0
3685000,1.38683,1.38683,1.38683,1.38683,0,1.38694,1.38694,1.38694,1.38694,0
3698000,1.38680,1.38680,1.38676,1.38677,0,1.38691,1.38691,1.38689,1.38691,0
3699000,1.38680,1.38681,1.38680,1.38681,0,1.38692,1.38692,1.38691,1.38691,0
3710000,1.38680,1.38680,1.38680,1.38680,0,1.38691,1.38691,1.38690,1.38690,0
3714000,1.38681,1.38681,1.38681,1.38681,0,1.38690,1.38690,1.38690,1.38690,0
3718000,1.38680,1.38680,1.38680,1.38680,0,1.38691,1.38691,1.38691,1.38691,0
3720000,1.38681,1.38681,1.38681,1.38681,0,1.38690,1.38690,1.38690,1.38690,0
3722000,1.38680,1.38680,1.38680,1.38680,0,1.38691,1.38691,1.38691,1.38691,0
3729000,1.38679,1.38679,1.38679,1.38679,0,1.38691,1.38691,1.38691,1.38691,0
3733000,1.38680,1.38680,1.38680,1.38680,0,1.38691,1.38691,1.38691,1.38691,0
3741000,1.38679,1.38679,1.38679,1.38679,0,1.38691,1.38691,1.38691,1.38691,0
3742000,1.38680,1.38680,1.38680,1.38680,0,1.38691,1.38691,1.38691,1.38691,0
3757000,1.38680,1.38680,1.38680,1.38680,0,1.38690,1.38690,1.38690,1.38690,0
3758000,1.38679,1.38679,1.38679,1.38679,0,1.38693,1.38693,1.38693,1.38693,0
3760000,1.38680,1.38680,1.38680,1.38680,0,1.38691,1.38691,1.38691,1.38691,0
3774000,1.38681,1.38681,1.38681,1.38681,0,1.38691,1.38691,1.38691,1.38691,0
3789000,1.38680,1.38680,1.38680,1.38680,0,1.38691,1.38691,1.38691,1.38691,0
3836000,1.38679,1.38679,1.38679,1.38679,0,1.38691,1.38691,1.38691,1.38691,0
3978000,1.38680,1.38680,1.38680,1.38680,0,1.38691,1.38691,1.38691,1.38691,0
4013000,1.38682,1.38682,1.38682,1.38682,0,1.38692,1.38692,1.38692,1.38692,0
4014000,1.38681,1.38681,1.38681,1.38681,0,1.38693,1.38693,1.38693,1.38693,0
4036000,1.38680,1.38680,1.38680,1.38680,0,1.38694,1.38694,1.38694,1.38694,0
4037000,1.38680,1.38680,1.38680,1.38680,0,1.38693,1.38693,1.38693,1.38693,0
4038000,1.38682,1.38682,1.38682,1.38682,0,1.38692,1.38692,1.38692,1.38692,0
4052000,1.38679,1.38679,1.38679,1.38679,0,1.38693,1.38693,1.38693,1.38693,0
4055000,1.38681,1.38681,1.38680,1.38680,0,1.38691,1.38693,1.38691,1.38693,0
4107000,1.38679,1.38679,1.38679,1.38679,0,1.38694,1.38694,1.38694,1.38694,0
4123000,1.38680,1.38680,1.38680,1.38680,0,1.38694,1.38694,1.38694,1.38694,0
4188000,1.38678,1.38678,1.38678,1.38678,0,1.38692,1.38692,1.38692,1.38692,0
4192000,1.38680,1.38680,1.38680,1.38680,0,1.38694,1.38694,1.38694,1.38694,0
4224000,1.38678,1.38678,1.38678,1.38678,0,1.38693,1.38693,1.38693,1.38693,0
4238000,1.38679,1.38679,1.38679,1.38679,0,1.38693,1.38693,1.38693,1.38693,0
4253000,1.38678,1.38678,1.38678,1.38678,0,1.38693,1.38693,1.38693,1.38693,0
4283000,1.38679,1.38679,1.38679,1.38679,0,1.38693,1.38693,1.38693,1.38693,0
4301000,1.38681,1.38681,1.38681,1.38681,0,1.38695,1.38695,1.38695,1.38695,0
4302000,1.38684,1.38684,1.38683,1.38683,0,1.38698,1.38698,1.38698,1.38698,0
4303000,1.38683,1.38683,1.38683,1.38683,0,1.38697,1.38697,1.38697,1.38697,0
4316000,1.38686,1.38688,1.38686,1.38688,0,1.38700,1.38702,1.38700,1.38702,0
4317000,1.38690,1.38690,1.38690,1.38690,0,1.38703,1.38703,1.38703,1.38703,0
4318000,1.38689,1.38689,1.38689,1.38689,0,1.38704,1.38704,1.38704,1.38704,0
4319000,1.38689,1.38689,1.38689,1.38689,0,1.38703,1.38703,1.38703,1.38703,0
4323000,1.38686,1.38686,1.38685,1.38685,0,1.38700,1.38700,1.38700,1.38700,0
4324000,1.38687,1.38687,1.38687,1.38687,0,1.38701,1.38701,1.38701,1.38701,0
4335000,1.38689,1.38691,1.38689,1.38691,0,1.38702,1.38704,1.38702,1.38704,0
4336000,1.38693,1.38693,1.38693,1.38693,0,1.38704,1.38704,1.38704,1.38704,0
4342000,1.38691,1.38691,1.38691,1.38691,0,1.38705,1.38706,1.38705,1.38706,0
4351000,1.38691,1.38691,1.38691,1.38691,0,1.38704,1.38704,1.38704,1.38704,0
4356000,1.38690,1.38691,1.38690,1.38691,0,1.38705,1.38705,1.38705,1.38705,0
4360000,1.38690,1.38690,1.38690,1.38690,0,1.38706,1.38706,1.38706,1.38706,0
4365000,1.38689,1.38689,1.38689,1.38689,0,1.38706,1.38706,1.38706,1.38706,0
4380000,1.38692,1.38692,1.38691,1.38691,0,1.38705,1.38706,1.38705,1.38706,0
4405000,1.38692,1.38692,1.38691,1.38691,0,1.38704,1.38705,1.38704,1.38705,0
4435000,1.38693,1.38693,1.38693,1.38693,0,1.38705,1.38705,1.38705,1.38705,0
4441000,1.38692,1.38692,1.38692,1.38692,0,1.38705,1.38705,1.38705,1.38705,0
4463000,1.38691,1.38691,1.38691,1.38691,0,1.38707,1.38707,1.38707,1.38707,0
4478000,1.38693,1.38693,1.38693,1.38693,0,1.38707,1.38707,1.38707,1.38707,0
4480000,1.38694,1.38694,1.38694,1.38694,0,1.38707,1.38707,1.38707,1.38707,0
4483000,1.38694,1.38694,1.38694,1.38694,0,1.38708,1.38708,1.38708,1.38708,0
4491000,1.38696,1.38696,1.38695,1.38695,0,1.38708,1.38709,1.38708,1.38709,0
4492000,1.38696,1.38698,1.38696,1.38697,0,1.38709,1.38714,1.38709,1.38714,0
4493000,1.38700,1.38701,1.38700,1.38701,0,1.38717,1.38717,1.38716,1.38716,0
4497000,1.38703,1.38703,1.38702,1.38702,0,1.38718,1.38718,1.38716,1.38716,0
4514000,1.38702,1.38702,1.38702,1.38702,0,1.38717,1.38717,1.38717,1.38717,0
4518000,1.38703,1.38703,1.38703,1.38703,0,1.38717,1.38717,1.38717,1.38717,0
4532000,1.38704,1.38704,1.38704,1.38704,0,1.38717,1.38717,1.38717,1.38717,0
4534000,1.38703,1.38703,1.38703,1.38703,0,1.38717,1.38717,1.38717,1.38717,0
4546000,1.38702,1.38702,1.38702,1.38702,0,1.38718,1.38718,1.38717,1.38717,0
4548000,1.38702,1.38702,1.38702,1.38702,0,1.38716,1.38716,1.38716,1.38716,0
4567000,1.38703,1.38703,1.38702,1.38702,0,1.38715,1.38715,1.38713,1.38713,0
4570000,1.38701,1.38701,1.38701,1.38701,0,1.38714,1.38714,1.38714,1.38714,0
4571000,1.38703,1.38705,1.38703,1.38705,0,1.38717,1.38718,1.38717,1.38717,0
4575000,1.38705,1.38705,1.38705,1.38705,0,1.38718,1.38718,1.38718,1.38718,0
4577000,1.38706,1.38706,1.38706,1.38706,0,1.38718,1.38718,1.38718,1.38718,0
4578000,1.38705,1.38710,1.38705,1.38710,0,1.38718,1.38725,1.38718,1.38725,0
4580000,1.38711,1.38711,1.38711,1.38711,0,1.38725,1.38725,1.38725,1.38725,0
4583000,1.38711,1.38711,1.38711,1.38711,0,1.38724,1.38725,1.38724,1.38725,0
4584000,1.38714,1.38715,1.38713,1.38715,0,1.38728,1.38728,1.38726,1.38728,0
4585000,1.38715,1.38715,1.38715,1.38715,0,1.38727,1.38727,1.38727,1.38727,0
4593000,1.38715,1.38715,1.38714,1.38714,0,1.38726,1.38727,1.38726,1.38727,0
4596000,1.38711,1.38715,1.38711,1.38715,0,1.38726,1.38728,1.38726,1.38727,0
4603000,1.38715,1.38715,1.38715,1.38715,0,1.38728,1.38728,1.38728,1.38728,0
4619000,1.38713,1.38713,1.38713,1.38713,0,1.38726,1.38726,1.38726,1.38726,0
4620000,1.38714,1.38714,1.38712,1.38712,0,1.38726,1.38726,1.38726,1.38726,0
4637000,1.38713,1.38713,1.38712,1.38712,0,1.38725,1.38726,1.38725,1.38726,0
4657000,1.38708,1.38708,1.38708,1.38708,0,1.38723,1.38723,1.38722,1.38722,0
4663000,1.38708,1.38708,1.38708,1.38708,0,1.38720,1.38720,1.38720,1.38720,0
4666000,1.38708,1.38708,1.38707,1.38707,0,1.38722,1.38722,1.38722,1.38722,0
4672000,1.38709,1.38709,1.38709,1.38709,0,1.38724,1.38724,1.38724,1.38724,0
4679000,1.38710,1.38710,1.38710,1.38710,0,1.38722,1.38722,1.38722,1.38722,0
4681000,1.38709,1.38709,1.38709,1.38709,0,1.38723,1.38723,1.38723,1.38723,0
4695000,1.38710,1.38710,1.38708,1.38708,0,1.38722,1.38724,1.38722,1.38724,0
4701000,1.38711,1.38711,1.38711,1.38711,0,1.38726,1.38726,1.38726,1.38726,0
4702000,1.38712,1.38712,1.38712,1.38712,0,1.38724,1.38724,1.38724,1.38724,0
4704000,1.38711,1.38711,1.38711,1.38711,0,1.38725,1.38725,1.38725,1.38725,0
4707000,1.38712,1.38712,1.38712,1.38712,0,1.38724,1.38724,1.38724,1.38724,0
4708000,1.38711,1.38712,1.38711,1.38712,0,1.38725,1.38725,1.38724,1.38724,0
4714000,1.38711,1.38711,1.38711,1.38711,0,1.38725,1.38725,1.38725,1.38725,0
4715000,1.38712,1.38712,1.38712,1.38712,0,1.38724,1.38724,1.38724,1.38724,0
4716000,1.38711,1.38711,1.38711,1.38711,0,1.38725,1.38725,1.38725,1.38725,0
4729000,1.38709,1.38709,1.38704,1.38704,0,1.38723,1.38723,1.38719,1.38719,0
4731000,1.38705,1.38708,1.38704,1.38707,0,1.38718,1.38723,1.38718,1.38722,0
4732000,1.38707,1.38710,1.38706,1.38710,0,1.38720,1.38723,1.38720,1.38723,0
4734000,1.38709,1.38710,1.38709,1.38710,0,1.38724,1.38724,1.38723,1.38723,0
4777000,1.38710,1.38710,1.38710,1.38710,0,1.38722,1.38722,1.38722,1.38722,0
4787000,1.38709,1.38709,1.38709,1.38709,0,1.38723,1.38723,1.38723,1.38723,0
4793000,1.38710,1.38710,1.38710,1.38710,0,1.38722,1.38722,1.38722,1.38722,0
4794000,1.38709,1.38709,1.38709,1.38709,0,1.38723,1.38723,1.38723,1.38723,0
4798000,1.38710,1.38710,1.38710,1.38710,0,1.38722,1.38723,1.38722,1.38723,0
4803000,1.38708,1.38710,1.38708,1.38710,0,1.38723,1.38725,1.38723,1.38724,0
4813000,1.38706,1.38706,1.38705,1.38705,0,1.38720,1.38721,1.38719,1.38719,0
4815000,1.38705,1.38708,1.38705,1.38707,0,1.38720,1.38722,1.38720,1.38722,0
4816000,1.38708,1.38708,1.38708,1.38708,0,1.38721,1.38721,1.38721,1.38721,0
4826000,1.38707,1.38707,1.38706,1.38706,0,1.38721,1.38721,1.38719,1.38719,0
4827000,1.38704,1.38704,1.38702,1.38703,0,1.38720,1.38720,1.38716,1.38717,0
4830000,1.38704,1.38704,1.38704,1.38704,0,1.38717,1.38717,1.38717,1.38717,0
4831000,1.38704,1.38704,1.38704,1.38704,0,1.38715,1.38715,1.38715,1.38715,0
4838000,1.38703,1.38703,1.38703,1.38703,0,1.38716,1.38716,1.38716,1.38716,0
4840000,1.38704,1.38704,1.38704,1.38704,0,1.38715,1.38715,1.38715,1.38715,0
4849000,1.38704,1.38704,1.38704,1.38704,0,1.38717,1.38717,1.38717,1.38717,0
4852000,1.38704,1.38704,1.38704,1.38704,0,1.38715,1.38715,1.38715,1.38715,0
4854000,1.38704,1.38704,1.38704,1.38704,0,1.38717,1.38717,1.38717,1.38717,0
4861000,1.38705,1.38705,1.38703,1.38703,0,1.38716,1.38716,1.38716,1.38716,0
4867000,1.38701,1.38701,1.38701,1.38701,0,1.38715,1.38715,1.38715,1.38715,0
4876000,1.38702,1.38702,1.38701,1.38701,0,1.38714,1.38715,1.38714,1.38715,0
4879000,1.38702,1.38702,1.38702,1.38702,0,1.38717,1.38717,1.38717,1.38717,0
4889000,1.38702,1.38702,1.38702,1.38702,0,1.38715,1.38715,1.38715,1.38715,0
4890000,1.38704,1.38704,1.38704,1.38704,0,1.38717,1.38717,1.38717,1.38717,0
4891000,1.38704,1.38710,1.38704,1.38710,0,1.38718,1.38722,1.38718,1.38722,0
4893000,1.38709,1.38709,1.38709,1.38709,0,1.38723,1.38723,1.38723,1.38723,0
4895000,1.38709,1.38709,1.38709,1.38709,0,1.38721,1.38721,1.38721,1.38721,0
4903000,1.38708,1.38708,1.38708,1.38708,0,1.38722,1.38722,1.38722,1.38722,0
4918000,1.38711,1.38711,1.38711,1.38711,0,1.38724,1.38724,1.38724,1.38724,0
4925000,1.38713,1.38714,1.38713,1.38714,0,1.38727,1.38727,1.38726,1.38726,0
4967000,1.38712,1.38712,1.38712,1.38712,0,1.38726,1.38726,1.38726,1.38726,0
5024000,1.38711,1.38711,1.38711,1.38711,0,1.38724,1.38724,1.38724,1.38724,0
5071000,1.38711,1.38711,1.38711,1.38711,0,1.38723,1.38724,1.38723,1.38724,0
5094000,1.38711,1.38711,1.38711,1.38711,0,1.38725,1.38725,1.38724,1.38724,0
5095000,1.38712,1.38712,1.38712,1.38712,0,1.38723,1.38723,1.38723,1.38723,0
5096000,1.38712,1.38712,1.38712,1.38712,0,1.38724,1.38724,1.38724,1.38724,0
5097000,1.38710,1.38710,1.38710,1.38710,0,1.38724,1.38724,1.38724,1.38724,0
5098000,1.38710,1.38710,1.38710,1.38710,0,1.38723,1.38723,1.38723,1.38723,0
5136000,1.38709,1.38709,1.38709,1.38709,0,1.38724,1.38724,1.38724,1.38724,0
5146000,1.38711,1.38711,1.38711,1.38711,0,1.38725,1.38725,1.38725,1.38725,0
5147000,1.38711,1.38711,1.38711,1.38711,0,1.38724,1.38724,1.38724,1.38724,0
5178000,1.38711,1.38711,1.38711,1.38711,0,1.38725,1.38725,1.38725,1.38725,0
5210000,1.38711,1.38711,1.38711,1.38711,0,1.38724,1.38724,1.38724,1.38724,0
5216000,1.38709,1.38709,1.38709,1.38709,0,1.38723,1.38723,1.38723,1.38723,0
5268000,1.38709,1.38709,1.38709,1.38709,0,1.38724,1.38724,1.38724,1.38724,0
5273000,1.38710,1.38710,1.38710,1.38710,0,1.38723,1.38723,1.38723,1.38723,0
5322000,1.38710,1.38710,1.38710,1.38710,0,1.38724,1.38724,1.38724,1.38724,0
5343000,1.38710,1.38710,1.38710,1.38710,0,1.38723,1.38723,1.38723,1.38723,0
5403000,1.38709,1.38709,1.38709,1.38709,0,1.38723,1.38723,1.38723,1.38723,0
5427000,1.38710,1.38710,1.38710,1.38710,0,1.38723,1.38723,1.38723,1.38723,0
5438000,1.38709,1.38709,1.38709,1.38709,0,1.38724,1.38724,1.38724,1.38724,0
5444000,1.38711,1.38711,1.38711,1.38711,0,1.38725,1.38725,1.38725,1.38725,0
5462000,1.38709,1.38709,1.38709,1.38709,0,1.38724,1.38724,1.38724,1.38724,0
5463000,1.38710,1.38710,1.38710,1.38710,0,1.38724,1.38724,1.38724,1.38724,0
5471000,1.38709,1.38709,1.38709,1.38709,0,1.38724,1.38724,1.38724,1.38724,0
5474000,1.38710,1.38710,1.38709,1.38709,0,1.38724,1.38724,1.38724,1.38724,0
5477000,1.38710,1.38710,1.38709,1.38709,0,1.38724,1.38724,1.38724,1.38724,0
5481000,1.38710,1.38710,1.38710,1.38710,0,1.38723,1.38723,1.38723,1.38723,0
5482000,1.38711,1.38711,1.38708,1.38708,0,1.38722,1.38723,1.38721,1.38721,0
5485000,1.38709,1.38709,1.38705,1.38706,0,1.38720,1.38721,1.38719,1.38719,0
5487000,1.38708,1.38708,1.38706,1.38708,0,1.38719,1.38722,1.38719,1.38722,0
5489000,1.38708,1.38708,1.38705,1.38705,0,1.38723,1.38723,1.38719,1.38719,0
5495000,1.38706,1.38708,1.38706,1.38708,0,1.38721,1.38722,1.38721,1.38722,0
5496000,1.38706,1.38706,1.38706,1.38706,0,1.38722,1.38722,1.38722,1.38722,0
5502000,1.38708,1.38709,1.38708,1.38709,0,1.38724,1.38724,1.38722,1.38722,0
5503000,1.38708,1.38708,1.38706,1.38706,0,1.38720,1.38721,1.38720,1.38721,0
5505000,1.38707,1.38707,1.38707,1.38707,0,1.38720,1.38720,1.38720,1.38720,0
5508000,1.38707,1.38709,1.38707,1.38709,0,1.38722,1.38723,1.38722,1.38722,0
5513000,1.38708,1.38708,1.38708,1.38708,0,1.38720,1.38720,1.38720,1.38720,0
5514000,1.38708,1.38708,1.38708,1.38708,0,1.38721,1.38721,1.38721,1.38721,0
5521000,1.38707,1.38707,1.38707,1.38707,0,1.38722,1.38722,1.38722,1.38722,0
5538000,1.38707,1.38707,1.38707,1.38707,0,1.38720,1.38720,1.38720,1.38720,0
5546000,1.38706,1.38707,1.38706,1.38707,0,1.38721,1.38721,1.38721,1.38721,0
5555000,1.38706,1.38706,1.38706,1.38706,0,1.38721,1.38721,1.38721,1.38721,0
5556000,1.38707,1.38707,1.38707,1.38707,0,1.38720,1.38720,1.38720,1.38720,0
5567000,1.38706,1.38708,1.38706,1.38708,0,1.38721,1.38722,1.38721,1.38722,0
5572000,1.38706,1.38706,1.38706,1.38706,0,1.38720,1.38721,1.38720,1.38721,0
5573000,1.38707,1.38707,1.38707,1.38707,0,1.38721,1.38721,1.38721,1.38721,0
5583000,1.38707,1.38707,1.38707,1.38707,0,1.38719,1.38719,1.38719,1.38719,0
5584000,1.38706,1.38707,1.38706,1.38707,0,1.38721,1.38721,1.38719,1.38719,0
5609000,1.38706,1.38706,1.38706,1.38706,0,1.38720,1.38722,1.38720,1.38722,0
5610000,1.38708,1.38708,1.38708,1.38708,0,1.38721,1.38721,1.38721,1.38721,0
5611000,1.38706,1.38706,1.38706,1.38706,0,1.38719,1.38719,1.38719,1.38719,0
5635000,1.38704,1.38704,1.38704,1.38704,0,1.38719,1.38719,1.38719,1.38719,0
5639000,1.38705,1.38705,1.38705,1.38705,0,1.38718,1.38718,1.38718,1.38718,0
5641000,1.38704,1.38704,1.38704,1.38704,0,1.38719,1.38719,1.38719,1.38719,0
5650000,1.38705,1.38705,1.38705,1.38705,0,1.38718,1.38718,1.38718,1.38718,0
5670000,1.38705,1.38707,1.38705,1.38706,0,1.38720,1.38722,1.38720,1.38720,0
5671000,1.38706,1.38706,1.38706,1.38706,0,1.38719,1.38719,1.38719,1.38719,0
5680000,1.38707,1.38707,1.38707,1.38707,0,1.38719,1.38719,1.38719,1.38719,0
5683000,1.38706,1.38708,1.38706,1.38708,0,1.38719,1.38723,1.38719,1.38722,0
5684000,1.38708,1.38708,1.38706,1.38706,0,1.38720,1.38720,1.38719,1.38719,0
5690000,1.38705,1.38706,1.38705,1.38705,0,1.38720,1.38720,1.38719,1.38719,0
5695000,1.38706,1.38706,1.38706,1.38706,0,1.38719,1.38719,1.38719,1.38719,0
5697000,1.38708,1.38708,1.38707,1.38708,0,1.38720,1.38723,1.38720,1.38723,0
5699000,1.38708,1.38708,1.38708,1.38708,0,1.38722,1.38722,1.38720,1.38720,0
5700000,1.38708,1.38708,1.38708,1.38708,0,1.38721,1.38721,1.38721,1.38721,0
5707000,1.38708,1.38708,1.38708,1.38708,0,1.38720,1.38720,1.38720,1.38720,0
5709000,1.38707,1.38707,1.38707,1.38707,0,1.38721,1.38721,1.38721,1.38721,0
5715000,1.38708,1.38708,1.38708,1.38708,0,1.38720,1.38720,1.38720,1.38720,0
5719000,1.38707,1.38708,1.38707,1.38708,0,1.38722,1.38722,1.38722,1.38722,0
5720000,1.38711,1.38711,1.38708,1.38708,0,1.38724,1.38724,1.38721,1.38721,0
5721000,1.38711,1.38711,1.38711,1.38711,0,1.38724,1.38724,1.38724,1.38724,0
5755000,1.38711,1.38711,1.38711,1.38711,0,1.38725,1.38725,1.38725,1.38725,0
5758000,1.38711,1.38711,1.38711,1.38711,0,1.38723,1.38723,1.38723,1.38723,0
5766000,1.38710,1.38710,1.38710,1.38710,0,1.38724,1.38724,1.38724,1.38724,0
5768000,1.38710,1.38710,1.38710,1.38710,0,1.38725,1.38725,1.38725,1.38725,0
5777000,1.38711,1.38711,1.38711,1.38711,0,1.38724,1.38724,1.38724,1.38724,0
5808000,1.38709,1.38709,1.38708,1.38708,0,1.38723,1.38724,1.38723,1.38724,0
5815000,1.38709,1.38709,1.38709,1.38709,0,1.38723,1.38723,1.38723,1.38723,0
5839000,1.38710,1.38710,1.38710,1.38710,0,1.38725,1.38725,1.38725,1.38725,0
5842000,1.38711,1.38711,1.38711,1.38711,0,1.38724,1.38724,1.38724,1.38724,0
5851000,1.38711,1.38711,1.38711,1.38711,0,1.38725,1.38725,1.38725,1.38725,0
5867000,1.38710,1.38710,1.38710,1.38710,0,1.38723,1.38723,1.38723,1.38723,0
5871000,1.38710,1.38710,1.38710,1.38710,0,1.38724,1.38724,1.38724,1.38724,0
5883000,1.38708,1.38708,1.38708,1.38708,0,1.38724,1.38724,1.38724,1.38724,0
5890000,1.38708,1.38708,1.38708,1.38708,0,1.38723,1.38723,1.38723,1.38723,0
5904000,1.38710,1.38710,1.38709,1.38709,0,1.38723,1.38723,1.38723,1.38723,0
5922000,1.38710,1.38710,1.38710,1.38710,0,1.38723,1.38723,1.38723,1.38723,0
5927000,1.38709,1.38709,1.38709,1.38709,0,1.38724,1.38724,1.38724,1.38724,0
5930000,1.38710,1.38710,1.38710,1.38710,0,1.38724,1.38724,1.38724,1.38724,0
5931000,1.38710,1.38710,1.38710,1.38710,0,1.38723,1.38723,1.38723,1.38723,0
5932000,1.38709,1.38709,1.38709,1.38709,0,1.38724,1.38724,1.38724,1.38724,0
5935000,1.38710,1.38710,1.38710,1.38710,0,1.38724,1.38724,1.38723,1.38723,0
5947000,1.38711,1.38711,1.38711,1.38711,0,1.38726,1.38726,1.38726,1.38726,0
5949000,1.38711,1.38711,1.38711,1.38711,0,1.38724,1.38724,1.38724,1.38724,0
5987000,1.38708,1.38708,1.38708,1.38708,0,1.38723,1.38723,1.38723,1.38723,0
5988000,1.38708,1.38708,1.38708,1.38708,0,1.38722,1.38722,1.38722,1.38722,0
5992000,1.38707,1.38707,1.38707,1.38707,0,1.38722,1.38722,1.38722,1.38722,0
5994000,1.38708,1.38708,1.38708,1.38708,0,1.38721,1.38721,1.38721,1.38721,0
6000000,1.38707,1.38708,1.38707,1.38708,0,1.38722,1.38722,1.38721,1.38721,0
6005000,1.38707,1.38707,1.38707,1.38707,0,1.38722,1.38722,1.38722,1.38722,0
6020000,1.38707,1.38707,1.38707,1.38707,0,1.38720,1.38720,1.38720,1.38720,0
6021000,1.38704,1.38704,1.38701,1.38701,0,1.38719,1.38719,1.38716,1.38716,0
6022000,1.38702,1.38702,1.38702,1.38702,0,1.38715,1.38715,1.38715,1.38715,0
6031000,1.38702,1.38702,1.38702,1.38702,0,1.38714,1.38714,1.38714,1.38714,0
6038000,1.38700,1.38700,1.38700,1.38700,0,1.38714,1.38714,1.38714,1.38714,0
6041000,1.38698,1.38698,1.38696,1.38697,0,1.38712,1.38713,1.38711,1.38711,0
6056000,1.38698,1.38698,1.38698,1.38698,0,1.38711,1.38711,1.38711,1.38711,0
6064000,1.38698,1.38698,1.38697,1.38697,0,1.38710,1.38711,1.38710,1.38711,0
6067000,1.38696,1.38696,1.38696,1.38696,0,1.38711,1.38711,1.38711,1.38711,0
6069000,1.38694,1.38694,1.38694,1.38694,0,1.38709,1.38709,1.38709,1.38709,0
6070000,1.38695,1.38695,1.38695,1.38695,0,1.38708,1.38708,1.38708,1.38708,0
6077000,1.38694,1.38694,1.38694,1.38694,0,1.38709,1.38709,1.38709,1.38709,0
6089000,1.38696,1.38696,1.38696,1.38696,0,1.38709,1.38709,1.38709,1.38709,0
6092000,1.38695,1.38695,1.38695,1.38695,0,1.38710,1.38710,1.38710,1.38710,0
6123000,1.38696,1.38696,1.38696,1.38696,0,1.38710,1.38710,1.38710,1.38710,0
6124000,1.38697,1.38697,1.38696,1.38696,0,1.38710,1.38711,1.38710,1.38711,0
6127000,1.38697,1.38697,1.38697,1.38697,0,1.38710,1.38710,1.38710,1.38710,0
6129000,1.38697,1.38697,1.38697,1.38697,0,1.38712,1.38712,1.38712,1.38712,0
6134000,1.38698,1.38698,1.38698,1.38698,0,1.38711,1.38711,1.38711,1.38711,0
6140000,1.38698,1.38698,1.38698,1.38698,0,1.38709,1.38709,1.38709,1.38709,0
6141000,1.38697,1.38697,1.38697,1.38697,0,1.38710,1.38710,1.38710,1.38710,0
6189000,1.38697,1.38697,1.38697,1.38697,0,1.38711,1.38711,1.38711,1.38711,0
6200000,1.38696,1.38698,1.38696,1.38698,0,1.38711,1.38712,1.38711,1.38712,0
6203000,1.38697,1.38697,1.38697,1.38697,0,1.38712,1.38712,1.38712,1.38712,0
6208000,1.38698,1.38698,1.38698,1.38698,0,1.38712,1.38712,1.38712,1.38712,0
6284000,1.38698,1.38698,1.38698,1.38698,0,1.38713,1.38713,1.38713,1.38713,0
6289000,1.38698,1.38698,1.38698,1.38698,0,1.38712,1.38712,1.38712,1.38712,0
6400000,1.38697,1.38697,1.38697,1.38697,0,1.38712,1.38712,1.38712,1.38712,0
6454000,1.38698,1.38698,1.38698,1.38698,0,1.38712,1.38712,1.38712,1.38712,0
6497000,1.38697,1.38697,1.38697,1.38697,0,1.38712,1.38712,1.38712,1.38712,0
6502000,1.38698,1.38698,1.38698,1.38698,0,1.38710,1.38710,1.38710,1.38710,0
6508000,1.38697,1.38697,1.38697,1.38697,0,1.38712,1.38712,1.38712,1.38712,0
6509000,1.38698,1.38698,1.38698,1.38698,0,1.38710,1.38710,1.38710,1.38710,0
6524000,1.38696,1.38696,1.38696,1.38696,0,1.38712,1.38712,1.38712,1.38712,0
6532000,1.38698,1.38698,1.38698,1.38698,0,1.38712,1.38712,1.38712,1.38712,0
6569000,1.38699,1.38699,1.38699,1.38699,0,1.38711,1.38711,1.38711,1.38711,0
6594000,1.38697,1.38697,1.38697,1.38697,0,1.38711,1.38711,1.38711,1.38711,0
6613000,1.38695,1.38695,1.38695,1.38695,0,1.38709,1.38709,1.38709,1.38709,0
6639000,1.38692,1.38692,1.38687,1.38691,0,1.38707,1.38707,1.38703,1.38705,0
6643000,1.38691,1.38691,1.38691,1.38691,0,1.38706,1.38706,1.38706,1.38706,0
6649000,1.38691,1.38691,1.38691,1.38691,0,1.38705,1.38705,1.38705,1.38705,0
6660000,1.38691,1.38691,1.38691,1.38691,0,1.38706,1.38706,1.38706,1.38706,0
6662000,1.38691,1.38691,1.38691,1.38691,0,1.38705,1.38705,1.38705,1.38705,0
6688000,1.38690,1.38690,1.38690,1.38690,0,1.38705,1.38705,1.38705,1.38705,0
6690000,1.38690,1.38690,1.38690,1.38690,0,1.38703,1.38704,1.38703,1.38704,0
6691000,1.38690,1.38690,1.38690,1.38690,0,1.38703,1.38703,1.38703,1.38703,0
6699000,1.38689,1.38689,1.38687,1.38687,0,1.38703,1.38703,1.38703,1.38703,0
6700000,1.38687,1.38687,1.38687,1.38687,0,1.38702,1.38702,1.38702,1.38702,0
6747000,1.38687,1.38687,1.38687,1.38687,0,1.38703,1.38703,1.38703,1.38703,0
6782000,1.38687,1.38687,1.38687,1.38687,0,1.38701,1.38701,1.38701,1.38701,0
6795000,1.38687,1.38687,1.38687,1.38687,0,1.38703,1.38703,1.38703,1.38703,0
6829000,1.38687,1.38687,1.38687,1.38687,0,1.38702,1.38702,1.38702,1.38702,0
6830000,1.38688,1.38688,1.38684,1.38684,0,1.38701,1.38701,1.38698,1.38698,0
6840000,1.38687,1.38687,1.38687,1.38687,0,1.38701,1.38701,1.38701,1.38701,0
6851000,1.38687,1.38687,1.38686,1.38686,0,1.38700,1.38700,1.38700,1.38700,0
6865000,1.38685,1.38687,1.38685,1.38687,0,1.38702,1.38704,1.38702,1.38704,0
6866000,1.38688,1.38688,1.38688,1.38688,0,1.38703,1.38703,1.38702,1.38702,0
6870000,1.38686,1.38686,1.38686,1.38686,0,1.38701,1.38701,1.38701,1.38701,0
6878000,1.38686,1.38686,1.38685,1.38686,0,1.38700,1.38700,1.38700,1.38700,0
6915000,1.38688,1.38688,1.38687,1.38687,0,1.38700,1.38702,1.38700,1.38702,0
6942000,1.38684,1.38684,1.38684,1.38684,0,1.38701,1.38701,1.38701,1.38701,0
6951000,1.38686,1.38686,1.38686,1.38686,0,1.38702,1.38702,1.38702,1.38702,0
6968000,1.38687,1.38687,1.38687,1.38687,0,1.38702,1.38703,1.38702,1.38703,0
6984000,1.38688,1.38688,1.38688,1.38688,0,1.38702,1.38702,1.38702,1.38702,0
6997000,1.38689,1.38690,1.38689,1.38690,0,1.38705,1.38705,1.38704,1.38704,0
6998000,1.38689,1.38689,1.38689,1.38689,0,1.38705,1.38705,1.38705,1.38705,0
7001000,1.38690,1.38690,1.38690,1.38690,0,1.38704,1.38704,1.38704,1.38704,0
7002000,1.38689,1.38689,1.38689,1.38689,0,1.38705,1.38705,1.38705,1.38705,0
7005000,1.38690,1.38690,1.38690,1.38690,0,1.38704,1.38704,1.38704,1.38704,0
7013000,1.38689,1.38689,1.38689,1.38689,0,1.38705,1.38705,1.38705,1.38705,0
7016000,1.38690,1.38690,1.38690,1.38690,0,1.38704,1.38704,1.38704,1.38704,0
7017000,1.38689,1.38689,1.38689,1.38689,0,1.38705,1.38705,1.38705,1.38705,0
7020000,1.38690,1.38690,1.38690,1.38690,0,1.38704,1.38704,1.38704,1.38704,0
7028000,1.38689,1.38690,1.38689,1.38690,0,1.38705,1.38705,1.38704,1.38704,0
7031000,1.38691,1.38691,1.38691,1.38691,0,1.38704,1.38704,1.38704,1.38704,0
7035000,1.38691,1.38691,1.38691,1.38691,0,1.38706,1.38706,1.38705,1.38705,0
7038000,1.38690,1.38690,1.38690,1.38690,0,1.38705,1.38705,1.38705,1.38705,0
7074000,1.38691,1.38691,1.38691,1.38691,0,1.38704,1.38704,1.38704,1.38704,0
7078000,1.38691,1.38691,1.38691,1.38691,0,1.38706,1.38706,1.38706,1.38706,0
7083000,1.38689,1.38689,1.38689,1.38689,0,1.38704,1.38704,1.38704,1.38704,0
7132000,1.38691,1.38691,1.38691,1.38691,0,1.38704,1.38704,1.38704,1.38704,0
7140000,1.38690,1.38690,1.38690,1.38690,0,1.38705,1.38705,1.38705,1.38705,0
7161000,1.38691,1.38691,1.38691,1.38691,0,1.38703,1.38703,1.38703,1.38703,0
7169000,1.38690,1.38690,1.38690,1.38690,0,1.38704,1.38704,1.38704,1.38704,0
7170000,1.38691,1.38691,1.38691,1.38691,0,1.38703,1.38703,1.38703,1.38703,0
7173000,1.38689,1.38689,1.38688,1.38688,0,1.38703,1.38703,1.38703,1.38703,0
7174000,1.38689,1.38689,1.38689,1.38689,0,1.38702,1.38702,1.38702,1.38702,0
7191000,1.38688,1.38688,1.38688,1.38688,0,1.38702,1.38702,1.38702,1.38702,0
7200000,1.38688,1.38689,1.38688,1.38689,0,1.38703,1.38703,1.38702,1.38702,0
7213000,1.38689,1.38693,1.38689,1.38692,0,1.38704,1.38706,1.38704,1.38706,0
7220000,1.38690,1.38690,1.38690,1.38690,0,1.38706,1.38706,1.38706,1.38706,0
7232000,1.38691,1.38691,1.38691,1.38691,0,1.38706,1.38706,1.38706,1.38706,0
7235000,1.38692,1.38692,1.38690,1.38691,0,1.38705,1.38706,1.38705,1.38706,0
7236000,1.38691,1.38691,1.38690,1.38690,0,1.38704,1.38705,1.38703,1.38703,0
7242000,1.38689,1.38689,1.38689,1.38689,0,1.38704,1.38704,1.38704,1.38704,0
7248000,1.38690,1.38690,1.38690,1.38690,0,1.38703,1.38703,1.38703,1.38703,0
7252000,1.38688,1.38688,1.38688,1.38688,0,1.38703,1.38703,1.38703,1.38703,0
7264000,1.38689,1.38689,1.38689,1.38689,0,1.38702,1.38702,1.38702,1.38702,0
7265000,1.38688,1.38688,1.38688,1.38688,0,1.38703,1.38703,1.38703,1.38703,0
7340000,1.38690,1.38690,1.38690,1.38690,0,1.38704,1.38704,1.38704,1.38704,0
7348000,1.38690,1.38690,1.38690,1.38690,0,1.38703,1.38703,1.38702,1.38702,0
7350000,1.38689,1.38689,1.38689,1.38689,0,1.38702,1.38702,1.38702,1.38702,0
7354000,1.38691,1.38691,1.38691,1.38691,0,1.38703,1.38703,1.38703,1.38703,0
7405000,1.38690,1.38690,1.38690,1.38690,0,1.38703,1.38703,1.38702,1.38702,0
7432000,1.38692,1.38692,1.38692,1.38692,0,1.38705,1.38705,1.38705,1.38705,0
7486000,1.38693,1.38693,1.38692,1.38693,0,1.38707,1.38708,1.38707,1.38708,0
7502000,1.38694,1.38694,1.38694,1.38694,0,1.38708,1.38708,1.38708,1.38708,0
7515000,1.38693,1.38694,1.38693,1.38694,0,1.38708,1.38708,1.38708,1.38708,0
7516000,1.38694,1.38694,1.38694,1.38694,0,1.38706,1.38706,1.38706,1.38706,0
7541000,1.38694,1.38698,1.38694,1.38698,0,1.38708,1.38714,1.38708,1.38714,0
7542000,1.38700,1.38700,1.38700,1.38700,0,1.38713,1.38713,1.38713,1.38713,0
7609000,1.38699,1.38699,1.38699,1.38699,0,1.38713,1.38713,1.38713,1.38713,0
7647000,1.38696,1.38696,1.38695,1.38696,0,1.38710,1.38710,1.38709,1.38709,0
7648000,1.38693,1.38694,1.38691,1.38694,0,1.38706,1.38707,1.38706,1.38707,0
7653000,1.38693,1.38693,1.38693,1.38693,0,1.38708,1.38708,1.38708,1.38708,0
7654000,1.38693,1.38693,1.38693,1.38693,0,1.38707,1.38707,1.38707,1.38707,0
7662000,1.38693,1.38693,1.38693,1.38693,0,1.38706,1.38706,1.38706,1.38706,0
7684000,1.38693,1.38695,1.38692,1.38695,0,1.38707,1.38709,1.38707,1.38709,0
7685000,1.38695,1.38698,1.38695,1.38698,0,1.38710,1.38712,1.38710,1.38712,0
7698000,1.38696,1.38696,1.38692,1.38692,0,1.38711,1.38712,1.38708,1.38708,0
7699000,1.38694,1.38694,1.38694,1.38694,0,1.38708,1.38708,1.38708,1.38708,0
7704000,1.38695,1.38697,1.38695,1.38697,0,1.38710,1.38711,1.38710,1.38711,0
7714000,1.38697,1.38697,1.38695,1.38695,0,1.38709,1.38711,1.38709,1.38711,0
7718000,1.38697,1.38697,1.38695,1.38695,0,1.38709,1.38711,1.38709,1.38711,0
7725000,1.38696,1.38696,1.38696,1.38696,0,1.38710,1.38710,1.38710,1.38710,0
7734000,1.38698,1.38698,1.38698,1.38698,0,1.38711,1.38711,1.38711,1.38711,0
7764000,1.38699,1.38699,1.38699,1.38699,0,1.38713,1.38713,1.38713,1.38713,0
7806000,1.38700,1.38700,1.38700,1.38700,0,1.38712,1.38712,1.38712,1.38712,0
7840000,1.38697,1.38697,1.38697,1.38697,0,1.38713,1.38713,1.38713,1.38713,0
7859000,1.38700,1.38700,1.38700,1.38700,0,1.38712,1.38712,1.38712,1.38712,0
7890000,1.38697,1.38699,1.38697,1.38699,0,1.38713,1.38715,1.38713,1.38714,0
7898000,1.38699,1.38699,1.38699,1.38699,0,1.38712,1.38712,1.38712,1.38712,0
7925000,1.38698,1.38698,1.38698,1.38698,0,1.38713,1.38713,1.38713,1.38713,0
7926000,1.38701,1.38701,1.38701,1.38701,0,1.38716,1.38716,1.38716,1.38716,0
7927000,1.38702,1.38702,1.38702,1.38702,0,1.38715,1.38715,1.38715,1.38715,0
7948000,1.38702,1.38702,1.38702,1.38702,0,1.38714,1.38714,1.38714,1.38714,0
7976000,1.38700,1.38700,1.38700,1.38700,0,1.38714,1.38714,1.38714,1.38714,0
7978000,1.38701,1.38701,1.38701,1.38701,0,1.38714,1.38714,1.38714,1.38714,0
8004000,1.38700,1.38700,1.38700,1.38700,0,1.38714,1.38714,1.38714,1.38714,0
8006000,1.38703,1.38706,1.38703,1.38706,0,1.38717,1.38720,1.38717,1.38720,0
8008000,1.38703,1.38704,1.38703,1.38704,0,1.38718,1.38718,1.38718,1.38718,0
8009000,1.38704,1.38704,1.38704,1.38704,0,1.38716,1.38716,1.38716,1.38716,0
8011000,1.38704,1.38704,1.38704,1.38704,0,1.38718,1.38718,1.38718,1.38718,0
8012000,1.38704,1.38704,1.38704,1.38704,0,1.38716,1.38716,1.38716,1.38716,0
8013000,1.38704,1.38704,1.38704,1.38704,0,1.38718,1.38718,1.38718,1.38718,0
8014000,1.38704,1.38704,1.38704,1.38704,0,1.38716,1.38716,1.38716,1.38716,0
8027000,1.38703,1.38703,1.38703,1.38703,0,1.38716,1.38716,1.38716,1.38716,0
8154000,1.38701,1.38701,1.38701,1.38701,0,1.38715,1.38715,1.38714,1.38714,0
8155000,1.38700,1.38700,1.38700,1.38700,0,1.38715,1.38715,1.38715,1.38715,0
8156000,1.38701,1.38701,1.38701,1.38701,0,1.38713,1.38713,1.38713,1.38713,0
8177000,1.38701,1.38701,1.38701,1.38701,0,1.38715,1.38715,1.38715,1.38715,0
8218000,1.38701,1.38701,1.38700,1.38700,0,1.38714,1.38715,1.38714,1.38715,0
8224000,1.38702,1.38702,1.38702,1.38702,0,1.38714,1.38714,1.38714,1.38714,0
8228000,1.38700,1.38700,1.38700,1.38700,0,1.38715,1.38715,1.38715,1.38715,0
8230000,1.38701,1.38701,1.38701,1.38701,0,1.38715,1.38715,1.38715,1.38715,0
8246000,1.38701,1.38701,1.38701,1.38701,0,1.38714,1.38714,1.38714,1.38714,0
8249000,1.38701,1.38701,1.38701,1.38701,0,1.38716,1.38716,1.38716,1.38716,0
8250000,1.38702,1.38702,1.38702,1.38702,0,1.38715,1.38715,1.38715,1.38715,0
8266000,1.38702,1.38702,1.38702,1.38702,0,1.38714,1.38714,1.38714,1.38714,0
8269000,1.38701,1.38701,1.38701,1.38701,0,1.38715,1.38715,1.38715,1.38715,0
8271000,1.38702,1.38702,1.38702,1.38702,0,1.38714,1.38716,1.38714,1.38716,0
8274000,1.38702,1.38702,1.38702,1.38702,0,1.38714,1.38716,1.38714,1.38716,0
8279000,1.38701,1.38701,1.38701,1.38701,0,1.38717,1.38717,1.38716,1.38716,0
8290000,1.38699,1.38700,1.38699,1.38700,0,1.38715,1.38715,1.38714,1.38714,0
8291000,1.38699,1.38699,1.38699,1.38699,0,1.38714,1.38715,1.38714,1.38714,0
8298000,1.38700,1.38700,1.38700,1.38700,0,1.38713,1.38713,1.38713,1.38713,0
8309000,1.38699,1.38699,1.38699,1.38699,0,1.38713,1.38713,1.38713,1.38713,0
8354000,1.38698,1.38702,1.38698,1.38702,0,1.38714,1.38716,1.38714,1.38715,0
8375000,1.38702,1.38702,1.38702,1.38702,0,1.38714,1.38714,1.38714,1.38714,0
8377000,1.38701,1.38701,1.38701,1.38701,0,1.38715,1.38715,1.38715,1.38715,0
8378000,1.38702,1.38702,1.38702,1.38702,0,1.38714,1.38714,1.38714,1.38714,0
8383000,1.38701,1.38701,1.38701,1.38701,0,1.38715,1.38715,1.38715,1.38715,0
8386000,1.38703,1.38703,1.38703,1.38703,0,1.38715,1.38715,1.38715,1.38715,0
8388000,1.38702,1.38702,1.38702,1.38702,0,1.38716,1.38716,1.38716,1.38716,0
8394000,1.38703,1.38703,1.38703,1.38703,0,1.38715,1.38715,1.38715,1.38715,0
8423000,1.38702,1.38702,1.38702,1.38702,0,1.38716,1.38716,1.38716,1.38716,0
8437000,1.38703,1.38703,1.38703,1.38703,0,1.38716,1.38716,1.38716,1.38716,0
8443000,1.38701,1.38704,1.38701,1.38704,0,1.38716,1.38719,1.38716,1.38719,0
8444000,1.38706,1.38706,1.38706,1.38706,0,1.38717,1.38717,1.38717,1.38717,0
8449000,1.38704,1.38704,1.38704,1.38704,0,1.38717,1.38717,1.38717,1.38717,0
8473000,1.38703,1.38703,1.38703,1.38703,0,1.38719,1.38719,1.38717,1.38717,0
8474000,1.38703,1.38703,1.38703,1.38703,0,1.38716,1.38716,1.38716,1.38716,0
8484000,1.38702,1.38702,1.38702,1.38702,0,1.38716,1.38716,1.38716,1.38716,0
8485000,1.38700,1.38700,1.38700,1.38700,0,1.38715,1.38715,1.38715,1.38715,0
8486000,1.38700,1.38700,1.38700,1.38700,0,1.38714,1.38714,1.38714,1.38714,0
8490000,1.38701,1.38701,1.38701,1.38701,0,1.38714,1.38714,1.38714,1.38714,0
8519000,1.38699,1.38699,1.38699,1.38699,0,1.38715,1.38715,1.38715,1.38715,0
8524000,1.38700,1.38700,1.38700,1.38700,0,1.38714,1.38714,1.38714,1.38714,0
8525000,1.38701,1.38701,1.38701,1.38701,0,1.38713,1.38713,1.38713,1.38713,0
8526000,1.38700,1.38700,1.38700,1.38700,0,1.38713,1.38713,1.38713,1.38713,0
8529000,1.38701,1.38701,1.38698,1.38698,0,1.38713,1.38714,1.38713,1.38714,0
8532000,1.38699,1.38699,1.38699,1.38699,0,1.38713,1.38713,1.38713,1.38713,0
8551000,1.38699,1.38699,1.38697,1.38697,0,1.38712,1.38712,1.38712,1.38712,0
8558000,1.38698,1.38698,1.38697,1.38697,0,1.38710,1.38711,1.38710,1.38711,0
8617000,1.38698,1.38698,1.38698,1.38698,0,1.38711,1.38711,1.38711,1.38711,0
8635000,1.38698,1.38698,1.38698,1.38698,0,1.38713,1.38713,1.38713,1.38713,0
8636000,1.38699,1.38699,1.38699,1.38699,0,1.38712,1.38712,1.38712,1.38712,0
8759000,1.38698,1.38698,1.38698,1.38698,0,1.38713,1.38713,1.38713,1.38713,0
8779000,1.38700,1.38701,1.38700,1.38701,0,1.38712,1.38715,1.38712,1.38713,0
8780000,1.38700,1.38704,1.38700,1.38704,0,1.38714,1.38718,1.38714,1.38718,0
8790000,1.38706,1.38706,1.38706,1.38706,0,1.38719,1.38719,1.38719,1.38719,0
8791000,1.38707,1.38707,1.38707,1.38707,0,1.38719,1.38719,1.38719,1.38719,0
8796000,1.38707,1.38713,1.38707,1.38713,0,1.38720,1.38728,1.38720,1.38728,0
8797000,1.38714,1.38715,1.38714,1.38715,0,1.38728,1.38728,1.38728,1.38728,0
8820000,1.38716,1.38716,1.38716,1.38716,0,1.38730,1.38730,1.38729,1.38729,0
8839000,1.38716,1.38720,1.38716,1.38720,0,1.38730,1.38737,1.38730,1.38737,0
8841000,1.38720,1.38720,1.38720,1.38720,0,1.38735,1.38735,1.38735,1.38735,0
8842000,1.38719,1.38719,1.38719,1.38719,0,1.38736,1.38736,1.38736,1.38736,0
8844000,1.38721,1.38724,1.38721,1.38724,0,1.38738,1.38740,1.38737,1.38737,0
8845000,1.38723,1.38723,1.38723,1.38723,0,1.38737,1.38737,1.38737,1.38737,0
8850000,1.38722,1.38722,1.38722,1.38722,0,1.38737,1.38737,1.38736,1.38736,0
8851000,1.38720,1.38720,1.38720,1.38720,0,1.38735,1.38735,1.38735,1.38735,0
8857000,1.38719,1.38719,1.38715,1.38715,0,1.38733,1.38733,1.38728,1.38728,0
8869000,1.38718,1.38718,1.38718,1.38718,0,1.38729,1.38729,1.38729,1.38729,0
8871000,1.38717,1.38717,1.38717,1.38717,0,1.38730,1.38730,1.38730,1.38730,0
8872000,1.38716,1.38716,1.38716,1.38716,0,1.38730,1.38730,1.38730,1.38730,0
8878000,1.38715,1.38715,1.38715,1.38715,0,1.38727,1.38727,1.38727,1.38727,0
8880000,1.38714,1.38714,1.38714,1.38714,0,1.38728,1.38728,1.38728,1.38728,0
8888000,1.38715,1.38715,1.38715,1.38715,0,1.38727,1.38727,1.38727,1.38727,0
8915000,1.38712,1.38712,1.38712,1.38712,0,1.38727,1.38727,1.38727,1.38727,0
8930000,1.38715,1.38715,1.38715,1.38715,0,1.38727,1.38727,1.38727,1.38727,0
8944000,1.38713,1.38713,1.38713,1.38713,0,1.38727,1.38727,1.38727,1.38727,0
9006000,1.38712,1.38712,1.38712,1.38712,0,1.38727,1.38727,1.38727,1.38727,0
9007000,1.38713,1.38713,1.38713,1.38713,0,1.38727,1.38727,1.38727,1.38727,0
9039000,1.38713,1.38713,1.38713,1.38713,0,1.38726,1.38726,1.38726,1.38726,0
9043000,1.38712,1.38712,1.38712,1.38712,0,1.38726,1.38726,1.38726,1.38726,0
9057000,1.38714,1.38716,1.38714,1.38716,0,1.38728,1.38730,1.38728,1.38730,0
9062000,1.38716,1.38716,1.38714,1.38714,0,1.38728,1.38729,1.38727,1.38727,0
9085000,1.38715,1.38715,1.38715,1.38715,0,1.38726,1.38726,1.38726,1.38726,0
9087000,1.38714,1.38715,1.38714,1.38715,0,1.38728,1.38728,1.38726,1.38726,0
9100000,1.38713,1.38713,1.38713,1.38713,0,1.38727,1.38727,1.38727,1.38727,0
9101000,1.38715,1.38715,1.38715,1.38715,0,1.38727,1.38729,1.38727,1.38729,0
9108000,1.38713,1.38714,1.38713,1.38714,0,1.38727,1.38727,1.38727,1.38727,0
9109000,1.38714,1.38714,1.38714,1.38714,0,1.38728,1.38728,1.38728,1.38728,0
9114000,1.38713,1.38713,1.38713,1.38713,0,1.38728,1.38728,1.38728,1.38728,0
9119000,1.38714,1.38714,1.38714,1.38714,0,1.38728,1.38728,1.38728,1.38728,0
9140000,1.38713,1.38713,1.38713,1.38713,0,1.38728,1.38728,1.38728,1.38728,0
9142000,1.38713,1.38713,1.38713,1.38713,0,1.38727,1.38727,1.38727,1.38727,0
9163000,1.38712,1.38712,1.38712,1.38712,0,1.38727,1.38727,1.38727,1.38727,0
9165000,1.38713,1.38713,1.38713,1.38713,0,1.38726,1.38726,1.38726,1.38726,0
9202000,1.38713,1.38713,1.38713,1.38713,0,1.38727,1.38727,1.38727,1.38727,0
9213000,1.38715,1.38715,1.38715,1.38715,0,1.38728,1.38728,1.38728,1.38728,0
9214000,1.38715,1.38715,1.38715,1.38715,0,1.38726,1.38726,1.38726,1.38726,0
9222000,1.38713,1.38713,1.38713,1.38713,0,1.38727,1.38727,1.38727,1.38727,0
9228000,1.38714,1.38714,1.38714,1.38714,0,1.38726,1.38726,1.38726,1.38726,0
9409000,1.38712,1.38712,1.38712,1.38712,0,1.38724,1.38724,1.38724,1.38724,0
9415000,1.38710,1.38710,1.38710,1.38710,0,1.38727,1.38727,1.38726,1.38726,0
9424000,1.38711,1.38711,1.38711,1.38711,0,1.38724,1.38724,1.38724,1.38724,0
9450000,1.38711,1.38711,1.38711,1.38711,0,1.38725,1.38725,1.38725,1.38725,0
9451000,1.38713,1.38713,1.38713,1.38713,0,1.38726,1.38726,1.38726,1.38726,0
9458000,1.38711,1.38711,1.38711,1.38711,0,1.38727,1.38727,1.38727,1.38727,0
9459000,1.38711,1.38711,1.38711,1.38711,0,1.38725,1.38725,1.38724,1.38724,0
9466000,1.38710,1.38710,1.38710,1.38710,0,1.38725,1.38725,1.38725,1.38725,0
9489000,1.38709,1.38709,1.38709,1.38709,0,1.38723,1.38723,1.38723,1.38723,0
9490000,1.38710,1.38710,1.38710,1.38710,0,1.38723,1.38723,1.38723,1.38723,0
9510000,1.38709,1.38709,1.38709,1.38709,0,1.38723,1.38723,1.38723,1.38723,0
9542000,1.38709,1.38709,1.38709,1.38709,0,1.38724,1.38724,1.38724,1.38724,0
9543000,1.38710,1.38710,1.38710,1.38710,0,1.38723,1.38723,1.38723,1.38723,0
9577000,1.38710,1.38710,1.38710,1.38710,0,1.38724,1.38724,1.38724,1.38724,0
9671000,1.38710,1.38710,1.38710,1.38710,0,1.38725,1.38725,1.38725,1.38725,0
9736000,1.38711,1.38711,1.38710,1.38710,0,1.38725,1.38725,1.38724,1.38725,0
9737000,1.38712,1.38716,1.38712,1.38716,0,1.38726,1.38731,1.38726,1.38729,0
9738000,1.38718,1.38718,1.38717,1.38717,0,1.38731,1.38731,1.38731,1.38731,0
9739000,1.38720,1.38720,1.38719,1.38719,0,1.38733,1.38733,1.38733,1.38733,0
9860000,1.38720,1.38720,1.38720,1.38720,0,1.38735,1.38735,1.38735,1.38735,0
9861000,1.38720,1.38720,1.38720,1.38720,0,1.38733,1.38733,1.38733,1.38733,0
9870000,1.38718,1.38718,1.38718,1.38718,0,1.38734,1.38734,1.38734,1.38734,0
9938000,1.38719,1.38719,1.38719,1.38719,0,1.38733,1.38733,1.38733,1.38733,0
9965000,1.38719,1.38719,1.38717,1.38717,0,1.38734,1.38734,1.38732,1.38733,0
9974000,1.38715,1.38715,1.38715,1.38715,0,1.38730,1.38730,1.38730,1.38730,0
9975000,1.38715,1.38715,1.38715,1.38715,0,1.38728,1.38728,1.38728,1.38728,0
9986000,1.38714,1.38714,1.38714,1.38714,0,1.38728,1.38728,1.38728,1.38728,0
10002000,1.38715,1.38715,1.38715,1.38715,0,1.38727,1.38727,1.38727,1.38727,0
10004000,1.38714,1.38714,1.38714,1.38714,0,1.38728,1.38728,1.38728,1.38728,0
10017000,1.38713,1.38713,1.38713,1.38713,0,1.38726,1.38726,1.38726,1.38726,0
10041000,1.38713,1.38713,1.38713,1.38713,0,1.38728,1.38728,1.38728,1.38728,0
10062000,1.38711,1.38711,1.38711,1.38711,0,1.38725,1.38725,1.38725,1.38725,0
10103000,1.38712,1.38712,1.38712,1.38712,0,1.38727,1.38727,1.38727,1.38727,0
10104000,1.38712,1.38712,1.38712,1.38712,0,1.38728,1.38728,1.38728,1.38728,0
10110000,1.38712,1.38712,1.38712,1.38712,0,1.38726,1.38726,1.38726,1.38726,0
10162000,1.38711,1.38711,1.38711,1.38711,0,1.38727,1.38727,1.38727,1.38727,0
10171000,1.38712,1.38712,1.38712,1.38712,0,1.38725,1.38725,1.38725,1.38725,0
10192000,1.38709,1.38709,1.38709,1.38709,0,1.38725,1.38725,1.38723,1.38723,0
10201000,1.38708,1.38708,1.38708,1.38708,0,1.38721,1.38721,1.38721,1.38721,0
10203000,1.38708,1.38708,1.38708,1.38708,0,1.38720,1.38720,1.38720,1.38720,0
10257000,1.38709,1.38709,1.38709,1.38709,0,1.38722,1.38722,1.38722,1.38722,0
10442000,1.38710,1.38710,1.38710,1.38710,0,1.38722,1.38722,1.38722,1.38722,0
10502000,1.38710,1.38710,1.38710,1.38710,0,1.38723,1.38723,1.38723,1.38723,0
10503000,1.38711,1.38711,1.38709,1.38709,0,1.38723,1.38724,1.38722,1.38722,0
10631000,1.38707,1.38708,1.38707,1.38708,0,1.38721,1.38721,1.38721,1.38721,0
10642000,1.38710,1.38710,1.38710,1.38710,0,1.38722,1.38722,1.38722,1.38722,0
10673000,1.38709,1.38709,1.38709,1.38709,0,1.38723,1.38723,1.38723,1.38723,0
10747000,1.38706,1.38706,1.38705,1.38706,0,1.38721,1.38721,1.38719,1.38719,0
10748000,1.38707,1.38707,1.38707,1.38707,0,1.38719,1.38719,1.38719,1.38719,0
10755000,1.38706,1.38706,1.38706,1.38706,0,1.38719,1.38719,1.38719,1.38719,0
10801000,1.38707,1.38707,1.38707,1.38707,0,1.38721,1.38721,1.38721,1.38721,0
10803000,1.38708,1.38708,1.38708,1.38708,0,1.38721,1.38721,1.38721,1.38721,0
10815000,1.38706,1.38706,1.38706,1.38706,0,1.38719,1.38719,1.38719,1.38719,0
10826000,1.38706,1.38706,1.38706,1.38706,0,1.38720,1.38720,1.38720,1.38720,0
10862000,1.38706,1.38706,1.38706,1.38706,0,1.38719,1.38719,1.38719,1.38719,0
11005000,1.38705,1.38705,1.38696,1.38697,0,1.38719,1.38719,1.38712,1.38712,0
11020000,1.38698,1.38698,1.38698,1.38698,0,1.38712,1.38712,1.38712,1.38712,0
11024000,1.38697,1.38697,1.38697,1.38697,0,1.38712,1.38712,1.38712,1.38712,0
11025000,1.38698,1.38698,1.38698,1.38698,0,1.38711,1.38711,1.38711,1.38711,0
11036000,1.38697,1.38697,1.38695,1.38695,0,1.38712,1.38712,1.38709,1.38709,0
11037000,1.38694,1.38698,1.38693,1.38695,0,1.38707,1.38709,1.38706,1.38709,0
11038000,1.38695,1.38698,1.38695,1.38698,0,1.38710,1.38712,1.38710,1.38712,0
11057000,1.38697,1.38697,1.38697,1.38697,0,1.38712,1.38712,1.38712,1.38712,0
11068000,1.38698,1.38699,1.38698,1.38699,0,1.38712,1.38714,1.38712,1.38714,0
11069000,1.38702,1.38704,1.38702,1.38704,0,1.38717,1.38717,1.38715,1.38715,0
11075000,1.38702,1.38706,1.38702,1.38706,0,1.38715,1.38719,1.38715,1.38719,0
11077000,1.38707,1.38707,1.38707,1.38707,0,1.38719,1.38719,1.38719,1.38719,0
11101000,1.38707,1.38707,1.38707,1.38707,0,1.38720,1.38720,1.38720,1.38720,0
11179000,1.38706,1.38706,1.38702,1.38702,0,1.38721,1.38721,1.38716,1.38716,0
11194000,1.38699,1.38700,1.38698,1.38700,0,1.38716,1.38716,1.38713,1.38713,0
11195000,1.38699,1.38699,1.38699,1.38699,0,1.38714,1.38714,1.38714,1.38714,0
11203000,1.38700,1.38700,1.38700,1.38700,0,1.38713,1.38713,1.38713,1.38713,0
11230000,1.38699,1.38699,1.38699,1.38699,0,1.38713,1.38713,1.38713,1.38713,0
11301000,1.38698,1.38698,1.38697,1.38697,0,1.38711,1.38712,1.38711,1.38712,0
11444000,1.38700,1.38700,1.38700,1.38700,0,1.38714,1.38714,1.38714,1.38714,0
11465000,1.38699,1.38699,1.38699,1.38699,0,1.38714,1.38714,1.38714,1.38714,0
11489000,1.38699,1.38699,1.38699,1.38699,0,1.38712,1.38712,1.38712,1.38712,0
11542000,1.38698,1.38698,1.38698,1.38698,0,1.38709,1.38709,1.38709,1.38709,0
11582000,1.38696,1.38696,1.38696,1.38696,0,1.38709,1.38709,1.38709,1.38709,0
11680000,1.38697,1.38697,1.38696,1.38696,0,1.38708,1.38709,1.38708,1.38709,0
11681000,1.38695,1.38695,1.38695,1.38695,0,1.38709,1.38709,1.38709,1.38709,0
11750000,1.38697,1.38697,1.38697,1.38697,0,1.38709,1.38709,1.38709,1.38709,0
11783000,1.38695,1.38695,1.38695,1.38695,0,1.38710,1.38710,1.38710,1.38710,0
11813000,1.38697,1.38697,1.38697,1.38697,0,1.38708,1.38708,1.38708,1.38708,0
11863000,1.38697,1.38697,1.38697,1.38697,0,1.38710,1.38710,1.38710,1.38710,0
11961000,1.38700,1.38700,1.38700,1.38700,0,1.38712,1.38712,1.38712,1.38712,0
11962000,1.38698,1.38698,1.38698,1.38698,0,1.38713,1.38713,1.38713,1.38713,0
11963000,1.38700,1.38700,1.38700,1.38700,0,1.38712,1.38712,1.38712,1.38712,0
11969000,1.38701,1.38701,1.38701,1.38701,0,1.38711,1.38711,1.38711,1.38711,0
11971000,1.38700,1.38700,1.38700,1.38700,0,1.38712,1.38712,1.38712,1.38712,0
11979000,1.38701,1.38701,1.38701,1.38701,0,1.38711,1.38711,1.38711,1.38711,0
12000000,1.38700,1.38700,1.38700,1.38700,0,1.38712,1.38712,1.38712,1.38712,0
12025000,1.38700,1.38700,1.38700,1.38700,0,1.38714,1.38714,1.38714,1.38714,0
12064000,1.38698,1.38698,1.38698,1.38698,0,1.38712,1.38712,1.38712,1.38712,0
12158000,1.38697,1.38697,1.38697,1.38697,0,1.38713,1.38713,1.38713,1.38713,0
12172000,1.38698,1.38698,1.38698,1.38698,0,1.38712,1.38712,1.38712,1.38712,0
12174000,1.38699,1.38699,1.38699,1.38699,0,1.38711,1.38711,1.38711,1.38711,0
12561000,1.38699,1.38699,1.38699,1.38699,0,1.38710,1.38710,1.38710,1.38710,0
12612000,1.38697,1.38697,1.38697,1.38697,0,1.38710,1.38710,1.38710,1.38710,0
12614000,1.38699,1.38699,1.38699,1.38699,0,1.38710,1.38710,1.38710,1.38710,0
12670000,1.38697,1.38697,1.38697,1.38697,0,1.38711,1.38711,1.38711,1.38711,0
12671000,1.38698,1.38698,1.38698,1.38698,0,1.38711,1.38711,1.38711,1.38711,0
12672000,1.38699,1.38699,1.38699,1.38699,0,1.38710,1.38710,1.38710,1.38710,0
12688000,1.38698,1.38698,1.38697,1.38697,0,1.38711,1.38712,1.38711,1.38712,0
12693000,1.38700,1.38700,1.38700,1.38700,0,1.38713,1.38713,1.38713,1.38713,0
12698000,1.38700,1.38700,1.38699,1.38699,0,1.38711,1.38712,1.38711,1.38712,0
12717000,1.38701,1.38701,1.38700,1.38700,0,1.38713,1.38714,1.38713,1.38714,0
12721000,1.38701,1.38701,1.38701,1.38701,0,1.38713,1.38713,1.38713,1.38713,0
12746000,1.38700,1.38700,1.38700,1.38700,0,1.38714,1.38714,1.38714,1.38714,0
12759000,1.38698,1.38698,1.38698,1.38698,0,1.38712,1.38712,1.38712,1.38712,0
12858000,1.38699,1.38699,1.38699,1.38699,0,1.38711,1.38711,1.38711,1.38711,0
12909000,1.38698,1.38698,1.38698,1.38698,0,1.38712,1.38712,1.38712,1.38712,0
12910000,1.38699,1.38699,1.38699,1.38699,0,1.38710,1.38710,1.38710,1.38710,0
12922000,1.38699,1.38699,1.38699,1.38699,0,1.38714,1.38714,1.38714,1.38714,0
12937000,1.38698,1.38698,1.38698,1.38698,0,1.38711,1.38711,1.38711,1.38711,0
12958000,1.38699,1.38699,1.38699,1.38699,0,1.38714,1.38714,1.38714,1.38714,0
12964000,1.38699,1.38700,1.38699,1.38700,0,1.38713,1.38713,1.38712,1.38712,0
12982000,1.38698,1.38698,1.38695,1.38695,0,1.38711,1.38711,1.38709,1.38709,0
12983000,1.38694,1.38694,1.38688,1.38688,0,1.38707,1.38707,1.38704,1.38705,0
12986000,1.38690,1.38690,1.38690,1.38690,0,1.38702,1.38702,1.38702,1.38702,0
12993000,1.38688,1.38696,1.38688,1.38696,0,1.38704,1.38711,1.38704,1.38711,0
12994000,1.38698,1.38698,1.38698,1.38698,0,1.38713,1.38713,1.38712,1.38712,0
13081000,1.38697,1.38697,1.38697,1.38697,0,1.38713,1.38713,1.38713,1.38713,0
13086000,1.38699,1.38699,1.38699,1.38699,0,1.38713,1.38713,1.38713,1.38713,0
13104000,1.38698,1.38698,1.38698,1.38698,0,1.38714,1.38714,1.38714,1.38714,0
13158000,1.38699,1.38699,1.38699,1.38699,0,1.38713,1.38713,1.38713,1.38713,0
13167000,1.38699,1.38699,1.38699,1.38699,0,1.38712,1.38712,1.38712,1.38712,0
13188000,1.38699,1.38699,1.38699,1.38699,0,1.38713,1.38713,1.38713,1.38713,0
13189000,1.38700,1.38700,1.38700,1.38700,0,1.38713,1.38713,1.38713,1.38713,0
13200000,1.38699,1.38699,1.38699,1.38699,0,1.38714,1.38714,1.38714,1.38714,0
13257000,1.38701,1.38701,1.38700,1.38700,0,1.38714,1.38715,1.38714,1.38715,0
13270000,1.38697,1.38697,1.38693,1.38694,0,1.38712,1.38712,1.38708,1.38708,0
13274000,1.38693,1.38694,1.38693,1.38694,0,1.38706,1.38706,1.38705,1.38705,0
13275000,1.38693,1.38693,1.38689,1.38690,0,1.38705,1.38706,1.38704,1.38704,0
13276000,1.38690,1.38690,1.38690,1.38690,0,1.38703,1.38703,1.38703,1.38703,0
13285000,1.38689,1.38689,1.38689,1.38689,0,1.38705,1.38705,1.38705,1.38705,0
13289000,1.38687,1.38688,1.38687,1.38688,0,1.38704,1.38704,1.38702,1.38702,0
13290000,1.38691,1.38691,1.38691,1.38691,0,1.38703,1.38703,1.38703,1.38703,0
13292000,1.38689,1.38693,1.38689,1.38693,0,1.38705,1.38709,1.38705,1.38709,0
13293000,1.38693,1.38693,1.38693,1.38693,0,1.38707,1.38708,1.38707,1.38708,0
13294000,1.38696,1.38698,1.38696,1.38698,0,1.38711,1.38714,1.38711,1.38714,0
13295000,1.38698,1.38698,1.38698,1.38698,0,1.38713,1.38713,1.38713,1.38713,0
13296000,1.38698,1.38698,1.38696,1.38697,0,1.38712,1.38712,1.38712,1.38712,0
13297000,1.38696,1.38696,1.38696,1.38696,0,1.38712,1.38712,1.38712,1.38712,0
13299000,1.38693,1.38693,1.38693,1.38693,0,1.38708,1.38708,1.38708,1.38708,0
13303000,1.38696,1.38696,1.38696,1.38696,0,1.38712,1.38712,1.38712,1.38712,0
13316000,1.38697,1.38697,1.38697,1.38697,0,1.38712,1.38712,1.38712,1.38712,0
13319000,1.38699,1.38699,1.38699,1.38699,0,1.38712,1.38712,1.38712,1.38712,0
13393000,1.38701,1.38701,1.38701,1.38701,0,1.38714,1.38714,1.38714,1.38714,0
13500000,1.38700,1.38700,1.38700,1.38700,0,1.38712,1.38712,1.38712,1.38712,0
13511000,1.38699,1.38699,1.38699,1.38699,0,1.38713,1.38713,1.38713,1.38713,0
13523000,1.38700,1.38700,1.38700,1.38700,0,1.38713,1.38713,1.38713,1.38713,0
13526000,1.38700,1.38700,1.38700,1.38700,0,1.38714,1.38714,1.38714,1.38714,0
13531000,1.38701,1.38701,1.38701,1.38701,0,1.38714,1.38714,1.38714,1.38714,0
13533000,1.38701,1.38701,1.38701,1.38701,0,1.38715,1.38715,1.38715,1.38715,0
13543000,1.38701,1.38701,1.38701,1.38701,0,1.38714,1.38714,1.38714,1.38714,0
13562000,1.38701,1.38701,1.38701,1.38701,0,1.38715,1.38715,1.38715,1.38715,0
13576000,1.38700,1.38700,1.38700,1.38700,0,1.38713,1.38713,1.38712,1.38712,0
13584000,1.38698,1.38698,1.38698,1.38698,0,1.38712,1.38712,1.38712,1.38712,0
13589000,1.38698,1.38698,1.38698,1.38698,0,1.38710,1.38710,1.38710,1.38710,0
13616000,1.38697,1.38697,1.38690,1.38691,0,1.38710,1.38710,1.38705,1.38705,0
13617000,1.38691,1.38691,1.38691,1.38691,0,1.38703,1.38703,1.38703,1.38703,0
13688000,1.38692,1.38692,1.38692,1.38692,0,1.38706,1.38706,1.38706,1.38706,0
13695000,1.38689,1.38689,1.38689,1.38689,0,1.38703,1.38703,1.38703,1.38703,0
13696000,1.38690,1.38690,1.38690,1.38690,0,1.38702,1.38702,1.38702,1.38702,0
13709000,1.38690,1.38690,1.38690,1.38690,0,1.38703,1.38703,1.38703,1.38703,0
13758000,1.38689,1.38689,1.38689,1.38689,0,1.38703,1.38703,1.38703,1.38703,0
13759000,1.38691,1.38691,1.38691,1.38691,0,1.38702,1.38702,1.38702,1.38702,0
13772000,1.38689,1.38689,1.38689,1.38689,0,1.38702,1.38702,1.38702,1.38702,0
13832000,1.38690,1.38690,1.38690,1.38690,0,1.38702,1.38702,1.38702,1.38702,0
13833000,1.38690,1.38690,1.38690,1.38690,0,1.38703,1.38703,1.38703,1.38703,0
13902000,1.38691,1.38691,1.38691,1.38691,0,1.38706,1.38706,1.38706,1.38706,0
13917000,1.38692,1.38692,1.38691,1.38691,0,1.38705,1.38706,1.38705,1.38706,0
13920000,1.38693,1.38693,1.38693,1.38693,0,1.38705,1.38705,1.38705,1.38705,0
13943000,1.38693,1.38693,1.38693,1.38693,0,1.38707,1.38707,1.38707,1.38707,0
13973000,1.38692,1.38692,1.38692,1.38692,0,1.38707,1.38707,1.38707,1.38707,0
13974000,1.38692,1.38692,1.38692,1.38692,0,1.38706,1.38706,1.38706,1.38706,0
13983000,1.38691,1.38695,1.38691,1.38695,0,1.38707,1.38709,1.38707,1.38707,0
13987000,1.38694,1.38694,1.38694,1.38694,0,1.38708,1.38708,1.38706,1.38706,0
13999000,1.38694,1.38694,1.38694,1.38694,0,1.38708,1.38708,1.38708,1.38708,0
14036000,1.38695,1.38697,1.38695,1.38697,0,1.38710,1.38711,1.38709,1.38711,0
14037000,1.38696,1.38696,1.38696,1.38696,0,1.38711,1.38711,1.38711,1.38711,0
14043000,1.38696,1.38696,1.38696,1.38696,0,1.38709,1.38709,1.38709,1.38709,0
14067000,1.38695,1.38695,1.38695,1.38695,0,1.38709,1.38709,1.38709,1.38709,0
14068000,1.38697,1.38698,1.38697,1.38698,0,1.38711,1.38711,1.38711,1.38711,0
14112000,1.38696,1.38696,1.38696,1.38696,0,1.38709,1.38710,1.38709,1.38710,0
14113000,1.38696,1.38697,1.38696,1.38697,0,1.38709,1.38709,1.38709,1.38709,0
14130000,1.38695,1.38696,1.38695,1.38696,0,1.38709,1.38710,1.38709,1.38710,0
14206000,1.38697,1.38697,1.38697,1.38697,0,1.38710,1.38710,1.38710,1.38710,0
14208000,1.38698,1.38698,1.38695,1.38695,0,1.38709,1.38711,1.38709,1.38711,0
14211000,1.38697,1.38697,1.38697,1.38697,0,1.38711,1.38711,1.38711,1.38711,0
14219000,1.38698,1.38698,1.38698,1.38698,0,1.38710,1.38710,1.38710,1.38710,0
14224000,1.38697,1.38697,1.38697,1.38697,0,1.38711,1.38711,1.38711,1.38711,0
14229000,1.38696,1.38696,1.38696,1.38696,0,1.38711,1.38711,1.38711,1.38711,0
14230000,1.38697,1.38697,1.38697,1.38697,0,1.38711,1.38711,1.38711,1.38711,0
14241000,1.38696,1.38697,1.38696,1.38697,0,1.38711,1.38711,1.38710,1.38710,0
14242000,1.38697,1.38697,1.38697,1.38697,0,1.38709,1.38709,1.38709,1.38709,0
14247000,1.38696,1.38696,1.38696,1.38696,0,1.38710,1.38710,1.38710,1.38710,0
14250000,1.38695,1.38695,1.38695,1.38695,0,1.38711,1.38711,1.38711,1.38711,0
14258000,1.38695,1.38696,1.38695,1.38696,0,1.38710,1.38710,1.38710,1.38710,0
14259000,1.38697,1.38697,1.38697,1.38697,0,1.38709,1.38709,1.38709,1.38709,0
14262000,1.38695,1.38695,1.38695,1.38695,0,1.38711,1.38711,1.38711,1.38711,0
14263000,1.38697,1.38697,1.38694,1.38696,0,1.38709,1.38710,1.38708,1.38708,0
14265000,1.38694,1.38694,1.38694,1.38694,0,1.38709,1.38709,1.38709,1.38709,0
14285000,1.38697,1.38697,1.38697,1.38697,0,1.38708,1.38708,1.38708,1.38708,0
14292000,1.38694,1.38694,1.38694,1.38694,0,1.38710,1.38710,1.38710,1.38710,0
14294000,1.38696,1.38696,1.38696,1.38696,0,1.38708,1.38708,1.38708,1.38708,0
14297000,1.38694,1.38694,1.38694,1.38694,0,1.38710,1.38710,1.38710,1.38710,0
14298000,1.38696,1.38696,1.38696,1.38696,0,1.38708,1.38708,1.38708,1.38708,0
14384000,1.38695,1.38695,1.38693,1.38693,0,1.38709,1.38709,1.38706,1.38706,0
14406000,1.38692,1.38692,1.38692,1.38692,0,1.38706,1.38706,1.38706,1.38706,0
14443000,1.38692,1.38692,1.38692,1.38692,0,1.38707,1.38707,1.38707,1.38707,0
14473000,1.38695,1.38695,1.38695,1.38695,0,1.38710,1.38710,1.38710,1.38710,0
14482000,1.38693,1.38693,1.38693,1.38693,0,1.38710,1.38710,1.38710,1.38710,0
14523000,1.38692,1.38692,1.38692,1.38692,0,1.38707,1.38707,1.38707,1.38707,0
14552000,1.38694,1.38694,1.38694,1.38694,0,1.38707,1.38707,1.38707,1.38707,0
14564000,1.38694,1.38694,1.38694,1.38694,0,1.38706,1.38706,1.38706,1.38706,0
14578000,1.38695,1.38695,1.38695,1.38695,0,1.38709,1.38709,1.38709,1.38709,0
14582000,1.38695,1.38695,1.38695,1.38695,0,1.38707,1.38707,1.38707,1.38707,0
14584000,1.38694,1.38694,1.38694,1.38694,0,1.38708,1.38708,1.38708,1.38708,0
14593000,1.38694,1.38695,1.38694,1.38695,0,1.38710,1.38710,1.38708,1.38708,0
14594000,1.38694,1.38694,1.38694,1.38694,0,1.38710,1.38710,1.38710,1.38710,0
14606000,1.38696,1.38696,1.38696,1.38696,0,1.38708,1.38708,1.38708,1.38708,0
14616000,1.38694,1.38694,1.38694,1.38694,0,1.38710,1.38710,1.38710,1.38710,0
14622000,1.38696,1.38696,1.38696,1.38696,0,1.38708,1.38708,1.38708,1.38708,0
14627000,1.38694,1.38694,1.38694,1.38694,0,1.38710,1.38710,1.38710,1.38710,0
14632000,1.38696,1.38696,1.38693,1.38693,0,1.38708,1.38709,1.38708,1.38709,0
14642000,1.38690,1.38690,1.38690,1.38690,0,1.38706,1.38706,1.38706,1.38706,0
14643000,1.38693,1.38693,1.38693,1.38693,0,1.38705,1.38705,1.38705,1.38705,0
14679000,1.38690,1.38690,1.38688,1.38688,0,1.38702,1.38703,1.38702,1.38703,0
14693000,1.38688,1.38688,1.38688,1.38688,0,1.38702,1.38702,1.38702,1.38702,0
14695000,1.38689,1.38689,1.38689,1.38689,0,1.38702,1.38702,1.38702,1.38702,0
14696000,1.38687,1.38687,1.38687,1.38687,0,1.38702,1.38702,1.38702,1.38702,0
14706000,1.38688,1.38688,1.38688,1.38688,0,1.38701,1.38701,1.38701,1.38701,0
14710000,1.38687,1.38687,1.38687,1.38687,0,1.38702,1.38702,1.38702,1.38702,0
14785000,1.38688,1.38690,1.38688,1.38690,0,1.38704,1.38704,1.38704,1.38704,0
14786000,1.38692,1.38692,1.38688,1.38688,0,1.38704,1.38707,1.38704,1.38707,0
14788000,1.38690,1.38690,1.38690,1.38690,0,1.38707,1.38707,1.38707,1.38707,0
14789000,1.38692,1.38692,1.38692,1.38692,0,1.38704,1.38704,1.38704,1.38704,0
14796000,1.38691,1.38691,1.38690,1.38690,0,1.38706,1.38707,1.38706,1.38707,0
14797000,1.38693,1.38693,1.38693,1.38693,0,1.38708,1.38708,1.38708,1.38708,0
14806000,1.38693,1.38693,1.38693,1.38693,0,1.38706,1.38706,1.38706,1.38706,0
14807000,1.38692,1.38692,1.38692,1.38692,0,1.38707,1.38707,1.38707,1.38707,0
14826000,1.38694,1.38694,1.38694,1.38694,0,1.38707,1.38707,1.38707,1.38707,0
14859000,1.38694,1.38694,1.38694,1.38694,0,1.38707,1.38707,1.38707,1.38707,0
14878000,1.38694,1.38694,1.38694,1.38694,0,1.38707,1.38707,1.38707,1.38707,0
14890000,1.38694,1.38694,1.38694,1.38694,0,1.38707,1.38707,1.38707,1.38707,0
14911000,1.38694,1.38694,1.38692,1.38692,0,1.38707,1.38707,1.38707,1.38707,0
14924000,1.38694,1.38694,1.38694,1.38694,0,1.38707,1.38707,1.38707,1.38707,0
14984000,1.38694,1.38694,1.38694,1.38694,0,1.38706,1.38706,1.38706,1.38706,0
15002000,1.38694,1.38694,1.38694,1.38694,0,1.38707,1.38707,1.38707,1.38707,0
15008000,1.38693,1.38693,1.38693,1.38693,0,1.38707,1.38707,1.38707,1.38707,0
15040000,1.38693,1.38693,1.38693,1.38693,0,1.38706,1.38706,1.38706,1.38706,0
15041000,1.38694,1.38694,1.38694,1.38694,0,1.38705,1.38705,1.38705,1.38705,0
15048000,1.38693,1.38693,1.38693,1.38693,0,1.38707,1.38707,1.38707,1.38707,0
15067000,1.38693,1.38693,1.38693,1.38693,0,1.38706,1.38706,1.38706,1.38706,0
15070000,1.38693,1.38693,1.38693,1.38693,0,1.38707,1.38707,1.38707,1.38707,0
15072000,1.38693,1.38693,1.38693,1.38693,0,1.38706,1.38706,1.38706,1.38706,0
15205000,1.38694,1.38694,1.38694,1.38694,0,1.38709,1.38709,1.38709,1.38709,0
15215000,1.38695,1.38695,1.38695,1.38695,0,1.38707,1.38707,1.38707,1.38707,0
15232000,1.38694,1.38694,1.38694,1.38694,0,1.38708,1.38708,1.38708,1.38708,0
15234000,1.38694,1.38694,1.38694,1.38694,0,1.38707,1.38707,1.38707,1.38707,0
15271000,1.38697,1.38698,1.38697,1.38698,0,1.38710,1.38710,1.38710,1.38710,0
15294000,1.38696,1.38696,1.38694,1.38694,0,1.38711,1.38711,1.38709,1.38709,0
15309000,1.38692,1.38692,1.38692,1.38692,0,1.38708,1.38708,1.38706,1.38706,0
15319000,1.38694,1.38694,1.38694,1.38694,0,1.38706,1.38706,1.38706,1.38706,0
15322000,1.38692,1.38692,1.38692,1.38692,0,1.38706,1.38706,1.38706,1.38706,0
15323000,1.38693,1.38693,1.38693,1.38693,0,1.38705,1.38705,1.38705,1.38705,0
15325000,1.38694,1.38695,1.38694,1.38695,0,1.38707,1.38709,1.38707,1.38709,0
15326000,1.38692,1.38692,1.38692,1.38692,0,1.38708,1.38708,1.38708,1.38708,0
15335000,1.38694,1.38694,1.38694,1.38694,0,1.38707,1.38707,1.38707,1.38707,0
15339000,1.38693,1.38693,1.38693,1.38693,0,1.38708,1.38708,1.38708,1.38708,0
15340000,1.38693,1.38693,1.38693,1.38693,0,1.38707,1.38707,1.38707,1.38707,0
15355000,1.38694,1.38694,1.38692,1.38692,0,1.38707,1.38708,1.38706,1.38706,0
15375000,1.38692,1.38692,1.38692,1.38692,0,1.38705,1.38705,1.38705,1.38705,0
15394000,1.38693,1.38693,1.38693,1.38693,0,1.38707,1.38707,1.38707,1.38707,0
15438000,1.38691,1.38691,1.38691,1.38691,0,1.38705,1.38705,1.38705,1.38705,0
15507000,1.38691,1.38691,1.38691,1.38691,0,1.38706,1.38706,1.38706,1.38706,0
15509000,1.38694,1.38694,1.38694,1.38694,0,1.38708,1.38708,1.38708,1.38708,0
15511000,1.38693,1.38693,1.38693,1.38693,0,1.38709,1.38709,1.38709,1.38709,0
15521000,1.38694,1.38694,1.38694,1.38694,0,1.38708,1.38708,1.38708,1.38708,0
15525000,1.38695,1.38695,1.38695,1.38695,0,1.38710,1.38710,1.38710,1.38710,0
15526000,1.38695,1.38695,1.38695,1.38695,0,1.38709,1.38709,1.38709,1.38709,0
15601000,1.38695,1.38695,1.38695,1.38695,0,1.38707,1.38707,1.38707,1.38707,0
15629000,1.38693,1.38693,1.38693,1.38693,0,1.38707,1.38707,1.38707,1.38707,0
15631000,1.38694,1.38697,1.38694,1.38696,0,1.38707,1.38711,1.38707,1.38711,0
15632000,1.38696,1.38696,1.38696,1.38696,0,1.38710,1.38710,1.38710,1.38710,0
15642000,1.38696,1.38696,1.38696,1.38696,0,1.38711,1.38711,1.38711,1.38711,0
15643000,1.38697,1.38697,1.38697,1.38697,0,1.38711,1.38711,1.38711,1.38711,0
15649000,1.38697,1.38697,1.38697,1.38697,0,1.38713,1.38713,1.38713,1.38713,0
15663000,1.38699,1.38700,1.38699,1.38700,0,1.38715,1.38715,1.38715,1.38715,0
15664000,1.38701,1.38701,1.38701,1.38701,0,1.38715,1.38715,1.38715,1.38715,0
15749000,1.38699,1.38699,1.38699,1.38699,0,1.38713,1.38713,1.38713,1.38713,0
15752000,1.38699,1.38699,1.38699,1.38699,0,1.38714,1.38714,1.38714,1.38714,0
15771000,1.38700,1.38700,1.38700,1.38700,0,1.38714,1.38714,1.38714,1.38714,0
15780000,1.38700,1.38700,1.38700,1.38700,0,1.38712,1.38712,1.38712,1.38712,0
15834000,1.38701,1.38701,1.38701,1.38701,0,1.38714,1.38714,1.38714,1.38714,0
15880000,1.38701,1.38701,1.38701,1.38701,0,1.38715,1.38715,1.38715,1.38715,0
15945000,1.38701,1.38701,1.38701,1.38701,0,1.38714,1.38714,1.38714,1.38714,0
15982000,1.38701,1.38701,1.38700,1.38701,0,1.38715,1.38718,1.38715,1.38718,0
15983000,1.38702,1.38702,1.38702,1.38702,0,1.38717,1.38717,1.38717,1.38717,0
16108000,1.38701,1.38701,1.38701,1.38701,0,1.38715,1.38715,1.38715,1.38715,0
16197000,1.38702,1.38702,1.38702,1.38702,0,1.38717,1.38717,1.38717,1.38717,0
16231000,1.38701,1.38701,1.38701,1.38701,0,1.38715,1.38715,1.38715,1.38715,0
16341000,1.38702,1.38702,1.38702,1.38702,0,1.38717,1.38717,1.38717,1.38717,0
16389000,1.38702,1.38702,1.38702,1.38702,0,1.38718,1.38718,1.38718,1.38718,0
16542000,1.38701,1.38701,1.38701,1.38701,0,1.38716,1.38716,1.38716,1.38716,0
16564000,1.38700,1.38700,1.38700,1.38700,0,1.38716,1.38716,1.38716,1.38716,0
16565000,1.38701,1.38701,1.38701,1.38701,0,1.38714,1.38714,1.38714,1.38714,0
16569000,1.38701,1.38701,1.38701,1.38701,0,1.38716,1.38716,1.38716,1.38716,0
16570000,1.38702,1.38702,1.38702,1.38702,0,1.38715,1.38715,1.38715,1.38715,0
16571000,1.38700,1.38700,1.38700,1.38700,0,1.38716,1.38716,1.38716,1.38716,0
16592000,1.38701,1.38701,1.38701,1.38701,0,1.38716,1.38716,1.38716,1.38716,0
16692000,1.38700,1.38708,1.38700,1.38708,0,1.38716,1.38724,1.38716,1.38723,0
16711000,1.38710,1.38710,1.38710,1.38710,0,1.38723,1.38723,1.38723,1.38723,0
16719000,1.38710,1.38710,1.38710,1.38710,0,1.38725,1.38725,1.38725,1.38725,0
16720000,1.38711,1.38711,1.38711,1.38711,0,1.38725,1.38725,1.38725,1.38725,0
16728000,1.38709,1.38710,1.38709,1.38709,0,1.38723,1.38724,1.38723,1.38724,0
16729000,1.38712,1.38712,1.38712,1.38712,0,1.38725,1.38725,1.38725,1.38725,0
16743000,1.38714,1.38714,1.38714,1.38714,0,1.38728,1.38728,1.38728,1.38728,0
16788000,1.38717,1.38717,1.38716,1.38717,0,1.38731,1.38732,1.38731,1.38731,0
16800000,1.38718,1.38719,1.38718,1.38719,0,1.38731,1.38733,1.38731,1.38733,0
16801000,1.38720,1.38720,1.38720,1.38720,0,1.38733,1.38733,1.38733,1.38733,0
16802000,1.38719,1.38719,1.38719,1.38719,0,1.38733,1.38733,1.38733,1.38733,0
16803000,1.38720,1.38720,1.38720,1.38720,0,1.38732,1.38732,1.38732,1.38732,0
16804000,1.38719,1.38719,1.38718,1.38718,0,1.38734,1.38734,1.38732,1.38732,0
16805000,1.38718,1.38718,1.38718,1.38718,0,1.38730,1.38730,1.38730,1.38730,0
16807000,1.38716,1.38718,1.38716,1.38718,0,1.38730,1.38731,1.38730,1.38731,0
16811000,1.38719,1.38719,1.38719,1.38719,0,1.38730,1.38730,1.38730,1.38730,0
16812000,1.38720,1.38720,1.38719,1.38719,0,1.38730,1.38731,1.38730,1.38731,0
16813000,1.38719,1.38719,1.38719,1.38719,0,1.38730,1.38730,1.38730,1.38730,0
16824000,1.38717,1.38717,1.38715,1.38715,0,1.38731,1.38733,1.38731,1.38733,0
16825000,1.38716,1.38716,1.38715,1.38715,0,1.38732,1.38732,1.38730,1.38730,0
16831000,1.38717,1.38717,1.38717,1.38717,0,1.38728,1.38728,1.38728,1.38728,0
16848000,1.38716,1.38716,1.38716,1.38716,0,1.38728,1.38728,1.38728,1.38728,0
16872000,1.38715,1.38715,1.38715,1.38715,0,1.38729,1.38729,1.38729,1.38729,0
16875000,1.38716,1.38716,1.38716,1.38716,0,1.38728,1.38728,1.38728,1.38728,0
16912000,1.38714,1.38714,1.38714,1.38714,0,1.38728,1.38728,1.38728,1.38728,0
16931000,1.38715,1.38715,1.38715,1.38715,0,1.38728,1.38728,1.38728,1.38728,0
16964000,1.38715,1.38715,1.38715,1.38715,0,1.38730,1.38730,1.38730,1.38730,0
16976000,1.38715,1.38715,1.38715,1.38715,0,1.38728,1.38728,1.38728,1.38728,0
17012000,1.38714,1.38714,1.38714,1.38714,0,1.38728,1.38728,1.38728,1.38728,0
17018000,1.38715,1.38715,1.38712,1.38712,0,1.38727,1.38728,1.38726,1.38726,0
17079000,1.38714,1.38714,1.38714,1.38714,0,1.38728,1.38728,1.38728,1.38728,0
17109000,1.38714,1.38714,1.38714,1.38714,0,1.38727,1.38727,1.38727,1.38727,0
17122000,1.38714,1.38714,1.38714,1.38714,0,1.38729,1.38729,1.38729,1.38729,0
17135000,1.38715,1.38715,1.38715,1.38715,0,1.38728,1.38728,1.38728,1.38728,0
17140000,1.38714,1.38714,1.38714,1.38714,0,1.38728,1.38728,1.38728,1.38728,0
17141000,1.38712,1.38712,1.38712,1.38712,0,1.38724,1.38724,1.38724,1.38724,0
17143000,1.38712,1.38712,1.38712,1.38712,0,1.38725,1.38725,1.38725,1.38725,0
17239000,1.38713,1.38713,1.38713,1.38713,0,1.38725,1.38725,1.38725,1.38725,0
17311000,1.38712,1.38712,1.38712,1.38712,0,1.38726,1.38726,1.38726,1.38726,0
17330000,1.38714,1.38714,1.38714,1.38714,0,1.38728,1.38728,1.38728,1.38728,0
17479000,1.38715,1.38715,1.38715,1.38715,0,1.38728,1.38728,1.38728,1.38728,0
17495000,1.38714,1.38714,1.38714,1.38714,0,1.38728,1.38728,1.38728,1.38728,0
17508000,1.38714,1.38714,1.38714,1.38714,0,1.38726,1.38726,1.38726,1.38726,0
17514000,1.38714,1.38714,1.38714,1.38714,0,1.38727,1.38727,1.38727,1.38727,0
17520000,1.38715,1.38715,1.38715,1.38715,0,1.38730,1.38730,1.38729,1.38729,0
17534000,1.38714,1.38714,1.38714,1.38714,0,1.38726,1.38726,1.38726,1.38726,0
17536000,1.38716,1.38716,1.38716,1.38716,0,1.38728,1.38728,1.38728,1.38728,0
17568000,1.38714,1.38714,1.38714,1.38714,0,1.38726,1.38726,1.38726,1.38726,0
17573000,1.38714,1.38714,1.38714,1.38714,0,1.38728,1.38728,1.38728,1.38728,0
17834000,1.38711,1.38711,1.38711,1.38711,0,1.38726,1.38726,1.38726,1.38726,0
17859000,1.38713,1.38713,1.38713,1.38713,0,1.38725,1.38725,1.38725,1.38725,0
17883000,1.38712,1.38712,1.38712,1.38712,0,1.38725,1.38725,1.38725,1.38725,0
17895000,1.38714,1.38714,1.38714,1.38714,0,1.38726,1.38726,1.38726,1.38726,0
17896000,1.38713,1.38713,1.38713,1.38713,0,1.38727,1.38727,1.38727,1.38727,0
17899000,1.38714,1.38714,1.38714,1.38714,0,1.38726,1.38726,1.38726,1.38726,0
17910000,1.38713,1.38713,1.38713,1.38713,0,1.38727,1.38727,1.38727,1.38727,0
17915000,1.38714,1.38714,1.38714,1.38714,0,1.38726,1.38726,1.38726,1.38726,0
17920000,1.38713,1.38713,1.38713,1.38713,0,1.38727,1.38727,1.38727,1.38727,0
17935000,1.38715,1.38718,1.38715,1.38718,0,1.38729,1.38732,1.38729,1.38732,0
17955000,1.38720,1.38721,1.38720,1.38721,0,1.38733,1.38735,1.38733,1.38735,0
17960000,1.38724,1.38724,1.38724,1.38724,0,1.38738,1.38738,1.38738,1.38738,0
17961000,1.38725,1.38725,1.38723,1.38723,0,1.38738,1.38738,1.38736,1.38737,0
17967000,1.38726,1.38726,1.38726,1.38726,0,1.38738,1.38738,1.38738,1.38738,0
17968000,1.38724,1.38724,1.38724,1.38724,0,1.38739,1.38739,1.38739,1.38739,0
17970000,1.38724,1.38724,1.38723,1.38723,0,1.38736,1.38737,1.38736,1.38737,0
17977000,1.38726,1.38726,1.38726,1.38726,0,1.38739,1.38739,1.38739,1.38739,0
17992000,1.38723,1.38723,1.38723,1.38723,0,1.38737,1.38737,1.38737,1.38737,0
17998000,1.38724,1.38724,1.38724,1.38724,0,1.38736,1.38736,1.38736,1.38736,0
18002000,1.38722,1.38722,1.38722,1.38722,0,1.38735,1.38735,1.38735,1.38735,0
18016000,1.38724,1.38724,1.38724,1.38724,0,1.38737,1.38737,1.38737,1.38737,0
18017000,1.38724,1.38724,1.38724,1.38724,0,1.38736,1.38736,1.38736,1.38736,0
18021000,1.38723,1.38723,1.38723,1.38723,0,1.38736,1.38736,1.38736,1.38736,0
18022000,1.38720,1.38720,1.38720,1.38720,0,1.38733,1.38733,1.38733,1.38733,0
18128000,1.38719,1.38719,1.38719,1.38719,0,1.38733,1.38733,1.38733,1.38733,0
18151000,1.38720,1.38720,1.38720,1.38720,0,1.38732,1.38732,1.38732,1.38732,0
18187000,1.38719,1.38719,1.38719,1.38719,0,1.38733,1.38733,1.38733,1.38733,0
18329000,1.38720,1.38720,1.38720,1.38720,0,1.38733,1.38733,1.38733,1.38733,0
18333000,1.38719,1.38719,1.38719,1.38719,0,1.38734,1.38734,1.38734,1.38734,0
18346000,1.38719,1.38719,1.38719,1.38719,0,1.38733,1.38733,1.38733,1.38733,0
18347000,1.38720,1.38720,1.38720,1.38720,0,1.38732,1.38732,1.38732,1.38732,0
18350000,1.38719,1.38719,1.38719,1.38719,0,1.38732,1.38732,1.38732,1.38732,0
18351000,1.38720,1.38720,1.38720,1.38720,0,1.38732,1.38732,1.38732,1.38732,0
18352000,1.38719,1.38719,1.38719,1.38719,0,1.38732,1.38732,1.38732,1.38732,0
18353000,1.38720,1.38720,1.38720,1.38720,0,1.38732,1.38732,1.38732,1.38732,0
18364000,1.38719,1.38719,1.38714,1.38714,0,1.38732,1.38732,1.38729,1.38729,0
18365000,1.38715,1.38717,1.38715,1.38717,0,1.38729,1.38729,1.38727,1.38727,0
18386000,1.38717,1.38717,1.38717,1.38717,0,1.38728,1.38728,1.38728,1.38728,0
18397000,1.38714,1.38714,1.38714,1.38714,0,1.38730,1.38730,1.38730,1.38730,0
18398000,1.38714,1.38714,1.38714,1.38714,0,1.38729,1.38729,1.38729,1.38729,0
18405000,1.38714,1.38714,1.38710,1.38710,0,1.38727,1.38727,1.38724,1.38725,0
18406000,1.38710,1.38710,1.38710,1.38710,0,1.38724,1.38724,1.38724,1.38724,0
18408000,1.38710,1.38710,1.38710,1.38710,0,1.38723,1.38723,1.38723,1.38723,0
18428000,1.38711,1.38711,1.38711,1.38711,0,1.38722,1.38722,1.38722,1.38722,0
18437000,1.38710,1.38711,1.38709,1.38709,0,1.38724,1.38724,1.38723,1.38723,0
18440000,1.38708,1.38708,1.38708,1.38708,0,1.38721,1.38721,1.38721,1.38721,0
18442000,1.38707,1.38707,1.38707,1.38707,0,1.38722,1.38722,1.38722,1.38722,0
18448000,1.38708,1.38708,1.38708,1.38708,0,1.38722,1.38722,1.38722,1.38722,0
18450000,1.38709,1.38709,1.38709,1.38709,0,1.38721,1.38721,1.38721,1.38721,0
18459000,1.38708,1.38708,1.38708,1.38708,0,1.38722,1.38722,1.38722,1.38722,0
18473000,1.38708,1.38708,1.38705,1.38706,0,1.38724,1.38724,1.38719,1.38719,0
18474000,1.38707,1.38707,1.38705,1.38705,0,1.38718,1.38719,1.38718,1.38719,0
18494000,1.38706,1.38706,1.38706,1.38706,0,1.38717,1.38717,1.38717,1.38717,0
18521000,1.38706,1.38706,1.38701,1.38706,0,1.38720,1.38720,1.38716,1.38718,0
18560000,1.38705,1.38705,1.38703,1.38704,0,1.38718,1.38719,1.38718,1.38719,0
18561000,1.38705,1.38705,1.38705,1.38705,0,1.38718,1.38718,1.38717,1.38717,0
18563000,1.38705,1.38705,1.38705,1.38705,0,1.38718,1.38718,1.38718,1.38718,0
18587000,1.38703,1.38703,1.38703,1.38703,0,1.38718,1.38718,1.38718,1.38718,0
18588000,1.38702,1.38702,1.38702,1.38702,0,1.38716,1.38716,1.38716,1.38716,0
18593000,1.38700,1.38700,1.38700,1.38700,0,1.38715,1.38715,1.38715,1.38715,0
18594000,1.38701,1.38701,1.38701,1.38701,0,1.38715,1.38715,1.38715,1.38715,0
18602000,1.38700,1.38700,1.38700,1.38700,0,1.38715,1.38715,1.38715,1.38715,0
18608000,1.38701,1.38701,1.38701,1.38701,0,1.38715,1.38715,1.38715,1.38715,0
18614000,1.38700,1.38701,1.38700,1.38701,0,1.38715,1.38715,1.38715,1.38715,0
18625000,1.38702,1.38702,1.38702,1.38702,0,1.38717,1.38717,1.38717,1.38717,0
18635000,1.38704,1.38704,1.38704,1.38704,0,1.38717,1.38717,1.38717,1.38717,0
18668000,1.38703,1.38703,1.38703,1.38703,0,1.38718,1.38718,1.38718,1.38718,0
18674000,1.38703,1.38708,1.38702,1.38708,0,1.38715,1.38721,1.38715,1.38721,0
18675000,1.38709,1.38709,1.38709,1.38709,0,1.38723,1.38723,1.38723,1.38723,0
18678000,1.38710,1.38710,1.38710,1.38710,0,1.38723,1.38723,1.38723,1.38723,0
18714000,1.38709,1.38709,1.38709,1.38709,0,1.38725,1.38725,1.38724,1.38724,0
18758000,1.38707,1.38707,1.38704,1.38705,0,1.38722,1.38722,1.38716,1.38716,0
18764000,1.38705,1.38705,1.38705,1.38705,0,1.38717,1.38717,1.38717,1.38717,0
18791000,1.38705,1.38705,1.38705,1.38705,0,1.38719,1.38719,1.38719,1.38719,0
18823000,1.38705,1.38705,1.38705,1.38705,0,1.38720,1.38720,1.38720,1.38720,0
18833000,1.38706,1.38706,1.38705,1.38705,0,1.38720,1.38721,1.38720,1.38720,0
18834000,1.38706,1.38706,1.38703,1.38704,0,1.38720,1.38722,1.38719,1.38719,0
18835000,1.38705,1.38705,1.38705,1.38705,0,1.38718,1.38718,1.38718,1.38718,0
18838000,1.38707,1.38707,1.38707,1.38707,0,1.38721,1.38721,1.38721,1.38721,0
18839000,1.38707,1.38707,1.38703,1.38704,0,1.38719,1.38720,1.38716,1.38716,0
18858000,1.38703,1.38703,1.38703,1.38703,0,1.38716,1.38716,1.38716,1.38716,0
18872000,1.38704,1.38704,1.38704,1.38704,0,1.38716,1.38716,1.38716,1.38716,0
18876000,1.38703,1.38703,1.38703,1.38703,0,1.38717,1.38717,1.38717,1.38717,0
18887000,1.38704,1.38704,1.38704,1.38704,0,1.38716,1.38716,1.38716,1.38716,0
18911000,1.38702,1.38702,1.38702,1.38702,0,1.38716,1.38716,1.38716,1.38716,0
18931000,1.38700,1.38701,1.38700,1.38700,0,1.38715,1.38715,1.38714,1.38714,0
18955000,1.38700,1.38700,1.38700,1.38700,0,1.38713,1.38713,1.38711,1.38711,0
18964000,1.38699,1.38699,1.38692,1.38692,0,1.38712,1.38712,1.38706,1.38706,0
18965000,1.38693,1.38696,1.38693,1.38696,0,1.38706,1.38711,1.38706,1.38711,0
18966000,1.38697,1.38698,1.38695,1.38695,0,1.38711,1.38711,1.38709,1.38709,0
18968000,1.38693,1.38693,1.38690,1.38691,0,1.38708,1.38708,1.38705,1.38705,0
18969000,1.38692,1.38695,1.38692,1.38695,0,1.38704,1.38711,1.38704,1.38711,0
18970000,1.38697,1.38698,1.38697,1.38698,0,1.38709,1.38711,1.38709,1.38711,0
18986000,1.38697,1.38697,1.38697,1.38697,0,1.38712,1.38712,1.38712,1.38712,0
18995000,1.38698,1.38698,1.38698,1.38698,0,1.38711,1.38711,1.38711,1.38711,0
19001000,1.38697,1.38698,1.38697,1.38698,0,1.38713,1.38713,1.38713,1.38713,0
19034000,1.38701,1.38701,1.38701,1.38701,0,1.38713,1.38713,1.38713,1.38713,0
19036000,1.38700,1.38700,1.38700,1.38700,0,1.38713,1.38713,1.38713,1.38713,0
19046000,1.38701,1.38701,1.38701,1.38701,0,1.38712,1.38712,1.38712,1.38712,0
19051000,1.38700,1.38700,1.38700,1.38700,0,1.38713,1.38713,1.38713,1.38713,0
19062000,1.38700,1.38700,1.38700,1.38700,0,1.38711,1.38711,1.38711,1.38711,0
19063000,1.38698,1.38698,1.38698,1.38698,0,1.38711,1.38711,1.38711,1.38711,0
19094000,1.38697,1.38697,1.38697,1.38697,0,1.38712,1.38712,1.38712,1.38712,0
19104000,1.38699,1.38699,1.38699,1.38699,0,1.38712,1.38712,1.38712,1.38712,0
19114000,1.38700,1.38700,1.38700,1.38700,0,1.38712,1.38712,1.38712,1.38712,0
19168000,1.38699,1.38699,1.38699,1.38699,0,1.38713,1.38713,1.38713,1.38713,0
19195000,1.38700,1.38700,1.38700,1.38700,0,1.38713,1.38713,1.38713,1.38713,0
19202000,1.38701,1.38701,1.38701,1.38701,0,1.38713,1.38713,1.38713,1.38713,0
19241000,1.38702,1.38702,1.38702,1.38702,0,1.38715,1.38715,1.38715,1.38715,0
19283000,1.38700,1.38706,1.38700,1.38706,0,1.38716,1.38719,1.38716,1.38718,0
19292000,1.38708,1.38708,1.38708,1.38708,0,1.38720,1.38720,1.38720,1.38720,0
19293000,1.38706,1.38707,1.38706,1.38707,0,1.38720,1.38720,1.38720,1.38720,0
19294000,1.38708,1.38708,1.38708,1.38708,0,1.38720,1.38720,1.38720,1.38720,0
19308000,1.38706,1.38706,1.38706,1.38706,0,1.38720,1.38720,1.38720,1.38720,0
19320000,1.38708,1.38709,1.38708,1.38708,0,1.38721,1.38724,1.38721,1.38724,0
19328000,1.38710,1.38710,1.38710,1.38710,0,1.38724,1.38724,1.38724,1.38724,0
19401000,1.38707,1.38707,1.38705,1.38705,0,1.38721,1.38721,1.38719,1.38719,0
19404000,1.38706,1.38706,1.38706,1.38706,0,1.38719,1.38719,1.38719,1.38719,0
19414000,1.38704,1.38704,1.38704,1.38704,0,1.38719,1.38719,1.38719,1.38719,0
19426000,1.38707,1.38707,1.38707,1.38707,0,1.38720,1.38720,1.38720,1.38720,0
19439000,1.38707,1.38707,1.38707,1.38707,0,1.38722,1.38722,1.38722,1.38722,0
19442000,1.38705,1.38705,1.38705,1.38705,0,1.38719,1.38719,1.38719,1.38719,0
19448000,1.38706,1.38706,1.38706,1.38706,0,1.38717,1.38717,1.38717,1.38717,0
19468000,1.38709,1.38709,1.38708,1.38709,0,1.38720,1.38723,1.38720,1.38723,0
19530000,1.38709,1.38709,1.38709,1.38709,0,1.38724,1.38724,1.38724,1.38724,0
19531000,1.38709,1.38709,1.38709,1.38709,0,1.38723,1.38723,1.38723,1.38723,0
19563000,1.38710,1.38710,1.38709,1.38709,0,1.38723,1.38724,1.38723,1.38724,0
19566000,1.38710,1.38710,1.38710,1.38710,0,1.38723,1.38723,1.38723,1.38723,0
19574000,1.38709,1.38709,1.38709,1.38709,0,1.38724,1.38724,1.38724,1.38724,0
19598000,1.38710,1.38710,1.38710,1.38710,0,1.38723,1.38723,1.38723,1.38723,0
19617000,1.38712,1.38712,1.38712,1.38712,0,1.38725,1.38725,1.38725,1.38725,0
19618000,1.38712,1.38718,1.38712,1.38716,0,1.38724,1.38733,1.38724,1.38730,0
19619000,1.38718,1.38718,1.38718,1.38718,0,1.38731,1.38731,1.38731,1.38731,0
19622000,1.38717,1.38717,1.38717,1.38717,0,1.38732,1.38732,1.38730,1.38730,0
19636000,1.38717,1.38717,1.38717,1.38717,0,1.38731,1.38731,1.38731,1.38731,0
19643000,1.38719,1.38719,1.38719,1.38719,0,1.38731,1.38731,1.38731,1.38731,0
19649000,1.38719,1.38719,1.38719,1.38719,0,1.38732,1.38732,1.38732,1.38732,0
19678000,1.38720,1.38720,1.38720,1.38720,0,1.38732,1.38732,1.38732,1.38732,0
19679000,1.38719,1.38719,1.38719,1.38719,0,1.38733,1.38733,1.38733,1.38733,0
19682000,1.38721,1.38721,1.38721,1.38721,0,1.38735,1.38735,1.38735,1.38735,0
19694000,1.38723,1.38723,1.38723,1.38723,0,1.38736,1.38737,1.38736,1.38737,0
19695000,1.38724,1.38724,1.38723,1.38723,0,1.38736,1.38737,1.38736,1.38737,0
19700000,1.38723,1.38725,1.38723,1.38725,0,1.38738,1.38738,1.38738,1.38738,0
19704000,1.38727,1.38727,1.38726,1.38727,0,1.38739,1.38740,1.38739,1.38740,0
19707000,1.38727,1.38729,1.38727,1.38727,0,1.38743,1.38743,1.38741,1.38743,0
19708000,1.38728,1.38728,1.38728,1.38728,0,1.38742,1.38742,1.38742,1.38742,0
19709000,1.38726,1.38727,1.38726,1.38727,0,1.38742,1.38742,1.38742,1.38742,0
19710000,1.38729,1.38729,1.38727,1.38727,0,1.38742,1.38743,1.38741,1.38743,0
19711000,1.38727,1.38727,1.38727,1.38727,0,1.38741,1.38741,1.38741,1.38741,0
19713000,1.38728,1.38728,1.38728,1.38728,0,1.38740,1.38740,1.38740,1.38740,0
19714000,1.38728,1.38732,1.38728,1.38731,0,1.38741,1.38744,1.38741,1.38744,0
19715000,1.38731,1.38731,1.38731,1.38731,0,1.38742,1.38742,1.38742,1.38742,0
19718000,1.38729,1.38729,1.38729,1.38729,0,1.38743,1.38743,1.38743,1.38743,0
19720000,1.38730,1.38730,1.38730,1.38730,0,1.38743,1.38743,1.38743,1.38743,0
19721000,1.38732,1.38732,1.38731,1.38732,0,1.38745,1.38746,1.38745,1.38746,0
19723000,1.38734,1.38737,1.38733,1.38735,0,1.38748,1.38752,1.38748,1.38750,0
19724000,1.38733,1.38733,1.38733,1.38733,0,1.38747,1.38748,1.38747,1.38748,0
19726000,1.38731,1.38733,1.38731,1.38733,0,1.38745,1.38748,1.38744,1.38748,0
19727000,1.38733,1.38733,1.38732,1.38732,0,1.38747,1.38748,1.38747,1.38748,0
19730000,1.38733,1.38733,1.38733,1.38733,0,1.38747,1.38747,1.38747,1.38747,0
19731000,1.38730,1.38733,1.38730,1.38733,0,1.38746,1.38747,1.38744,1.38746,0
19732000,1.38734,1.38734,1.38734,1.38734,0,1.38746,1.38746,1.38746,1.38746,0
19738000,1.38733,1.38733,1.38733,1.38733,0,1.38747,1.38747,1.38747,1.38747,0
19739000,1.38733,1.38733,1.38733,1.38733,0,1.38748,1.38748,1.38748,1.38748,0
19745000,1.38734,1.38734,1.38734,1.38734,0,1.38747,1.38747,1.38747,1.38747,0
19749000,1.38733,1.38733,1.38733,1.38733,0,1.38748,1.38748,1.38748,1.38748,0
19751000,1.38736,1.38736,1.38736,1.38736,0,1.38750,1.38750,1.38750,1.38750,0
19754000,1.38738,1.38740,1.38738,1.38739,0,1.38752,1.38752,1.38752,1.38752,0
19755000,1.38737,1.38738,1.38736,1.38738,0,1.38750,1.38753,1.38750,1.38753,0
19756000,1.38738,1.38740,1.38738,1.38740,0,1.38750,1.38753,1.38750,1.38753,0
19760000,1.38740,1.38740,1.38740,1.38740,0,1.38754,1.38754,1.38754,1.38754,0
19767000,1.38737,1.38737,1.38737,1.38737,0,1.38751,1.38751,1.38750,1.38750,0
19768000,1.38737,1.38737,1.38737,1.38737,0,1.38751,1.38751,1.38751,1.38751,0
19770000,1.38735,1.38735,1.38733,1.38734,0,1.38751,1.38751,1.38748,1.38748,0
19794000,1.38732,1.38732,1.38731,1.38731,0,1.38746,1.38746,1.38746,1.38746,0
19798000,1.38728,1.38728,1.38727,1.38727,0,1.38743,1.38743,1.38743,1.38743,0
19799000,1.38727,1.38727,1.38727,1.38727,0,1.38741,1.38741,1.38741,1.38741,0
19803000,1.38726,1.38726,1.38721,1.38721,0,1.38739,1.38739,1.38735,1.38735,0
19804000,1.38722,1.38722,1.38720,1.38720,0,1.38734,1.38736,1.38734,1.38736,0
19805000,1.38721,1.38721,1.38721,1.38721,0,1.38735,1.38735,1.38735,1.38735,0
19806000,1.38723,1.38723,1.38723,1.38723,0,1.38734,1.38734,1.38734,1.38734,0
19808000,1.38722,1.38722,1.38718,1.38718,0,1.38734,1.38734,1.38734,1.38734,0
19809000,1.38719,1.38719,1.38718,1.38718,0,1.38733,1.38734,1.38733,1.38733,0
19810000,1.38716,1.38716,1.38716,1.38716,0,1.38731,1.38731,1.38730,1.38730,0
19811000,1.38716,1.38716,1.38716,1.38716,0,1.38729,1.38729,1.38729,1.38729,0
19812000,1.38714,1.38714,1.38714,1.38714,0,1.38729,1.38729,1.38729,1.38729,0
19813000,1.38712,1.38712,1.38701,1.38701,0,1.38726,1.38726,1.38719,1.38719,0
19814000,1.38702,1.38704,1.38700,1.38701,0,1.38718,1.38718,1.38716,1.38716,0
19815000,1.38705,1.38706,1.38705,1.38706,0,1.38718,1.38720,1.38717,1.38719,0
19816000,1.38708,1.38711,1.38708,1.38711,0,1.38721,1.38726,1.38721,1.38724,0
19822000,1.38711,1.38711,1.38711,1.38711,0,1.38723,1.38723,1.38723,1.38723,0
19823000,1.38711,1.38711,1.38711,1.38711,0,1.38725,1.38725,1.38725,1.38725,0
19842000,1.38710,1.38710,1.38710,1.38710,0,1.38725,1.38725,1.38725,1.38725,0
19854000,1.38713,1.38714,1.38713,1.38714,0,1.38728,1.38728,1.38727,1.38727,0
19855000,1.38715,1.38715,1.38715,1.38715,0,1.38727,1.38727,1.38727,1.38727,0
19875000,1.38716,1.38716,1.38716,1.38716,0,1.38729,1.38729,1.38729,1.38729,0
19898000,1.38715,1.38715,1.38715,1.38715,0,1.38726,1.38726,1.38726,1.38726,0
19906000,1.38716,1.38716,1.38716,1.38716,0,1.38730,1.38732,1.38730,1.38732,0
19907000,1.38716,1.38720,1.38714,1.38715,0,1.38734,1.38739,1.38727,1.38727,0
19917000,1.38713,1.38713,1.38713,1.38713,0,1.38725,1.38725,1.38725,1.38725,0
19918000,1.38712,1.38712,1.38706,1.38707,0,1.38725,1.38725,1.38722,1.38722,0
19925000,1.38707,1.38707,1.38707,1.38707,0,1.38723,1.38723,1.38723,1.38723,0
19926000,1.38707,1.38708,1.38707,1.38707,0,1.38722,1.38723,1.38722,1.38723,0
19938000,1.38710,1.38710,1.38710,1.38710,0,1.38723,1.38723,1.38723,1.38723,0
19958000,1.38708,1.38710,1.38708,1.38710,0,1.38724,1.38724,1.38720,1.38720,0
19964000,1.38708,1.38710,1.38708,1.38710,0,1.38722,1.38723,1.38721,1.38721,0
19965000,1.38709,1.38709,1.38708,1.38708,0,1.38722,1.38724,1.38722,1.38724,0
19977000,1.38709,1.38709,1.38709,1.38709,0,1.38723,1.38723,1.38723,1.38723,0
20004000,1.38709,1.38709,1.38709,1.38709,0,1.38724,1.38724,1.38724,1.38724,0
20025000,1.38710,1.38710,1.38710,1.38710,0,1.38723,1.38723,1.38723,1.38723,0
20107000,1.38708,1.38708,1.38708,1.38708,0,1.38723,1.38723,1.38723,1.38723,0
20124000,1.38708,1.38708,1.38708,1.38708,0,1.38722,1.38722,1.38722,1.38722,0
20125000,1.38707,1.38707,1.38707,1.38707,0,1.38723,1.38723,1.38723,1.38723,0
20128000,1.38708,1.38708,1.38708,1.38708,0,1.38723,1.38723,1.38723,1.38723,0
20132000,1.38710,1.38710,1.38710,1.38710,0,1.38725,1.38725,1.38725,1.38725,0
20158000,1.38709,1.38709,1.38709,1.38709,0,1.38723,1.38723,1.38722,1.38722,0
20159000,1.38709,1.38709,1.38709,1.38709,0,1.38720,1.38720,1.38720,1.38720,0
20160000,1.38708,1.38708,1.38708,1.38708,0,1.38722,1.38722,1.38722,1.38722,0
20164000,1.38709,1.38709,1.38708,1.38709,0,1.38721,1.38724,1.38721,1.38724,0
20165000,1.38709,1.38710,1.38708,1.38710,0,1.38721,1.38724,1.38721,1.38724,0
20175000,1.38707,1.38707,1.38707,1.38707,0,1.38721,1.38721,1.38721,1.38721,0
20176000,1.38705,1.38705,1.38700,1.38700,0,1.38721,1.38721,1.38714,1.38714,0
20181000,1.38701,1.38701,1.38701,1.38701,0,1.38714,1.38714,1.38714,1.38714,0
20247000,1.38701,1.38701,1.38701,1.38701,0,1.38715,1.38715,1.38715,1.38715,0
20276000,1.38699,1.38699,1.38699,1.38699,0,1.38713,1.38713,1.38713,1.38713,0
20279000,1.38699,1.38699,1.38697,1.38697,0,1.38712,1.38712,1.38712,1.38712,0
20285000,1.38698,1.38698,1.38698,1.38698,0,1.38712,1.38712,1.38712,1.38712,0
20342000,1.38700,1.38703,1.38700,1.38703,0,1.38714,1.38716,1.38714,1.38716,0
20343000,1.38701,1.38701,1.38701,1.38701,0,1.38717,1.38717,1.38717,1.38717,0
20350000,1.38701,1.38701,1.38701,1.38701,0,1.38715,1.38715,1.38715,1.38715,0
20355000,1.38699,1.38701,1.38699,1.38701,0,1.38713,1.38715,1.38713,1.38715,0
20356000,1.38703,1.38704,1.38702,1.38703,0,1.38716,1.38717,1.38716,1.38716,0
20357000,1.38703,1.38703,1.38703,1.38703,0,1.38714,1.38714,1.38714,1.38714,0
20374000,1.38702,1.38703,1.38701,1.38703,0,1.38714,1.38715,1.38714,1.38715,0
20399000,1.38704,1.38704,1.38704,1.38704,0,1.38715,1.38715,1.38715,1.38715,0
20417000,1.38702,1.38702,1.38702,1.38702,0,1.38715,1.38715,1.38715,1.38715,0
20426000,1.38702,1.38702,1.38702,1.38702,0,1.38714,1.38714,1.38714,1.38714,0
20450000,1.38701,1.38703,1.38701,1.38703,0,1.38715,1.38717,1.38715,1.38716,0
20466000,1.38701,1.38701,1.38701,1.38701,0,1.38715,1.38715,1.38715,1.38715,0
20470000,1.38701,1.38701,1.38701,1.38701,0,1.38714,1.38714,1.38714,1.38714,0
20574000,1.38700,1.38700,1.38700,1.38700,0,1.38714,1.38714,1.38714,1.38714,0
20780000,1.38701,1.38701,1.38701,1.38701,0,1.38712,1.38712,1.38712,1.38712,0
20781000,1.38700,1.38700,1.38700,1.38700,0,1.38713,1.38713,1.38713,1.38713,0
20804000,1.38697,1.38698,1.38694,1.38694,0,1.38711,1.38711,1.38709,1.38709,0
20805000,1.38694,1.38694,1.38693,1.38693,0,1.38707,1.38707,1.38707,1.38707,0
20821000,1.38694,1.38694,1.38690,1.38690,0,1.38705,1.38705,1.38705,1.38705,0
20822000,1.38692,1.38692,1.38691,1.38691,0,1.38705,1.38706,1.38705,1.38706,0
20835000,1.38693,1.38693,1.38693,1.38693,0,1.38706,1.38706,1.38706,1.38706,0
20842000,1.38693,1.38693,1.38693,1.38693,0,1.38707,1.38707,1.38707,1.38707,0
20851000,1.38693,1.38693,1.38693,1.38693,0,1.38706,1.38706,1.38706,1.38706,0
20923000,1.38692,1.38693,1.38692,1.38693,0,1.38706,1.38706,1.38706,1.38706,0
20924000,1.38692,1.38694,1.38692,1.38693,0,1.38707,1.38708,1.38706,1.38706,0
20939000,1.38693,1.38693,1.38693,1.38693,0,1.38707,1.38707,1.38707,1.38707,0
20942000,1.38694,1.38694,1.38694,1.38694,0,1.38707,1.38707,1.38707,1.38707,0
20943000,1.38694,1.38696,1.38694,1.38696,0,1.38708,1.38709,1.38708,1.38709,0
20946000,1.38695,1.38696,1.38695,1.38695,0,1.38709,1.38710,1.38709,1.38709,0
20947000,1.38695,1.38696,1.38695,1.38696,0,1.38710,1.38710,1.38710,1.38710,0
20949000,1.38695,1.38695,1.38695,1.38695,0,1.38710,1.38710,1.38710,1.38710,0
20950000,1.38697,1.38697,1.38696,1.38696,0,1.38710,1.38711,1.38710,1.38711,0
20954000,1.38697,1.38697,1.38697,1.38697,0,1.38711,1.38711,1.38711,1.38711,0
20957000,1.38696,1.38696,1.38696,1.38696,0,1.38711,1.38711,1.38711,1.38711,0
20958000,1.38697,1.38698,1.38697,1.38698,0,1.38711,1.38711,1.38711,1.38711,0
21027000,1.38700,1.38700,1.38700,1.38700,0,1.38712,1.38712,1.38712,1.38712,0
21028000,1.38698,1.38698,1.38698,1.38698,0,1.38712,1.38712,1.38712,1.38712,0
21029000,1.38699,1.38699,1.38699,1.38699,0,1.38711,1.38711,1.38711,1.38711,0
21062000,1.38699,1.38699,1.38699,1.38699,0,1.38713,1.38713,1.38713,1.38713,0
21078000,1.38701,1.38701,1.38701,1.38701,0,1.38715,1.38715,1.38715,1.38715,0
21079000,1.38700,1.38700,1.38700,1.38700,0,1.38713,1.38713,1.38713,1.38713,0
21188000,1.38699,1.38700,1.38699,1.38700,0,1.38713,1.38713,1.38712,1.38713,0
21191000,1.38701,1.38701,1.38701,1.38701,0,1.38713,1.38713,1.38713,1.38713,0
21194000,1.38700,1.38700,1.38700,1.38700,0,1.38714,1.38714,1.38714,1.38714,0
21205000,1.38703,1.38704,1.38702,1.38704,0,1.38717,1.38719,1.38717,1.38719,0
21206000,1.38706,1.38706,1.38706,1.38706,0,1.38719,1.38720,1.38719,1.38720,0
21207000,1.38707,1.38707,1.38707,1.38707,0,1.38720,1.38720,1.38720,1.38720,0
21216000,1.38705,1.38707,1.38705,1.38707,0,1.38720,1.38721,1.38720,1.38721,0
21223000,1.38705,1.38706,1.38705,1.38706,0,1.38719,1.38719,1.38718,1.38718,0
21239000,1.38705,1.38705,1.38702,1.38703,0,1.38719,1.38719,1.38716,1.38716,0
21240000,1.38703,1.38703,1.38702,1.38702,0,1.38717,1.38717,1.38717,1.38717,0
21241000,1.38703,1.38703,1.38703,1.38703,0,1.38716,1.38716,1.38716,1.38716,0
21242000,1.38702,1.38702,1.38702,1.38702,0,1.38717,1.38717,1.38717,1.38717,0
21255000,1.38703,1.38703,1.38702,1.38702,0,1.38716,1.38717,1.38716,1.38717,0
21259000,1.38703,1.38703,1.38703,1.38703,0,1.38717,1.38717,1.38717,1.38717,0
21265000,1.38704,1.38704,1.38704,1.38704,0,1.38717,1.38717,1.38717,1.38717,0
21287000,1.38704,1.38704,1.38704,1.38704,0,1.38719,1.38719,1.38719,1.38719,0
21289000,1.38706,1.38706,1.38705,1.38705,0,1.38719,1.38719,1.38719,1.38719,0
21293000,1.38706,1.38706,1.38706,1.38706,0,1.38719,1.38719,1.38719,1.38719,0
21294000,1.38707,1.38711,1.38706,1.38711,0,1.38721,1.38725,1.38721,1.38724,0
21334000,1.38709,1.38709,1.38708,1.38708,0,1.38722,1.38723,1.38722,1.38723,0
21343000,1.38708,1.38708,1.38708,1.38708,0,1.38721,1.38721,1.38721,1.38721,0
21353000,1.38709,1.38709,1.38709,1.38709,0,1.38723,1.38723,1.38723,1.38723,0
21358000,1.38706,1.38707,1.38706,1.38707,0,1.38720,1.38720,1.38720,1.38720,0
21359000,1.38706,1.38706,1.38705,1.38705,0,1.38720,1.38721,1.38720,1.38721,0
21360000,1.38707,1.38707,1.38707,1.38707,0,1.38720,1.38721,1.38720,1.38721,0
21363000,1.38707,1.38707,1.38707,1.38707,0,1.38720,1.38720,1.38720,1.38720,0
21388000,1.38707,1.38707,1.38704,1.38704,0,1.38721,1.38721,1.38717,1.38717,0
21390000,1.38704,1.38704,1.38704,1.38704,0,1.38716,1.38716,1.38716,1.38716,0
21405000,1.38703,1.38703,1.38703,1.38703,0,1.38717,1.38717,1.38717,1.38717,0
21414000,1.38706,1.38706,1.38705,1.38706,0,1.38718,1.38720,1.38718,1.38719,0
21415000,1.38705,1.38705,1.38705,1.38705,0,1.38719,1.38719,1.38719,1.38719,0
21419000,1.38704,1.38704,1.38702,1.38703,0,1.38717,1.38717,1.38715,1.38715,0
21434000,1.38705,1.38705,1.38705,1.38705,0,1.38716,1.38716,1.38716,1.38716,0
21437000,1.38704,1.38704,1.38704,1.38704,0,1.38717,1.38717,1.38717,1.38717,0
21460000,1.38704,1.38704,1.38704,1.38704,0,1.38716,1.38716,1.38716,1.38716,0
21470000,1.38703,1.38703,1.38698,1.38698,0,1.38716,1.38716,1.38714,1.38714,0
21471000,1.38697,1.38697,1.38697,1.38697,0,1.38712,1.38712,1.38710,1.38711,0
21472000,1.38698,1.38698,1.38698,1.38698,0,1.38711,1.38711,1.38711,1.38711,0
21476000,1.38697,1.38697,1.38697,1.38697,0,1.38711,1.38711,1.38711,1.38711,0
21483000,1.38698,1.38698,1.38698,1.38698,0,1.38710,1.38710,1.38710,1.38710,0
21484000,1.38697,1.38697,1.38697,1.38697,0,1.38711,1.38711,1.38711,1.38711,0
21487000,1.38699,1.38699,1.38699,1.38699,0,1.38711,1.38711,1.38711,1.38711,0
21511000,1.38696,1.38696,1.38696,1.38696,0,1.38712,1.38712,1.38712,1.38712,0
21519000,1.38697,1.38697,1.38696,1.38696,0,1.38710,1.38711,1.38710,1.38711,0
21524000,1.38697,1.38697,1.38697,1.38697,0,1.38711,1.38711,1.38711,1.38711,0
21550000,1.38698,1.38698,1.38697,1.38697,0,1.38711,1.38712,1.38711,1.38712,0
21554000,1.38698,1.38698,1.38698,1.38698,0,1.38710,1.38710,1.38710,1.38710,0
21562000,1.38697,1.38697,1.38697,1.38697,0,1.38710,1.38710,1.38710,1.38710,0
21588000,1.38695,1.38695,1.38692,1.38692,0,1.38708,1.38710,1.38705,1.38705,0
21590000,1.38691,1.38691,1.38691,1.38691,0,1.38708,1.38708,1.38708,1.38708,0
21591000,1.38693,1.38693,1.38693,1.38693,0,1.38708,1.38708,1.38708,1.38708,0
21592000,1.38694,1.38694,1.38694,1.38694,0,1.38707,1.38707,1.38707,1.38707,0
21593000,1.38692,1.38692,1.38692,1.38692,0,1.38705,1.38705,1.38705,1.38705,0
21595000,1.38689,1.38689,1.38686,1.38686,0,1.38705,1.38705,1.38703,1.38703,0
21596000,1.38688,1.38688,1.38688,1.38688,0,1.38702,1.38702,1.38702,1.38702,0
21600000,1.38688,1.38688,1.38688,1.38688,0,1.38704,1.38704,1.38702,1.38702,0
21601000,1.38687,1.38687,1.38685,1.38685,0,1.38703,1.38703,1.38699,1.38699,0
21602000,1.38685,1.38693,1.38685,1.38693,0,1.38701,1.38707,1.38701,1.38707,0
21603000,1.38697,1.38697,1.38697,1.38697,0,1.38710,1.38710,1.38710,1.38710,0
21606000,1.38695,1.38695,1.38695,1.38695,0,1.38708,1.38708,1.38708,1.38708,0
21607000,1.38693,1.38693,1.38690,1.38691,0,1.38708,1.38708,1.38705,1.38705,0
21608000,1.38689,1.38691,1.38689,1.38690,0,1.38705,1.38705,1.38705,1.38705,0
21609000,1.38691,1.38691,1.38691,1.38691,0,1.38707,1.38707,1.38705,1.38705,0
21611000,1.38691,1.38691,1.38691,1.38691,0,1.38706,1.38706,1.38706,1.38706,0
21612000,1.38692,1.38692,1.38691,1.38691,0,1.38705,1.38706,1.38705,1.38706,0
21613000,1.38689,1.38689,1.38689,1.38689,0,1.38705,1.38705,1.38705,1.38705,0
21614000,1.38688,1.38689,1.38688,1.38689,0,1.38702,1.38702,1.38702,1.38702,0
21620000,1.38689,1.38689,1.38689,1.38689,0,1.38704,1.38704,1.38704,1.38704,0
21621000,1.38690,1.38693,1.38690,1.38692,0,1.38704,1.38706,1.38704,1.38706,0
21634000,1.38692,1.38692,1.38692,1.38692,0,1.38705,1.38705,1.38705,1.38705,0
21649000,1.38692,1.38692,1.38690,1.38690,0,1.38703,1.38703,1.38703,1.38703,0
21661000,1.38690,1.38690,1.38690,1.38690,0,1.38704,1.38704,1.38704,1.38704,0
21666000,1.38692,1.38692,1.38692,1.38692,0,1.38705,1.38705,1.38705,1.38705,0
21669000,1.38693,1.38693,1.38693,1.38693,0,1.38705,1.38705,1.38705,1.38705,0
21673000,1.38692,1.38692,1.38692,1.38692,0,1.38705,1.38705,1.38705,1.38705,0
21677000,1.38693,1.38693,1.38693,1.38693,0,1.38705,1.38705,1.38705,1.38705,0
21678000,1.38694,1.38694,1.38694,1.38694,0,1.38705,1.38705,1.38705,1.38705,0
21683000,1.38693,1.38693,1.38693,1.38693,0,1.38706,1.38706,1.38706,1.38706,0
21711000,1.38692,1.38693,1.38692,1.38693,0,1.38706,1.38706,1.38706,1.38706,0
21722000,1.38692,1.38692,1.38692,1.38692,0,1.38706,1.38706,1.38706,1.38706,0
21723000,1.38693,1.38693,1.38693,1.38693,0,1.38705,1.38705,1.38705,1.38705,0
21725000,1.38692,1.38692,1.38692,1.38692,0,1.38706,1.38706,1.38706,1.38706,0
21726000,1.38694,1.38694,1.38694,1.38694,0,1.38706,1.38706,1.38706,1.38706,0
21727000,1.38692,1.38692,1.38692,1.38692,0,1.38706,1.38707,1.38706,1.38706,0
21728000,1.38693,1.38693,1.38693,1.38693,0,1.38706,1.38706,1.38706,1.38706,0
21730000,1.38694,1.38694,1.38694,1.38694,0,1.38706,1.38706,1.38706,1.38706,0
21731000,1.38694,1.38699,1.38694,1.38699,0,1.38707,1.38713,1.38707,1.38713,0
21734000,1.38701,1.38701,1.38701,1.38701,0,1.38714,1.38714,1.38714,1.38714,0
21735000,1.38701,1.38701,1.38701,1.38701,0,1.38715,1.38715,1.38713,1.38714,0
21747000,1.38700,1.38701,1.38700,1.38701,0,1.38715,1.38715,1.38715,1.38715,0
21748000,1.38704,1.38708,1.38704,1.38708,0,1.38718,1.38720,1.38718,1.38720,0
21749000,1.38706,1.38706,1.38704,1.38704,0,1.38720,1.38720,1.38717,1.38717,0
21750000,1.38707,1.38707,1.38706,1.38706,0,1.38718,1.38718,1.38718,1.38718,0
21752000,1.38705,1.38707,1.38705,1.38707,0,1.38719,1.38721,1.38719,1.38721,0
21753000,1.38705,1.38710,1.38705,1.38710,0,1.38721,1.38721,1.38721,1.38721,0
21754000,1.38708,1.38709,1.38708,1.38709,0,1.38721,1.38721,1.38720,1.38720,0
21757000,1.38708,1.38708,1.38708,1.38708,0,1.38722,1.38722,1.38722,1.38722,0
21758000,1.38709,1.38709,1.38709,1.38709,0,1.38721,1.38721,1.38721,1.38721,0
21759000,1.38708,1.38708,1.38708,1.38708,0,1.38722,1.38722,1.38722,1.38722,0
21774000,1.38708,1.38708,1.38708,1.38708,0,1.38723,1.38723,1.38723,1.38723,0
21777000,1.38708,1.38708,1.38708,1.38708,0,1.38722,1.38722,1.38722,1.38722,0
21806000,1.38711,1.38711,1.38711,1.38711,0,1.38724,1.38725,1.38724,1.38725,0
21807000,1.38714,1.38714,1.38712,1.38712,0,1.38728,1.38728,1.38726,1.38726,0
21812000,1.38713,1.38713,1.38713,1.38713,0,1.38725,1.38725,1.38725,1.38725,0
21837000,1.38715,1.38715,1.38715,1.38715,0,1.38728,1.38728,1.38728,1.38728,0
21838000,1.38714,1.38714,1.38714,1.38714,0,1.38728,1.38728,1.38728,1.38728,0
21841000,1.38715,1.38715,1.38715,1.38715,0,1.38728,1.38728,1.38728,1.38728,0
21846000,1.38717,1.38717,1.38717,1.38717,0,1.38729,1.38730,1.38729,1.38730,0
21847000,1.38718,1.38721,1.38718,1.38721,0,1.38730,1.38732,1.38730,1.38732,0
21854000,1.38721,1.38721,1.38721,1.38721,0,1.38734,1.38734,1.38734,1.38734,0
21855000,1.38721,1.38721,1.38721,1.38721,0,1.38735,1.38735,1.38735,1.38735,0
21856000,1.38723,1.38725,1.38723,1.38725,0,1.38736,1.38737,1.38736,1.38736,0
21857000,1.38724,1.38724,1.38724,1.38724,0,1.38737,1.38737,1.38737,1.38737,0
21865000,1.38723,1.38725,1.38723,1.38725,0,1.38737,1.38738,1.38737,1.38738,0
21866000,1.38728,1.38728,1.38725,1.38725,0,1.38741,1.38741,1.38739,1.38739,0
21869000,1.38725,1.38725,1.38725,1.38725,0,1.38737,1.38737,1.38737,1.38737,0
21871000,1.38727,1.38728,1.38727,1.38728,0,1.38740,1.38740,1.38740,1.38740,0
21873000,1.38727,1.38727,1.38727,1.38727,0,1.38741,1.38741,1.38741,1.38741,0
21874000,1.38726,1.38728,1.38726,1.38728,0,1.38739,1.38739,1.38739,1.38739,0
21875000,1.38727,1.38727,1.38727,1.38727,0,1.38740,1.38740,1.38740,1.38740,0
21878000,1.38730,1.38732,1.38730,1.38732,0,1.38743,1.38744,1.38743,1.38743,0
21879000,1.38731,1.38731,1.38729,1.38729,0,1.38744,1.38744,1.38742,1.38742,0
21885000,1.38731,1.38731,1.38731,1.38731,0,1.38744,1.38744,1.38744,1.38744,0
21891000,1.38731,1.38731,1.38731,1.38731,0,1.38743,1.38743,1.38743,1.38743,0
21899000,1.38732,1.38732,1.38732,1.38732,0,1.38746,1.38746,1.38746,1.38746,0
21900000,1.38732,1.38732,1.38732,1.38732,0,1.38744,1.38744,1.38744,1.38744,0
21906000,1.38729,1.38729,1.38729,1.38729,0,1.38743,1.38743,1.38743,1.38743,0
21908000,1.38731,1.38731,1.38730,1.38730,0,1.38745,1.38745,1.38745,1.38745,0
21909000,1.38733,1.38733,1.38733,1.38733,0,1.38746,1.38746,1.38746,1.38746,0
21915000,1.38735,1.38737,1.38735,1.38737,0,1.38748,1.38751,1.38748,1.38751,0
21920000,1.38738,1.38739,1.38737,1.38739,0,1.38750,1.38752,1.38750,1.38751,0
21924000,1.38739,1.38739,1.38739,1.38739,0,1.38752,1.38752,1.38752,1.38752,0
21925000,1.38741,1.38742,1.38741,1.38742,0,1.38755,1.38755,1.38754,1.38754,0
21926000,1.38742,1.38742,1.38742,1.38742,0,1.38755,1.38755,1.38755,1.38755,0
21928000,1.38742,1.38743,1.38742,1.38743,0,1.38754,1.38757,1.38754,1.38757,0
21932000,1.38745,1.38745,1.38745,1.38745,0,1.38758,1.38758,1.38758,1.38758,0
21933000,1.38745,1.38748,1.38745,1.38748,0,1.38759,1.38762,1.38759,1.38762,0
21934000,1.38748,1.38754,1.38748,1.38754,0,1.38764,1.38767,1.38764,1.38766,0
21935000,1.38754,1.38754,1.38754,1.38754,0,1.38768,1.38768,1.38768,1.38768,0
21936000,1.38755,1.38755,1.38755,1.38755,0,1.38768,1.38768,1.38767,1.38767,0
21937000,1.38755,1.38755,1.38754,1.38754,0,1.38768,1.38768,1.38767,1.38767,0
21938000,1.38755,1.38755,1.38755,1.38755,0,1.38766,1.38766,1.38766,1.38766,0
21939000,1.38756,1.38760,1.38754,1.38760,0,1.38769,1.38775,1.38769,1.38775,0
21940000,1.38760,1.38761,1.38760,1.38761,0,1.38774,1.38774,1.38773,1.38774,0
21945000,1.38762,1.38762,1.38762,1.38762,0,1.38774,1.38774,1.38774,1.38774,0
21946000,1.38762,1.38762,1.38762,1.38762,0,1.38773,1.38773,1.38773,1.38773,0
21950000,1.38761,1.38761,1.38761,1.38761,0,1.38774,1.38774,1.38774,1.38774,0
21963000,1.38761,1.38761,1.38761,1.38761,0,1.38772,1.38772,1.38772,1.38772,0
21964000,1.38762,1.38762,1.38762,1.38762,0,1.38772,1.38772,1.38772,1.38772,0
21965000,1.38760,1.38760,1.38760,1.38760,0,1.38771,1.38771,1.38771,1.38771,0
21966000,1.38760,1.38760,1.38760,1.38760,0,1.38774,1.38774,1.38774,1.38774,0
21967000,1.38761,1.38762,1.38761,1.38762,0,1.38774,1.38774,1.38774,1.38774,0
21968000,1.38762,1.38762,1.38762,1.38762,0,1.38775,1.38776,1.38775,1.38776,0
21969000,1.38762,1.38762,1.38762,1.38762,0,1.38775,1.38775,1.38775,1.38775,0
21971000,1.38761,1.38761,1.38761,1.38761,0,1.38775,1.38775,1.38774,1.38774,0
21972000,1.38764,1.38775,1.38764,1.38775,0,1.38777,1.38790,1.38777,1.38790,0
21973000,1.38777,1.38781,1.38777,1.38780,0,1.38792,1.38793,1.38791,1.38793,0
21974000,1.38783,1.38785,1.38783,1.38785,0,1.38796,1.38798,1.38796,1.38798,0
21975000,1.38784,1.38795,1.38784,1.38795,0,1.38798,1.38810,1.38798,1.38810,0
21976000,1.38794,1.38797,1.38793,1.38797,0,1.38810,1.38812,1.38808,1.38811,0
21977000,1.38797,1.38813,1.38797,1.38813,0,1.38810,1.38830,1.38810,1.38830,0
21978000,1.38813,1.38835,1.38813,1.38835,0,1.38829,1.38850,1.38827,1.38850,0
21979000,1.38835,1.38840,1.38835,1.38837,0,1.38853,1.38857,1.38852,1.38853,0
21980000,1.38840,1.38840,1.38836,1.38838,0,1.38855,1.38856,1.38852,1.38855,0
21981000,1.38838,1.38838,1.38836,1.38837,0,1.38856,1.38856,1.38851,1.38851,0
21982000,1.38836,1.38836,1.38823,1.38823,0,1.38854,1.38854,1.38839,1.38839,0
21983000,1.38825,1.38825,1.38825,1.38825,0,1.38839,1.38839,1.38838,1.38838,0
21984000,1.38825,1.38825,1.38807,1.38807,0,1.38839,1.38840,1.38823,1.38823,0
21985000,1.38808,1.38808,1.38808,1.38808,0,1.38823,1.38823,1.38823,1.38823,0
21986000,1.38807,1.38812,1.38806,1.38808,0,1.38821,1.38830,1.38821,1.38825,0
21987000,1.38808,1.38811,1.38805,1.38809,0,1.38824,1.38828,1.38822,1.38824,0
21988000,1.38807,1.38809,1.38803,1.38809,0,1.38821,1.38827,1.38820,1.38827,0
21989000,1.38807,1.38810,1.38806,1.38807,0,1.38823,1.38826,1.38823,1.38823,0
21990000,1.38805,1.38806,1.38805,1.38806,0,1.38821,1.38821,1.38821,1.38821,0
21992000,1.38809,1.38809,1.38809,1.38809,0,1.38824,1.38824,1.38824,1.38824,0
21995000,1.38811,1.38817,1.38809,1.38817,0,1.38826,1.38831,1.38824,1.38830,0
21996000,1.38816,1.38820,1.38816,1.38820,0,1.38831,1.38836,1.38831,1.38835,0
21998000,1.38820,1.38820,1.38820,1.38820,0,1.38834,1.38834,1.38834,1.38834,0
22000000,1.38818,1.38820,1.38818,1.38819,0,1.38834,1.38836,1.38834,1.38834,0
22001000,1.38820,1.38820,1.38819,1.38820,0,1.38834,1.38834,1.38834,1.38834,0
22002000,1.38819,1.38819,1.38817,1.38818,0,1.38835,1.38835,1.38832,1.38832,0
22003000,1.38819,1.38819,1.38816,1.38816,0,1.38832,1.38832,1.38829,1.38832,0
22004000,1.38819,1.38819,1.38819,1.38819,0,1.38832,1.38832,1.38832,1.38832,0
22005000,1.38818,1.38819,1.38817,1.38817,0,1.38833,1.38833,1.38830,1.38830,0
22006000,1.38815,1.38815,1.38807,1.38808,0,1.38831,1.38831,1.38823,1.38823,0
22007000,1.38810,1.38810,1.38810,1.38810,0,1.38823,1.38823,1.38823,1.38823,0
22010000,1.38812,1.38815,1.38812,1.38815,0,1.38826,1.38829,1.38825,1.38828,0
22011000,1.38813,1.38813,1.38813,1.38813,0,1.38828,1.38828,1.38828,1.38828,0
22013000,1.38816,1.38816,1.38816,1.38816,0,1.38830,1.38830,1.38830,1.38830,0
22014000,1.38815,1.38815,1.38808,1.38808,0,1.38831,1.38831,1.38823,1.38823,0
22015000,1.38809,1.38809,1.38809,1.38809,0,1.38822,1.38822,1.38822,1.38822,0
22016000,1.38806,1.38806,1.38806,1.38806,0,1.38820,1.38820,1.38820,1.38820,0
22017000,1.38807,1.38807,1.38804,1.38804,0,1.38819,1.38820,1.38818,1.38818,0
22018000,1.38805,1.38806,1.38805,1.38806,0,1.38818,1.38821,1.38818,1.38821,0
22020000,1.38808,1.38808,1.38800,1.38800,0,1.38821,1.38822,1.38816,1.38816,0
22021000,1.38800,1.38801,1.38800,1.38801,0,1.38815,1.38815,1.38814,1.38814,0
22022000,1.38798,1.38798,1.38798,1.38798,0,1.38811,1.38811,1.38811,1.38811,0
22023000,1.38795,1.38795,1.38795,1.38795,0,1.38809,1.38809,1.38809,1.38809,0
22025000,1.38797,1.38799,1.38797,1.38799,0,1.38810,1.38812,1.38810,1.38812,0
22026000,1.38799,1.38799,1.38799,1.38799,0,1.38815,1.38815,1.38814,1.38814,0
22027000,1.38799,1.38799,1.38798,1.38798,0,1.38812,1.38812,1.38812,1.38812,0
22029000,1.38795,1.38796,1.38794,1.38794,0,1.38809,1.38809,1.38807,1.38807,0
22031000,1.38792,1.38792,1.38789,1.38789,0,1.38806,1.38806,1.38802,1.38802,0
22032000,1.38790,1.38791,1.38790,1.38790,0,1.38804,1.38804,1.38804,1.38804,0
22034000,1.38788,1.38789,1.38786,1.38786,0,1.38803,1.38803,1.38801,1.38801,0
22035000,1.38787,1.38787,1.38787,1.38787,0,1.38800,1.38800,1.38800,1.38800,0
22037000,1.38785,1.38786,1.38785,1.38785,0,1.38799,1.38799,1.38797,1.38798,0
22039000,1.38783,1.38783,1.38780,1.38780,0,1.38798,1.38798,1.38794,1.38794,0
22043000,1.38777,1.38777,1.38770,1.38774,0,1.38792,1.38792,1.38787,1.38791,0
22044000,1.38774,1.38774,1.38774,1.38774,0,1.38790,1.38790,1.38787,1.38787,0
22045000,1.38776,1.38781,1.38776,1.38781,0,1.38789,1.38794,1.38789,1.38794,0
22046000,1.38780,1.38780,1.38780,1.38780,0,1.38795,1.38795,1.38794,1.38794,0
22048000,1.38779,1.38779,1.38779,1.38779,0,1.38792,1.38792,1.38792,1.38792,0
22054000,1.38780,1.38780,1.38779,1.38779,0,1.38791,1.38792,1.38791,1.38792,0
22055000,1.38780,1.38780,1.38780,1.38780,0,1.38791,1.38791,1.38791,1.38791,0
22058000,1.38779,1.38786,1.38779,1.38786,0,1.38793,1.38799,1.38793,1.38799,0
22060000,1.38788,1.38789,1.38788,1.38789,0,1.38800,1.38803,1.38800,1.38803,0
22061000,1.38791,1.38791,1.38791,1.38791,0,1.38802,1.38802,1.38802,1.38802,0
22064000,1.38791,1.38795,1.38791,1.38795,0,1.38803,1.38810,1.38803,1.38810,0
22065000,1.38796,1.38799,1.38796,1.38799,0,1.38810,1.38810,1.38810,1.38810,0
22067000,1.38798,1.38806,1.38798,1.38801,0,1.38811,1.38820,1.38811,1.38815,0
22068000,1.38803,1.38803,1.38802,1.38802,0,1.38817,1.38817,1.38817,1.38817,0
22069000,1.38803,1.38803,1.38799,1.38799,0,1.38817,1.38817,1.38812,1.38812,0
22070000,1.38798,1.38799,1.38798,1.38799,0,1.38813,1.38813,1.38812,1.38812,0
22072000,1.38798,1.38800,1.38798,1.38800,0,1.38813,1.38814,1.38813,1.38814,0
22073000,1.38801,1.38801,1.38801,1.38801,0,1.38813,1.38815,1.38813,1.38815,0
22077000,1.38803,1.38806,1.38803,1.38806,0,1.38817,1.38817,1.38817,1.38817,0
22078000,1.38806,1.38806,1.38791,1.38792,0,1.38819,1.38819,1.38807,1.38807,0
22080000,1.38793,1.38794,1.38793,1.38794,0,1.38807,1.38807,1.38806,1.38806,0
22081000,1.38792,1.38792,1.38792,1.38792,0,1.38806,1.38806,1.38806,1.38806,0
22083000,1.38791,1.38793,1.38791,1.38793,0,1.38806,1.38806,1.38806,1.38806,0
22084000,1.38791,1.38791,1.38789,1.38789,0,1.38806,1.38806,1.38804,1.38804,0
22085000,1.38790,1.38790,1.38789,1.38789,0,1.38803,1.38804,1.38802,1.38804,0
22086000,1.38789,1.38789,1.38789,1.38789,0,1.38805,1.38805,1.38804,1.38804,0
22090000,1.38791,1.38791,1.38791,1.38791,0,1.38804,1.38804,1.38804,1.38804,0
22092000,1.38793,1.38793,1.38792,1.38792,0,1.38805,1.38806,1.38805,1.38806,0
22093000,1.38792,1.38792,1.38790,1.38790,0,1.38805,1.38805,1.38801,1.38801,0
22094000,1.38790,1.38790,1.38790,1.38790,0,1.38802,1.38802,1.38802,1.38802,0
22096000,1.38792,1.38793,1.38792,1.38793,0,1.38803,1.38805,1.38803,1.38805,0
22099000,1.38792,1.38792,1.38792,1.38792,0,1.38806,1.38806,1.38806,1.38806,0
22103000,1.38793,1.38793,1.38793,1.38793,0,1.38805,1.38805,1.38805,1.38805,0
22104000,1.38792,1.38796,1.38792,1.38796,0,1.38806,1.38809,1.38806,1.38809,0
22105000,1.38794,1.38800,1.38794,1.38800,0,1.38810,1.38814,1.38810,1.38814,0
22106000,1.38801,1.38801,1.38800,1.38800,0,1.38813,1.38813,1.38813,1.38813,0
22115000,1.38801,1.38801,1.38801,1.38801,0,1.38813,1.38813,1.38813,1.38813,0
22117000,1.38803,1.38803,1.38802,1.38802,0,1.38815,1.38815,1.38814,1.38814,0
22118000,1.38802,1.38802,1.38802,1.38802,0,1.38816,1.38816,1.38816,1.38816,0
22119000,1.38800,1.38800,1.38800,1.38800,0,1.38814,1.38814,1.38814,1.38814,0
22120000,1.38801,1.38801,1.38801,1.38801,0,1.38813,1.38813,1.38813,1.38813,0
22123000,1.38803,1.38805,1.38803,1.38805,0,1.38816,1.38817,1.38816,1.38817,0
22124000,1.38806,1.38806,1.38806,1.38806,0,1.38817,1.38817,1.38817,1.38817,0
22127000,1.38806,1.38806,1.38805,1.38805,0,1.38818,1.38821,1.38818,1.38821,0
22128000,1.38807,1.38807,1.38807,1.38807,0,1.38821,1.38821,1.38821,1.38821,0
22131000,1.38808,1.38809,1.38808,1.38809,0,1.38821,1.38823,1.38821,1.38822,0
22132000,1.38809,1.38816,1.38809,1.38816,0,1.38823,1.38830,1.38823,1.38830,0
22134000,1.38817,1.38818,1.38817,1.38817,0,1.38829,1.38830,1.38829,1.38830,0
22136000,1.38816,1.38817,1.38816,1.38817,0,1.38827,1.38830,1.38827,1.38829,0
22137000,1.38818,1.38818,1.38818,1.38818,0,1.38829,1.38829,1.38829,1.38829,0
22140000,1.38820,1.38820,1.38820,1.38820,0,1.38831,1.38831,1.38831,1.38831,0
22141000,1.38818,1.38818,1.38818,1.38818,0,1.38832,1.38832,1.38831,1.38831,0
22143000,1.38816,1.38818,1.38816,1.38818,0,1.38830,1.38830,1.38830,1.38830,0
22144000,1.38817,1.38817,1.38817,1.38817,0,1.38830,1.38830,1.38830,1.38830,0
22145000,1.38818,1.38818,1.38818,1.38818,0,1.38829,1.38829,1.38829,1.38829,0
22149000,1.38817,1.38818,1.38816,1.38818,0,1.38830,1.38831,1.38830,1.38830,0
22150000,1.38817,1.38817,1.38817,1.38817,0,1.38830,1.38830,1.38829,1.38829,0
22152000,1.38815,1.38816,1.38815,1.38815,0,1.38829,1.38830,1.38829,1.38830,0
22153000,1.38816,1.38818,1.38816,1.38818,0,1.38830,1.38830,1.38830,1.38830,0
22154000,1.38816,1.38816,1.38812,1.38812,0,1.38830,1.38830,1.38827,1.38827,0
22155000,1.38813,1.38816,1.38813,1.38815,0,1.38827,1.38829,1.38827,1.38827,0
22156000,1.38815,1.38815,1.38813,1.38813,0,1.38828,1.38828,1.38828,1.38828,0
22157000,1.38813,1.38813,1.38811,1.38813,0,1.38827,1.38828,1.38826,1.38827,0
22158000,1.38813,1.38813,1.38809,1.38809,0,1.38825,1.38825,1.38825,1.38825,0
22159000,1.38810,1.38813,1.38809,1.38813,0,1.38824,1.38826,1.38824,1.38826,0
22161000,1.38816,1.38818,1.38815,1.38818,0,1.38829,1.38830,1.38829,1.38830,0
22162000,1.38817,1.38817,1.38817,1.38817,0,1.38830,1.38830,1.38830,1.38830,0
22163000,1.38816,1.38817,1.38814,1.38817,0,1.38832,1.38832,1.38829,1.38829,0
22164000,1.38816,1.38817,1.38816,1.38816,0,1.38830,1.38830,1.38829,1.38830,0
22165000,1.38818,1.38819,1.38818,1.38818,0,1.38831,1.38832,1.38831,1.38832,0
22166000,1.38819,1.38819,1.38819,1.38819,0,1.38832,1.38832,1.38832,1.38832,0
22167000,1.38818,1.38818,1.38818,1.38818,0,1.38832,1.38832,1.38832,1.38832,0
22168000,1.38815,1.38815,1.38813,1.38813,0,1.38831,1.38831,1.38827,1.38827,0
22169000,1.38812,1.38812,1.38811,1.38812,0,1.38827,1.38827,1.38827,1.38827,0
22170000,1.38813,1.38813,1.38813,1.38813,0,1.38827,1.38827,1.38827,1.38827,0
22171000,1.38812,1.38814,1.38812,1.38814,0,1.38827,1.38827,1.38826,1.38826,0
22172000,1.38814,1.38816,1.38814,1.38816,0,1.38828,1.38828,1.38828,1.38828,0
22173000,1.38815,1.38815,1.38815,1.38815,0,1.38828,1.38828,1.38828,1.38828,0
22174000,1.38816,1.38816,1.38814,1.38814,0,1.38830,1.38830,1.38828,1.38828,0
22175000,1.38814,1.38814,1.38814,1.38814,0,1.38826,1.38826,1.38826,1.38826,0
22177000,1.38813,1.38813,1.38813,1.38813,0,1.38827,1.38827,1.38827,1.38827,0
22178000,1.38813,1.38813,1.38813,1.38813,0,1.38825,1.38825,1.38825,1.38825,0
22180000,1.38813,1.38813,1.38813,1.38813,0,1.38827,1.38827,1.38827,1.38827,0
22182000,1.38815,1.38815,1.38815,1.38815,0,1.38826,1.38826,1.38826,1.38826,0
22184000,1.38814,1.38814,1.38813,1.38813,0,1.38826,1.38826,1.38825,1.38826,0
22185000,1.38814,1.38815,1.38814,1.38815,0,1.38828,1.38828,1.38828,1.38828,0
22186000,1.38816,1.38816,1.38816,1.38816,0,1.38828,1.38828,1.38828,1.38828,0
22187000,1.38815,1.38815,1.38814,1.38814,0,1.38829,1.38829,1.38829,1.38829,0
22188000,1.38816,1.38816,1.38816,1.38816,0,1.38829,1.38829,1.38829,1.38829,0
22189000,1.38816,1.38818,1.38816,1.38816,0,1.38830,1.38831,1.38830,1.38830,0
22190000,1.38817,1.38817,1.38814,1.38814,0,1.38829,1.38829,1.38828,1.38828,0
22191000,1.38814,1.38814,1.38812,1.38812,0,1.38827,1.38827,1.38824,1.38824,0
22192000,1.38811,1.38811,1.38811,1.38811,0,1.38825,1.38825,1.38825,1.38825,0
22196000,1.38814,1.38816,1.38814,1.38816,0,1.38827,1.38829,1.38827,1.38829,0
22198000,1.38816,1.38816,1.38815,1.38815,0,1.38828,1.38829,1.38828,1.38829,0
22199000,1.38816,1.38816,1.38816,1.38816,0,1.38829,1.38829,1.38829,1.38829,0
22200000,1.38819,1.38819,1.38819,1.38819,0,1.38832,1.38832,1.38832,1.38832,0
22201000,1.38817,1.38817,1.38817,1.38817,0,1.38830,1.38830,1.38830,1.38830,0
22202000,1.38820,1.38820,1.38818,1.38820,0,1.38831,1.38833,1.38831,1.38833,0
22203000,1.38820,1.38820,1.38820,1.38820,0,1.38832,1.38833,1.38832,1.38833,0
22206000,1.38821,1.38821,1.38820,1.38820,0,1.38832,1.38833,1.38832,1.38833,0
22208000,1.38824,1.38827,1.38824,1.38827,0,1.38837,1.38841,1.38837,1.38841,0
22209000,1.38826,1.38826,1.38826,1.38826,0,1.38842,1.38842,1.38841,1.38841,0
22210000,1.38827,1.38827,1.38827,1.38827,0,1.38838,1.38838,1.38838,1.38838,0
22211000,1.38827,1.38827,1.38827,1.38827,0,1.38840,1.38840,1.38840,1.38840,0
22212000,1.38830,1.38830,1.38829,1.38829,0,1.38843,1.38843,1.38843,1.38843,0
22213000,1.38829,1.38830,1.38828,1.38830,0,1.38842,1.38844,1.38842,1.38844,0
22215000,1.38831,1.38833,1.38831,1.38833,0,1.38843,1.38846,1.38843,1.38846,0
22216000,1.38836,1.38837,1.38836,1.38837,0,1.38849,1.38853,1.38849,1.38852,0
22217000,1.38837,1.38845,1.38837,1.38841,0,1.38851,1.38861,1.38851,1.38857,0
22218000,1.38840,1.38843,1.38840,1.38842,0,1.38855,1.38857,1.38855,1.38856,0
22220000,1.38841,1.38846,1.38841,1.38846,0,1.38856,1.38858,1.38856,1.38858,0
22221000,1.38845,1.38847,1.38845,1.38845,0,1.38858,1.38858,1.38858,1.38858,0
22222000,1.38846,1.38850,1.38846,1.38849,0,1.38860,1.38867,1.38859,1.38864,0
22223000,1.38850,1.38850,1.38850,1.38850,0,1.38864,1.38864,1.38864,1.38864,0
22224000,1.38851,1.38857,1.38851,1.38855,0,1.38866,1.38870,1.38866,1.38868,0
22225000,1.38857,1.38859,1.38856,1.38859,0,1.38870,1.38871,1.38870,1.38871,0
22226000,1.38859,1.38864,1.38859,1.38864,0,1.38873,1.38879,1.38873,1.38879,0
22227000,1.38864,1.38864,1.38854,1.38854,0,1.38878,1.38878,1.38868,1.38868,0
22228000,1.38852,1.38852,1.38850,1.38850,0,1.38868,1.38868,1.38865,1.38865,0
22229000,1.38848,1.38851,1.38848,1.38850,0,1.38862,1.38864,1.38862,1.38864,0
22230000,1.38850,1.38850,1.38849,1.38849,0,1.38863,1.38863,1.38861,1.38861,0
22231000,1.38847,1.38847,1.38847,1.38847,0,1.38860,1.38860,1.38860,1.38860,0
22232000,1.38846,1.38846,1.38843,1.38843,0,1.38860,1.38860,1.38858,1.38858,0
22234000,1.38846,1.38849,1.38846,1.38849,0,1.38860,1.38862,1.38860,1.38862,0
22236000,1.38848,1.38848,1.38848,1.38848,0,1.38862,1.38862,1.38862,1.38862,0
22238000,1.38847,1.38847,1.38846,1.38846,0,1.38859,1.38860,1.38859,1.38860,0
22239000,1.38844,1.38844,1.38843,1.38843,0,1.38858,1.38858,1.38856,1.38856,0
22240000,1.38842,1.38842,1.38836,1.38837,0,1.38856,1.38856,1.38851,1.38851,0
22241000,1.38835,1.38835,1.38835,1.38835,0,1.38849,1.38849,1.38849,1.38849,0
22242000,1.38834,1.38835,1.38834,1.38835,0,1.38849,1.38849,1.38849,1.38849,0
22243000,1.38835,1.38835,1.38835,1.38835,0,1.38848,1.38848,1.38848,1.38848,0
22244000,1.38834,1.38834,1.38832,1.38832,0,1.38849,1.38849,1.38848,1.38848,0
22246000,1.38830,1.38833,1.38830,1.38833,0,1.38845,1.38847,1.38845,1.38847,0
22248000,1.38834,1.38836,1.38833,1.38836,0,1.38846,1.38851,1.38846,1.38851,0
22249000,1.38837,1.38837,1.38837,1.38837,0,1.38850,1.38850,1.38850,1.38850,0
22252000,1.38838,1.38840,1.38838,1.38840,0,1.38853,1.38854,1.38853,1.38853,0
22253000,1.38840,1.38840,1.38839,1.38839,0,1.38852,1.38853,1.38852,1.38853,0
22255000,1.38840,1.38841,1.38840,1.38841,0,1.38853,1.38855,1.38853,1.38855,0
22261000,1.38841,1.38842,1.38840,1.38840,0,1.38856,1.38856,1.38855,1.38855,0
22263000,1.38841,1.38841,1.38841,1.38841,0,1.38854,1.38854,1.38854,1.38854,0
22264000,1.38839,1.38839,1.38839,1.38839,0,1.38852,1.38852,1.38852,1.38852,0
22269000,1.38842,1.38842,1.38842,1.38842,0,1.38854,1.38854,1.38854,1.38854,0
22270000,1.38841,1.38841,1.38841,1.38841,0,1.38855,1.38855,1.38853,1.38853,0
22275000,1.38840,1.38840,1.38840,1.38840,0,1.38854,1.38854,1.38854,1.38854,0
22276000,1.38840,1.38840,1.38840,1.38840,0,1.38853,1.38853,1.38853,1.38853,0
22277000,1.38839,1.38840,1.38839,1.38840,0,1.38855,1.38855,1.38853,1.38853,0
22278000,1.38839,1.38840,1.38839,1.38840,0,1.38853,1.38853,1.38851,1.38853,0
22279000,1.38840,1.38840,1.38840,1.38840,0,1.38854,1.38854,1.38853,1.38853,0
22281000,1.38841,1.38841,1.38840,1.38840,0,1.38855,1.38855,1.38853,1.38853,0
22284000,1.38840,1.38840,1.38840,1.38840,0,1.38852,1.38852,1.38852,1.38852,0
22285000,1.38841,1.38841,1.38841,1.38841,0,1.38854,1.38854,1.38854,1.38854,0
22289000,1.38844,1.38844,1.38843,1.38843,0,1.38856,1.38859,1.38856,1.38859,0
22290000,1.38845,1.38845,1.38845,1.38845,0,1.38859,1.38859,1.38858,1.38858,0
22291000,1.38846,1.38846,1.38845,1.38845,0,1.38856,1.38857,1.38856,1.38857,0
22294000,1.38842,1.38842,1.38842,1.38842,0,1.38856,1.38856,1.38856,1.38856,0
22295000,1.38842,1.38842,1.38842,1.38842,0,1.38855,1.38855,1.38855,1.38855,0
22296000,1.38843,1.38845,1.38843,1.38844,0,1.38855,1.38860,1.38855,1.38860,0
22297000,1.38844,1.38845,1.38844,1.38845,0,1.38858,1.38858,1.38857,1.38857,0
22302000,1.38847,1.38847,1.38843,1.38843,0,1.38860,1.38861,1.38858,1.38858,0
22303000,1.38846,1.38846,1.38845,1.38845,0,1.38859,1.38860,1.38859,1.38860,0
22304000,1.38845,1.38845,1.38845,1.38845,0,1.38858,1.38858,1.38858,1.38858,0
22305000,1.38842,1.38842,1.38842,1.38842,0,1.38855,1.38855,1.38855,1.38855,0
22309000,1.38840,1.38840,1.38840,1.38840,0,1.38852,1.38852,1.38852,1.38852,0
22321000,1.38839,1.38839,1.38839,1.38839,0,1.38852,1.38852,1.38852,1.38852,0
22324000,1.38839,1.38839,1.38839,1.38839,0,1.38850,1.38850,1.38850,1.38850,0
22325000,1.38837,1.38837,1.38835,1.38836,0,1.38851,1.38851,1.38849,1.38849,0
22329000,1.38837,1.38837,1.38837,1.38837,0,1.38849,1.38849,1.38849,1.38849,0
22330000,1.38837,1.38837,1.38837,1.38837,0,1.38851,1.38851,1.38851,1.38851,0
22342000,1.38837,1.38837,1.38837,1.38837,0,1.38849,1.38849,1.38849,1.38849,0
22343000,1.38837,1.38837,1.38837,1.38837,0,1.38851,1.38851,1.38851,1.38851,0
22344000,1.38833,1.38834,1.38832,1.38832,0,1.38849,1.38849,1.38846,1.38847,0
22345000,1.38830,1.38830,1.38829,1.38830,0,1.38845,1.38846,1.38844,1.38844,0
22351000,1.38831,1.38832,1.38829,1.38829,0,1.38846,1.38846,1.38844,1.38845,0
22352000,1.38829,1.38830,1.38828,1.38828,0,1.38843,1.38843,1.38841,1.38841,0
22353000,1.38827,1.38827,1.38827,1.38827,0,1.38841,1.38841,1.38841,1.38841,0
22356000,1.38827,1.38828,1.38827,1.38828,0,1.38842,1.38842,1.38841,1.38841,0
22357000,1.38827,1.38827,1.38826,1.38826,0,1.38841,1.38842,1.38841,1.38842,0
22358000,1.38828,1.38828,1.38828,1.38828,0,1.38842,1.38842,1.38842,1.38842,0
22364000,1.38827,1.38827,1.38827,1.38827,0,1.38839,1.38839,1.38839,1.38839,0
22366000,1.38826,1.38826,1.38826,1.38826,0,1.38841,1.38841,1.38841,1.38841,0
22367000,1.38828,1.38828,1.38828,1.38828,0,1.38840,1.38840,1.38840,1.38840,0
22373000,1.38827,1.38827,1.38827,1.38827,0,1.38841,1.38841,1.38841,1.38841,0
22374000,1.38828,1.38828,1.38828,1.38828,0,1.38840,1.38840,1.38840,1.38840,0
22375000,1.38827,1.38827,1.38827,1.38827,0,1.38841,1.38841,1.38839,1.38839,0
22379000,1.38825,1.38825,1.38825,1.38825,0,1.38840,1.38840,1.38840,1.38840,0
22380000,1.38826,1.38826,1.38826,1.38826,0,1.38840,1.38840,1.38840,1.38840,0
22387000,1.38828,1.38828,1.38828,1.38828,0,1.38841,1.38843,1.38841,1.38843,0
22388000,1.38828,1.38828,1.38828,1.38828,0,1.38842,1.38843,1.38842,1.38843,0
22389000,1.38829,1.38829,1.38828,1.38828,0,1.38842,1.38843,1.38842,1.38842,0
22405000,1.38828,1.38828,1.38828,1.38828,0,1.38841,1.38841,1.38841,1.38841,0
22410000,1.38830,1.38830,1.38830,1.38830,0,1.38843,1.38843,1.38843,1.38843,0
22411000,1.38832,1.38834,1.38832,1.38834,0,1.38844,1.38849,1.38844,1.38849,0
22412000,1.38835,1.38835,1.38835,1.38835,0,1.38849,1.38849,1.38848,1.38848,0
22415000,1.38836,1.38836,1.38836,1.38836,0,1.38846,1.38846,1.38846,1.38846,0
22416000,1.38836,1.38836,1.38833,1.38833,0,1.38848,1.38848,1.38845,1.38847,0
22417000,1.38834,1.38836,1.38834,1.38836,0,1.38849,1.38849,1.38847,1.38849,0
22422000,1.38837,1.38837,1.38837,1.38837,0,1.38849,1.38849,1.38849,1.38849,0
22423000,1.38835,1.38835,1.38835,1.38835,0,1.38847,1.38847,1.38847,1.38847,0
22424000,1.38837,1.38837,1.38837,1.38837,0,1.38849,1.38849,1.38849,1.38849,0
22427000,1.38836,1.38836,1.38836,1.38836,0,1.38850,1.38850,1.38850,1.38850,0
22428000,1.38837,1.38837,1.38835,1.38837,0,1.38849,1.38851,1.38849,1.38851,0
22433000,1.38840,1.38840,1.38836,1.38837,0,1.38850,1.38852,1.38850,1.38850,0
22439000,1.38837,1.38837,1.38837,1.38837,0,1.38849,1.38849,1.38849,1.38849,0
22442000,1.38836,1.38836,1.38836,1.38836,0,1.38850,1.38850,1.38850,1.38850,0
22443000,1.38837,1.38837,1.38837,1.38837,0,1.38849,1.38849,1.38849,1.38849,0
22446000,1.38835,1.38835,1.38835,1.38835,0,1.38849,1.38849,1.38849,1.38849,0
22450000,1.38837,1.38837,1.38837,1.38837,0,1.38849,1.38849,1.38849,1.38849,0
22453000,1.38837,1.38837,1.38837,1.38837,0,1.38850,1.38850,1.38850,1.38850,0
22454000,1.38838,1.38841,1.38838,1.38839,0,1.38852,1.38853,1.38851,1.38853,0
22455000,1.38836,1.38837,1.38836,1.38837,0,1.38850,1.38850,1.38849,1.38850,0
22456000,1.38839,1.38839,1.38839,1.38839,0,1.38850,1.38850,1.38850,1.38850,0
22464000,1.38838,1.38838,1.38838,1.38838,0,1.38854,1.38854,1.38854,1.38854,0
22466000,1.38839,1.38839,1.38839,1.38839,0,1.38853,1.38853,1.38853,1.38853,0
22467000,1.38840,1.38840,1.38840,1.38840,0,1.38853,1.38853,1.38853,1.38853,0
22470000,1.38843,1.38849,1.38843,1.38849,0,1.38856,1.38863,1.38856,1.38863,0
22471000,1.38850,1.38853,1.38850,1.38853,0,1.38863,1.38865,1.38863,1.38865,0
22472000,1.38853,1.38853,1.38853,1.38853,0,1.38866,1.38866,1.38866,1.38866,0
22473000,1.38853,1.38853,1.38853,1.38853,0,1.38865,1.38865,1.38865,1.38865,0
22476000,1.38853,1.38853,1.38853,1.38853,0,1.38866,1.38866,1.38866,1.38866,0
22478000,1.38855,1.38857,1.38855,1.38857,0,1.38869,1.38872,1.38869,1.38872,0
22479000,1.38858,1.38859,1.38855,1.38859,0,1.38871,1.38874,1.38868,1.38872,0
22480000,1.38857,1.38857,1.38857,1.38857,0,1.38871,1.38871,1.38871,1.38871,0
22481000,1.38860,1.38860,1.38860,1.38860,0,1.38871,1.38871,1.38871,1.38871,0
22483000,1.38858,1.38858,1.38858,1.38858,0,1.38871,1.38871,1.38871,1.38871,0
22484000,1.38860,1.38860,1.38860,1.38860,0,1.38872,1.38874,1.38872,1.38874,0
22488000,1.38858,1.38858,1.38858,1.38858,0,1.38872,1.38872,1.38872,1.38872,0
22490000,1.38859,1.38859,1.38853,1.38857,0,1.38871,1.38871,1.38869,1.38870,0
22491000,1.38858,1.38858,1.38857,1.38857,0,1.38869,1.38870,1.38869,1.38869,0
22493000,1.38857,1.38857,1.38851,1.38854,0,1.38871,1.38871,1.38867,1.38869,0
22494000,1.38854,1.38854,1.38854,1.38854,0,1.38868,1.38868,1.38868,1.38868,0
22495000,1.38852,1.38854,1.38852,1.38854,0,1.38865,1.38867,1.38865,1.38867,0
22500000,1.38855,1.38857,1.38855,1.38857,0,1.38869,1.38871,1.38869,1.38870,0
22501000,1.38858,1.38858,1.38855,1.38855,0,1.38873,1.38873,1.38869,1.38869,0
22502000,1.38856,1.38860,1.38855,1.38858,0,1.38868,1.38872,1.38868,1.38872,0
22503000,1.38860,1.38860,1.38860,1.38860,0,1.38873,1.38873,1.38873,1.38873,0
22505000,1.38863,1.38864,1.38863,1.38864,0,1.38876,1.38876,1.38876,1.38876,0
22506000,1.38863,1.38871,1.38863,1.38871,0,1.38876,1.38885,1.38876,1.38884,0
22507000,1.38869,1.38870,1.38869,1.38869,0,1.38884,1.38884,1.38882,1.38882,0
22509000,1.38867,1.38867,1.38867,1.38867,0,1.38882,1.38882,1.38882,1.38882,0
22510000,1.38868,1.38868,1.38868,1.38868,0,1.38881,1.38881,1.38881,1.38881,0
22511000,1.38868,1.38868,1.38862,1.38862,0,1.38880,1.38881,1.38876,1.38876,0
22512000,1.38862,1.38862,1.38861,1.38861,0,1.38877,1.38877,1.38875,1.38875,0
22513000,1.38862,1.38862,1.38860,1.38860,0,1.38873,1.38874,1.38873,1.38874,0
22514000,1.38861,1.38861,1.38861,1.38861,0,1.38873,1.38873,1.38873,1.38873,0
22520000,1.38861,1.38861,1.38858,1.38859,0,1.38874,1.38874,1.38872,1.38872,0
22521000,1.38860,1.38860,1.38858,1.38859,0,1.38872,1.38874,1.38872,1.38874,0
22522000,1.38858,1.38858,1.38858,1.38858,0,1.38874,1.38874,1.38874,1.38874,0
22523000,1.38860,1.38860,1.38859,1.38859,0,1.38872,1.38873,1.38872,1.38873,0
22524000,1.38859,1.38859,1.38856,1.38856,0,1.38872,1.38872,1.38869,1.38869,0
22525000,1.38854,1.38856,1.38854,1.38856,0,1.38866,1.38868,1.38866,1.38868,0
22526000,1.38857,1.38857,1.38857,1.38857,0,1.38868,1.38868,1.38868,1.38868,0
22527000,1.38857,1.38857,1.38857,1.38857,0,1.38869,1.38869,1.38869,1.38869,0
22538000,1.38857,1.38859,1.38857,1.38859,0,1.38870,1.38872,1.38870,1.38872,0
22551000,1.38858,1.38860,1.38858,1.38859,0,1.38872,1.38872,1.38872,1.38872,0
22553000,1.38861,1.38861,1.38861,1.38861,0,1.38874,1.38874,1.38874,1.38874,0
22554000,1.38860,1.38860,1.38860,1.38860,0,1.38872,1.38872,1.38872,1.38872,0
22558000,1.38860,1.38860,1.38860,1.38860,0,1.38873,1.38873,1.38873,1.38873,0
22565000,1.38860,1.38860,1.38859,1.38859,0,1.38871,1.38872,1.38871,1.38872,0
22567000,1.38858,1.38858,1.38858,1.38858,0,1.38869,1.38869,1.38869,1.38869,0
22569000,1.38855,1.38855,1.38852,1.38853,0,1.38870,1.38870,1.38866,1.38866,0
22570000,1.38853,1.38853,1.38853,1.38853,0,1.38865,1.38865,1.38865,1.38865,0
22571000,1.38855,1.38855,1.38854,1.38854,0,1.38865,1.38866,1.38865,1.38866,0
22572000,1.38853,1.38853,1.38849,1.38849,0,1.38866,1.38866,1.38862,1.38862,0
22576000,1.38847,1.38847,1.38841,1.38841,0,1.38859,1.38860,1.38855,1.38855,0
22577000,1.38840,1.38840,1.38839,1.38839,0,1.38853,1.38853,1.38851,1.38851,0
22580000,1.38838,1.38838,1.38831,1.38831,0,1.38852,1.38852,1.38846,1.38846,0
22582000,1.38830,1.38830,1.38830,1.38830,0,1.38844,1.38844,1.38844,1.38844,0
22583000,1.38831,1.38831,1.38828,1.38829,0,1.38843,1.38844,1.38841,1.38841,0
22584000,1.38829,1.38829,1.38829,1.38829,0,1.38842,1.38842,1.38842,1.38842,0
22590000,1.38830,1.38830,1.38829,1.38830,0,1.38841,1.38841,1.38841,1.38841,0
22593000,1.38828,1.38829,1.38828,1.38828,0,1.38841,1.38841,1.38841,1.38841,0
22596000,1.38829,1.38829,1.38829,1.38829,0,1.38841,1.38841,1.38841,1.38841,0
22597000,1.38829,1.38829,1.38829,1.38829,0,1.38842,1.38842,1.38842,1.38842,0
22604000,1.38829,1.38837,1.38829,1.38836,0,1.38843,1.38850,1.38843,1.38849,0
22605000,1.38833,1.38833,1.38833,1.38833,0,1.38846,1.38846,1.38846,1.38846,0
22610000,1.38833,1.38834,1.38833,1.38834,0,1.38847,1.38848,1.38846,1.38848,0
22611000,1.38835,1.38835,1.38835,1.38835,0,1.38848,1.38848,1.38848,1.38848,0
22613000,1.38836,1.38843,1.38836,1.38843,0,1.38848,1.38856,1.38848,1.38856,0
22614000,1.38845,1.38845,1.38845,1.38845,0,1.38856,1.38856,1.38856,1.38856,0
22620000,1.38846,1.38848,1.38846,1.38848,0,1.38859,1.38859,1.38859,1.38859,0
22626000,1.38851,1.38851,1.38849,1.38849,0,1.38862,1.38863,1.38862,1.38863,0
22627000,1.38849,1.38849,1.38849,1.38849,0,1.38864,1.38864,1.38864,1.38864,0
22628000,1.38852,1.38852,1.38852,1.38852,0,1.38864,1.38864,1.38864,1.38864,0
22629000,1.38851,1.38854,1.38851,1.38854,0,1.38865,1.38867,1.38865,1.38866,0
22630000,1.38855,1.38856,1.38855,1.38856,0,1.38869,1.38869,1.38868,1.38868,0
22631000,1.38856,1.38856,1.38856,1.38856,0,1.38869,1.38869,1.38869,1.38869,0
22632000,1.38856,1.38857,1.38855,1.38855,0,1.38870,1.38870,1.38868,1.38868,0
22633000,1.38856,1.38860,1.38856,1.38859,0,1.38868,1.38874,1.38868,1.38874,0
22634000,1.38860,1.38866,1.38859,1.38866,0,1.38873,1.38880,1.38873,1.38880,0
22635000,1.38866,1.38870,1.38865,1.38870,0,1.38881,1.38882,1.38879,1.38882,0
22636000,1.38868,1.38868,1.38868,1.38868,0,1.38880,1.38880,1.38880,1.38880,0
22637000,1.38865,1.38866,1.38863,1.38863,0,1.38880,1.38880,1.38878,1.38878,0
22638000,1.38863,1.38863,1.38863,1.38863,0,1.38876,1.38876,1.38876,1.38876,0
22639000,1.38863,1.38863,1.38863,1.38863,0,1.38878,1.38878,1.38878,1.38878,0
22640000,1.38863,1.38865,1.38863,1.38865,0,1.38879,1.38881,1.38878,1.38881,0
22641000,1.38866,1.38868,1.38866,1.38868,0,1.38879,1.38881,1.38879,1.38881,0
22644000,1.38870,1.38870,1.38869,1.38869,0,1.38882,1.38883,1.38882,1.38883,0
22645000,1.38871,1.38871,1.38871,1.38871,0,1.38884,1.38884,1.38884,1.38884,0
22646000,1.38873,1.38873,1.38873,1.38873,0,1.38884,1.38884,1.38884,1.38884,0
22647000,1.38871,1.38871,1.38871,1.38871,0,1.38884,1.38884,1.38884,1.38884,0
22650000,1.38869,1.38869,1.38869,1.38869,0,1.38884,1.38884,1.38884,1.38884,0
22652000,1.38871,1.38871,1.38871,1.38871,0,1.38884,1.38884,1.38884,1.38884,0
22653000,1.38871,1.38871,1.38869,1.38869,0,1.38883,1.38884,1.38882,1.38882,0
22657000,1.38867,1.38867,1.38862,1.38862,0,1.38882,1.38882,1.38877,1.38877,0
22658000,1.38862,1.38863,1.38862,1.38863,0,1.38876,1.38876,1.38876,1.38876,0
22659000,1.38863,1.38863,1.38862,1.38862,0,1.38875,1.38875,1.38875,1.38875,0
22660000,1.38861,1.38861,1.38858,1.38859,0,1.38876,1.38876,1.38873,1.38873,0
22663000,1.38860,1.38860,1.38855,1.38855,0,1.38872,1.38873,1.38870,1.38870,0
22664000,1.38854,1.38854,1.38852,1.38852,0,1.38868,1.38868,1.38865,1.38865,0
22666000,1.38852,1.38857,1.38852,1.38857,0,1.38866,1.38870,1.38865,1.38870,0
22682000,1.38857,1.38857,1.38855,1.38855,0,1.38871,1.38871,1.38871,1.38871,0
22683000,1.38855,1.38855,1.38850,1.38850,0,1.38869,1.38869,1.38865,1.38865,0
22684000,1.38851,1.38851,1.38848,1.38849,0,1.38864,1.38864,1.38861,1.38861,0
22688000,1.38851,1.38851,1.38851,1.38851,0,1.38863,1.38863,1.38863,1.38863,0
22690000,1.38851,1.38851,1.38851,1.38851,0,1.38862,1.38862,1.38862,1.38862,0
22693000,1.38851,1.38851,1.38849,1.38849,0,1.38864,1.38865,1.38864,1.38865,0
22696000,1.38851,1.38851,1.38851,1.38851,0,1.38863,1.38863,1.38863,1.38863,0
22710000,1.38849,1.38851,1.38849,1.38851,0,1.38864,1.38865,1.38864,1.38865,0
22711000,1.38852,1.38853,1.38852,1.38853,0,1.38865,1.38866,1.38865,1.38866,0
22712000,1.38856,1.38856,1.38856,1.38856,0,1.38869,1.38869,1.38869,1.38869,0
22713000,1.38859,1.38859,1.38859,1.38859,0,1.38872,1.38872,1.38872,1.38872,0
22716000,1.38857,1.38857,1.38857,1.38857,0,1.38871,1.38871,1.38871,1.38871,0
22719000,1.38855,1.38855,1.38855,1.38855,0,1.38869,1.38869,1.38869,1.38869,0
22721000,1.38855,1.38855,1.38855,1.38855,0,1.38867,1.38867,1.38867,1.38867,0
22722000,1.38853,1.38853,1.38853,1.38853,0,1.38867,1.38867,1.38867,1.38867,0
22723000,1.38855,1.38856,1.38855,1.38856,0,1.38868,1.38871,1.38868,1.38871,0
22727000,1.38855,1.38855,1.38852,1.38852,0,1.38869,1.38869,1.38866,1.38866,0
22728000,1.38853,1.38853,1.38852,1.38852,0,1.38865,1.38866,1.38864,1.38864,0
22732000,1.38852,1.38852,1.38852,1.38852,0,1.38863,1.38863,1.38863,1.38863,0
22734000,1.38850,1.38851,1.38850,1.38851,0,1.38863,1.38863,1.38862,1.38862,0
22735000,1.38851,1.38851,1.38848,1.38848,0,1.38861,1.38863,1.38861,1.38861,0
22737000,1.38845,1.38845,1.38845,1.38845,0,1.38858,1.38858,1.38858,1.38858,0
22738000,1.38846,1.38846,1.38846,1.38846,0,1.38858,1.38858,1.38858,1.38858,0
22739000,1.38845,1.38849,1.38845,1.38848,0,1.38859,1.38863,1.38859,1.38863,0
22740000,1.38849,1.38849,1.38849,1.38849,0,1.38863,1.38863,1.38861,1.38861,0
22741000,1.38848,1.38848,1.38846,1.38848,0,1.38861,1.38861,1.38861,1.38861,0
22743000,1.38848,1.38850,1.38848,1.38850,0,1.38863,1.38864,1.38862,1.38864,0
22744000,1.38850,1.38850,1.38849,1.38849,0,1.38863,1.38863,1.38862,1.38862,0
22771000,1.38849,1.38849,1.38849,1.38849,0,1.38863,1.38863,1.38863,1.38863,0
22772000,1.38850,1.38850,1.38850,1.38850,0,1.38863,1.38863,1.38863,1.38863,0
22783000,1.38848,1.38853,1.38848,1.38849,0,1.38862,1.38866,1.38862,1.38863,0
22788000,1.38850,1.38850,1.38850,1.38850,0,1.38863,1.38863,1.38863,1.38863,0
22790000,1.38848,1.38848,1.38847,1.38847,0,1.38861,1.38863,1.38861,1.38861,0
22791000,1.38849,1.38849,1.38849,1.38849,0,1.38860,1.38860,1.38860,1.38860,0
22809000,1.38848,1.38848,1.38848,1.38848,0,1.38861,1.38861,1.38861,1.38861,0
22812000,1.38849,1.38849,1.38849,1.38849,0,1.38861,1.38861,1.38861,1.38861,0
22814000,1.38848,1.38848,1.38848,1.38848,0,1.38861,1.38861,1.38861,1.38861,0
22818000,1.38849,1.38849,1.38849,1.38849,0,1.38861,1.38861,1.38861,1.38861,0
22819000,1.38849,1.38849,1.38849,1.38849,0,1.38862,1.38862,1.38862,1.38862,0
22826000,1.38848,1.38848,1.38848,1.38848,0,1.38863,1.38863,1.38863,1.38863,0
22827000,1.38849,1.38849,1.38849,1.38849,0,1.38862,1.38862,1.38862,1.38862,0
22830000,1.38850,1.38850,1.38850,1.38850,0,1.38861,1.38861,1.38861,1.38861,0
22834000,1.38848,1.38848,1.38844,1.38844,0,1.38862,1.38862,1.38859,1.38859,0
22836000,1.38845,1.38845,1.38845,1.38845,0,1.38858,1.38858,1.38858,1.38858,0
22841000,1.38846,1.38846,1.38846,1.38846,0,1.38857,1.38857,1.38857,1.38857,0
22842000,1.38845,1.38845,1.38845,1.38845,0,1.38858,1.38858,1.38858,1.38858,0
22843000,1.38842,1.38842,1.38842,1.38842,0,1.38855,1.38855,1.38855,1.38855,0
22846000,1.38842,1.38843,1.38842,1.38843,0,1.38857,1.38857,1.38856,1.38856,0
22849000,1.38845,1.38845,1.38845,1.38845,0,1.38859,1.38859,1.38859,1.38859,0
22850000,1.38846,1.38846,1.38845,1.38845,0,1.38859,1.38860,1.38859,1.38860,0
22855000,1.38846,1.38846,1.38846,1.38846,0,1.38860,1.38860,1.38860,1.38860,0
22856000,1.38847,1.38847,1.38846,1.38846,0,1.38860,1.38861,1.38860,1.38861,0
22857000,1.38847,1.38847,1.38847,1.38847,0,1.38860,1.38860,1.38860,1.38860,0
22864000,1.38846,1.38846,1.38846,1.38846,0,1.38861,1.38861,1.38861,1.38861,0
22867000,1.38847,1.38847,1.38847,1.38847,0,1.38861,1.38861,1.38861,1.38861,0
22868000,1.38848,1.38848,1.38848,1.38848,0,1.38860,1.38860,1.38860,1.38860,0
22872000,1.38847,1.38849,1.38847,1.38849,0,1.38862,1.38862,1.38861,1.38861,0
22874000,1.38848,1.38848,1.38848,1.38848,0,1.38861,1.38861,1.38861,1.38861,0
22875000,1.38848,1.38848,1.38848,1.38848,0,1.38859,1.38859,1.38859,1.38859,0
22878000,1.38847,1.38847,1.38847,1.38847,0,1.38860,1.38860,1.38860,1.38860,0
22885000,1.38849,1.38849,1.38849,1.38849,0,1.38861,1.38861,1.38861,1.38861,0
22896000,1.38848,1.38848,1.38848,1.38848,0,1.38862,1.38862,1.38862,1.38862,0
22901000,1.38849,1.38849,1.38849,1.38849,0,1.38861,1.38861,1.38861,1.38861,0
22910000,1.38849,1.38849,1.38849,1.38849,0,1.38862,1.38862,1.38862,1.38862,0
22915000,1.38849,1.38849,1.38849,1.38849,0,1.38861,1.38864,1.38861,1.38864,0
22918000,1.38849,1.38849,1.38849,1.38849,0,1.38863,1.38863,1.38863,1.38863,0
22933000,1.38852,1.38852,1.38852,1.38852,0,1.38864,1.38864,1.38864,1.38864,0
22938000,1.38851,1.38851,1.38851,1.38851,0,1.38864,1.38864,1.38864,1.38864,0
22942000,1.38851,1.38851,1.38851,1.38851,0,1.38863,1.38863,1.38863,1.38863,0
22953000,1.38853,1.38853,1.38852,1.38852,0,1.38866,1.38866,1.38866,1.38866,0
22954000,1.38851,1.38856,1.38851,1.38856,0,1.38866,1.38869,1.38866,1.38869,0
22956000,1.38857,1.38857,1.38857,1.38857,0,1.38871,1.38871,1.38871,1.38871,0
22961000,1.38857,1.38857,1.38855,1.38855,0,1.38870,1.38870,1.38870,1.38870,0
22962000,1.38854,1.38854,1.38854,1.38854,0,1.38868,1.38868,1.38868,1.38868,0
22964000,1.38856,1.38856,1.38856,1.38856,0,1.38870,1.38870,1.38870,1.38870,0
22965000,1.38856,1.38856,1.38856,1.38856,0,1.38869,1.38869,1.38869,1.38869,0
22972000,1.38858,1.38864,1.38858,1.38864,0,1.38872,1.38878,1.38872,1.38876,0
22973000,1.38862,1.38863,1.38862,1.38863,0,1.38876,1.38876,1.38875,1.38875,0
22974000,1.38864,1.38864,1.38864,1.38864,0,1.38875,1.38875,1.38875,1.38875,0
22975000,1.38863,1.38863,1.38863,1.38863,0,1.38875,1.38875,1.38875,1.38875,0
22976000,1.38863,1.38863,1.38862,1.38862,0,1.38877,1.38877,1.38877,1.38877,0
22977000,1.38863,1.38863,1.38863,1.38863,0,1.38875,1.38875,1.38875,1.38875,0
22979000,1.38860,1.38860,1.38860,1.38860,0,1.38873,1.38873,1.38873,1.38873,0
22984000,1.38860,1.38860,1.38859,1.38859,0,1.38874,1.38874,1.38872,1.38872,0
22985000,1.38856,1.38856,1.38854,1.38854,0,1.38869,1.38869,1.38866,1.38867,0
22986000,1.38854,1.38863,1.38854,1.38863,0,1.38870,1.38877,1.38870,1.38876,0
22987000,1.38864,1.38864,1.38861,1.38862,0,1.38876,1.38877,1.38875,1.38875,0
22989000,1.38861,1.38861,1.38861,1.38861,0,1.38875,1.38875,1.38875,1.38875,0
22991000,1.38863,1.38863,1.38863,1.38863,0,1.38876,1.38876,1.38875,1.38875,0
22992000,1.38862,1.38863,1.38861,1.38863,0,1.38876,1.38877,1.38874,1.38876,0
22995000,1.38862,1.38862,1.38862,1.38862,0,1.38877,1.38877,1.38877,1.38877,0
22996000,1.38862,1.38862,1.38862,1.38862,0,1.38876,1.38876,1.38876,1.38876,0
22997000,1.38861,1.38863,1.38861,1.38863,0,1.38873,1.38875,1.38873,1.38875,0
23000000,1.38862,1.38862,1.38859,1.38859,0,1.38875,1.38876,1.38874,1.38874,0
23001000,1.38861,1.38863,1.38861,1.38863,0,1.38873,1.38876,1.38873,1.38875,0
23002000,1.38862,1.38862,1.38861,1.38861,0,1.38875,1.38875,1.38875,1.38875,0
23003000,1.38860,1.38861,1.38860,1.38861,0,1.38873,1.38874,1.38872,1.38874,0
23008000,1.38861,1.38861,1.38861,1.38861,0,1.38876,1.38876,1.38876,1.38876,0
23009000,1.38862,1.38864,1.38860,1.38864,0,1.38876,1.38878,1.38876,1.38878,0
23010000,1.38866,1.38866,1.38862,1.38863,0,1.38878,1.38878,1.38877,1.38877,0
23012000,1.38864,1.38864,1.38864,1.38864,0,1.38876,1.38876,1.38876,1.38876,0
23015000,1.38861,1.38861,1.38861,1.38861,0,1.38875,1.38875,1.38875,1.38875,0
23018000,1.38863,1.38865,1.38863,1.38865,0,1.38877,1.38877,1.38876,1.38876,0
23040000,1.38863,1.38863,1.38863,1.38863,0,1.38876,1.38876,1.38876,1.38876,0
23043000,1.38862,1.38862,1.38862,1.38862,0,1.38877,1.38877,1.38877,1.38877,0
23047000,1.38864,1.38864,1.38864,1.38864,0,1.38877,1.38877,1.38877,1.38877,0
23073000,1.38863,1.38863,1.38863,1.38863,0,1.38877,1.38877,1.38877,1.38877,0
23075000,1.38865,1.38865,1.38865,1.38865,0,1.38878,1.38878,1.38878,1.38878,0
23076000,1.38865,1.38866,1.38864,1.38865,0,1.38879,1.38879,1.38877,1.38877,0
23077000,1.38865,1.38866,1.38865,1.38866,0,1.38879,1.38879,1.38878,1.38878,0
23078000,1.38864,1.38865,1.38864,1.38865,0,1.38879,1.38879,1.38877,1.38877,0
23081000,1.38866,1.38866,1.38864,1.38864,0,1.38876,1.38877,1.38876,1.38877,0
23082000,1.38862,1.38862,1.38861,1.38861,0,1.38875,1.38876,1.38875,1.38875,0
23083000,1.38862,1.38862,1.38862,1.38862,0,1.38875,1.38875,1.38875,1.38875,0
23084000,1.38861,1.38861,1.38861,1.38861,0,1.38875,1.38875,1.38873,1.38873,0
23085000,1.38862,1.38862,1.38862,1.38862,0,1.38873,1.38873,1.38873,1.38873,0
23086000,1.38861,1.38861,1.38861,1.38861,0,1.38874,1.38874,1.38874,1.38874,0
23091000,1.38861,1.38861,1.38861,1.38861,0,1.38873,1.38873,1.38873,1.38873,0
23096000,1.38860,1.38862,1.38860,1.38862,0,1.38874,1.38875,1.38874,1.38875,0
23098000,1.38863,1.38867,1.38863,1.38867,0,1.38875,1.38880,1.38875,1.38880,0
23099000,1.38867,1.38867,1.38867,1.38867,0,1.38881,1.38881,1.38881,1.38881,0
23100000,1.38867,1.38867,1.38867,1.38867,0,1.38880,1.38880,1.38880,1.38880,0
23101000,1.38866,1.38867,1.38866,1.38866,0,1.38880,1.38880,1.38879,1.38880,0
23104000,1.38866,1.38866,1.38866,1.38866,0,1.38879,1.38879,1.38879,1.38879,0
23132000,1.38866,1.38866,1.38866,1.38866,0,1.38880,1.38880,1.38880,1.38880,0
23133000,1.38867,1.38871,1.38867,1.38871,0,1.38880,1.38883,1.38880,1.38883,0
23136000,1.38871,1.38871,1.38871,1.38871,0,1.38882,1.38882,1.38882,1.38882,0
23137000,1.38870,1.38871,1.38870,1.38871,0,1.38883,1.38883,1.38881,1.38881,0
23143000,1.38867,1.38867,1.38866,1.38867,0,1.38884,1.38884,1.38879,1.38879,0
23146000,1.38865,1.38865,1.38856,1.38862,0,1.38880,1.38880,1.38877,1.38878,0
23147000,1.38863,1.38864,1.38863,1.38864,0,1.38876,1.38876,1.38875,1.38875,0
23153000,1.38863,1.38863,1.38863,1.38863,0,1.38875,1.38875,1.38875,1.38875,0
23156000,1.38862,1.38862,1.38862,1.38862,0,1.38878,1.38878,1.38878,1.38878,0
23160000,1.38864,1.38864,1.38864,1.38864,0,1.38878,1.38878,1.38878,1.38878,0
23165000,1.38862,1.38862,1.38862,1.38862,0,1.38876,1.38876,1.38876,1.38876,0
23168000,1.38863,1.38865,1.38862,1.38865,0,1.38875,1.38882,1.38875,1.38882,0
23169000,1.38866,1.38867,1.38865,1.38865,0,1.38882,1.38882,1.38879,1.38879,0
23170000,1.38867,1.38868,1.38867,1.38868,0,1.38880,1.38880,1.38879,1.38879,0
23174000,1.38866,1.38866,1.38866,1.38866,0,1.38881,1.38881,1.38879,1.38879,0
23175000,1.38865,1.38865,1.38865,1.38865,0,1.38880,1.38880,1.38879,1.38879,0
23176000,1.38862,1.38863,1.38862,1.38863,0,1.38877,1.38877,1.38876,1.38876,0
23177000,1.38863,1.38863,1.38862,1.38862,0,1.38877,1.38877,1.38877,1.38877,0
23186000,1.38861,1.38862,1.38861,1.38862,0,1.38877,1.38877,1.38876,1.38876,0
23187000,1.38864,1.38865,1.38864,1.38865,0,1.38878,1.38880,1.38878,1.38880,0
23189000,1.38866,1.38867,1.38866,1.38867,0,1.38880,1.38880,1.38879,1.38879,0
23192000,1.38867,1.38867,1.38867,1.38867,0,1.38881,1.38881,1.38881,1.38881,0
23194000,1.38865,1.38865,1.38865,1.38865,0,1.38879,1.38879,1.38878,1.38878,0
23195000,1.38863,1.38864,1.38863,1.38864,0,1.38877,1.38877,1.38876,1.38876,0
23197000,1.38864,1.38864,1.38862,1.38862,0,1.38878,1.38878,1.38876,1.38876,0
23199000,1.38862,1.38862,1.38862,1.38862,0,1.38873,1.38873,1.38873,1.38873,0
23212000,1.38864,1.38866,1.38863,1.38866,0,1.38876,1.38879,1.38876,1.38879,0
23213000,1.38866,1.38866,1.38866,1.38866,0,1.38880,1.38880,1.38880,1.38880,0
23214000,1.38869,1.38869,1.38869,1.38869,0,1.38882,1.38882,1.38882,1.38882,0
23216000,1.38870,1.38870,1.38866,1.38866,0,1.38882,1.38882,1.38880,1.38880,0
23217000,1.38863,1.38863,1.38863,1.38863,0,1.38877,1.38877,1.38877,1.38877,0
23224000,1.38864,1.38864,1.38863,1.38863,0,1.38876,1.38877,1.38876,1.38877,0
23227000,1.38864,1.38864,1.38864,1.38864,0,1.38876,1.38876,1.38876,1.38876,0
23230000,1.38864,1.38864,1.38863,1.38863,0,1.38877,1.38877,1.38876,1.38877,0
23231000,1.38864,1.38864,1.38863,1.38863,0,1.38876,1.38877,1.38876,1.38877,0
23235000,1.38864,1.38864,1.38861,1.38863,0,1.38877,1.38877,1.38875,1.38875,0
23237000,1.38862,1.38862,1.38862,1.38862,0,1.38875,1.38875,1.38875,1.38875,0
23238000,1.38863,1.38863,1.38861,1.38861,0,1.38874,1.38874,1.38874,1.38874,0
23243000,1.38862,1.38862,1.38860,1.38860,0,1.38874,1.38874,1.38872,1.38872,0
23246000,1.38859,1.38859,1.38854,1.38854,0,1.38872,1.38872,1.38867,1.38867,0
23250000,1.38852,1.38852,1.38852,1.38852,0,1.38865,1.38865,1.38865,1.38865,0
23252000,1.38854,1.38855,1.38853,1.38855,0,1.38867,1.38870,1.38867,1.38868,0
23253000,1.38855,1.38856,1.38853,1.38853,0,1.38869,1.38870,1.38868,1.38868,0
23254000,1.38854,1.38854,1.38853,1.38854,0,1.38866,1.38868,1.38866,1.38868,0
23255000,1.38852,1.38854,1.38852,1.38854,0,1.38867,1.38867,1.38866,1.38866,0
23256000,1.38854,1.38854,1.38854,1.38854,0,1.38865,1.38865,1.38865,1.38865,0
23258000,1.38854,1.38854,1.38854,1.38854,0,1.38866,1.38866,1.38866,1.38866,0
23261000,1.38851,1.38852,1.38851,1.38852,0,1.38865,1.38865,1.38865,1.38865,0
23265000,1.38853,1.38853,1.38846,1.38847,0,1.38864,1.38864,1.38864,1.38864,0
23266000,1.38845,1.38850,1.38845,1.38850,0,1.38862,1.38864,1.38861,1.38862,0
23269000,1.38849,1.38850,1.38849,1.38850,0,1.38863,1.38863,1.38862,1.38862,0
23270000,1.38849,1.38850,1.38849,1.38850,0,1.38862,1.38862,1.38862,1.38862,0
23272000,1.38850,1.38850,1.38847,1.38847,0,1.38865,1.38865,1.38862,1.38862,0
23273000,1.38850,1.38850,1.38845,1.38845,0,1.38864,1.38864,1.38859,1.38859,0
23274000,1.38845,1.38845,1.38845,1.38845,0,1.38858,1.38858,1.38858,1.38858,0
23275000,1.38844,1.38848,1.38844,1.38848,0,1.38858,1.38860,1.38858,1.38859,0
23277000,1.38851,1.38851,1.38851,1.38851,0,1.38862,1.38863,1.38862,1.38863,0
23278000,1.38850,1.38853,1.38850,1.38853,0,1.38864,1.38867,1.38864,1.38867,0
23279000,1.38854,1.38854,1.38853,1.38853,0,1.38865,1.38865,1.38865,1.38865,0
23285000,1.38854,1.38854,1.38854,1.38854,0,1.38868,1.38868,1.38868,1.38868,0
23310000,1.38851,1.38851,1.38851,1.38851,0,1.38865,1.38865,1.38865,1.38865,0
23311000,1.38852,1.38852,1.38852,1.38852,0,1.38864,1.38864,1.38864,1.38864,0
23319000,1.38851,1.38851,1.38851,1.38851,0,1.38866,1.38866,1.38866,1.38866,0
23327000,1.38852,1.38854,1.38851,1.38854,0,1.38865,1.38869,1.38865,1.38868,0
23332000,1.38855,1.38855,1.38855,1.38855,0,1.38867,1.38867,1.38867,1.38867,0
23336000,1.38854,1.38854,1.38854,1.38854,0,1.38865,1.38865,1.38865,1.38865,0
23356000,1.38851,1.38851,1.38851,1.38851,0,1.38866,1.38866,1.38866,1.38866,0
23357000,1.38853,1.38853,1.38853,1.38853,0,1.38865,1.38865,1.38865,1.38865,0
23359000,1.38851,1.38851,1.38851,1.38851,0,1.38865,1.38865,1.38865,1.38865,0
23366000,1.38852,1.38852,1.38852,1.38852,0,1.38864,1.38864,1.38864,1.38864,0
23367000,1.38850,1.38850,1.38850,1.38850,0,1.38864,1.38864,1.38864,1.38864,0
23370000,1.38851,1.38851,1.38851,1.38851,0,1.38866,1.38866,1.38866,1.38866,0
23373000,1.38853,1.38854,1.38853,1.38854,0,1.38868,1.38870,1.38868,1.38869,0
23374000,1.38855,1.38855,1.38855,1.38855,0,1.38868,1.38868,1.38868,1.38868,0
23375000,1.38856,1.38856,1.38856,1.38856,0,1.38867,1.38867,1.38867,1.38867,0
23392000,1.38854,1.38857,1.38854,1.38857,0,1.38867,1.38870,1.38867,1.38870,0
23398000,1.38860,1.38860,1.38860,1.38860,0,1.38872,1.38872,1.38872,1.38872,0
23399000,1.38859,1.38859,1.38859,1.38859,0,1.38873,1.38873,1.38871,1.38871,0
23401000,1.38857,1.38857,1.38856,1.38856,0,1.38871,1.38871,1.38870,1.38870,0
23402000,1.38856,1.38856,1.38856,1.38856,0,1.38868,1.38868,1.38868,1.38868,0
23404000,1.38855,1.38855,1.38855,1.38855,0,1.38868,1.38868,1.38868,1.38868,0
23408000,1.38855,1.38856,1.38855,1.38855,0,1.38869,1.38869,1.38868,1.38869,0
23414000,1.38857,1.38857,1.38857,1.38857,0,1.38868,1.38868,1.38868,1.38868,0
23423000,1.38854,1.38854,1.38852,1.38852,0,1.38868,1.38868,1.38866,1.38866,0
23424000,1.38854,1.38854,1.38854,1.38854,0,1.38865,1.38865,1.38865,1.38865,0
23450000,1.38853,1.38854,1.38853,1.38854,0,1.38867,1.38867,1.38867,1.38867,0
23452000,1.38856,1.38856,1.38851,1.38852,0,1.38867,1.38868,1.38866,1.38866,0
23453000,1.38852,1.38852,1.38852,1.38852,0,1.38864,1.38864,1.38864,1.38864,0
23455000,1.38851,1.38851,1.38851,1.38851,0,1.38865,1.38865,1.38865,1.38865,0
23456000,1.38853,1.38853,1.38853,1.38853,0,1.38864,1.38864,1.38864,1.38864,0
23464000,1.38851,1.38851,1.38845,1.38847,0,1.38866,1.38866,1.38860,1.38860,0
23465000,1.38848,1.38849,1.38845,1.38846,0,1.38863,1.38863,1.38858,1.38858,0
23471000,1.38845,1.38845,1.38845,1.38845,0,1.38858,1.38858,1.38858,1.38858,0
23489000,1.38843,1.38843,1.38843,1.38843,0,1.38857,1.38857,1.38857,1.38857,0
23490000,1.38844,1.38844,1.38844,1.38844,0,1.38856,1.38856,1.38856,1.38856,0
23491000,1.38844,1.38844,1.38844,1.38844,0,1.38857,1.38857,1.38855,1.38855,0
23496000,1.38843,1.38843,1.38843,1.38843,0,1.38856,1.38856,1.38856,1.38856,0
23499000,1.38841,1.38841,1.38841,1.38841,0,1.38853,1.38853,1.38853,1.38853,0
23513000,1.38838,1.38838,1.38831,1.38831,0,1.38851,1.38852,1.38846,1.38846,0
23514000,1.38831,1.38832,1.38831,1.38832,0,1.38845,1.38845,1.38844,1.38844,0
23518000,1.38833,1.38833,1.38833,1.38833,0,1.38846,1.38846,1.38846,1.38846,0
23519000,1.38832,1.38832,1.38832,1.38832,0,1.38844,1.38845,1.38844,1.38845,0
23520000,1.38833,1.38836,1.38833,1.38836,0,1.38845,1.38849,1.38845,1.38849,0
23521000,1.38839,1.38839,1.38838,1.38839,0,1.38851,1.38851,1.38850,1.38850,0
23527000,1.38841,1.38841,1.38841,1.38841,0,1.38852,1.38852,1.38852,1.38852,0
23533000,1.38839,1.38839,1.38839,1.38839,0,1.38850,1.38850,1.38850,1.38850,0
23534000,1.38838,1.38838,1.38835,1.38835,0,1.38851,1.38852,1.38849,1.38849,0
23535000,1.38834,1.38835,1.38834,1.38834,0,1.38846,1.38847,1.38846,1.38847,0
23537000,1.38834,1.38834,1.38830,1.38832,0,1.38849,1.38849,1.38844,1.38844,0
23544000,1.38829,1.38829,1.38829,1.38829,0,1.38841,1.38842,1.38841,1.38842,0
23562000,1.38829,1.38829,1.38829,1.38829,0,1.38841,1.38841,1.38841,1.38841,0
23573000,1.38829,1.38829,1.38829,1.38829,0,1.38842,1.38842,1.38842,1.38842,0
23590000,1.38833,1.38843,1.38831,1.38843,0,1.38846,1.38864,1.38846,1.38861,0
23591000,1.38844,1.38845,1.38844,1.38845,0,1.38860,1.38860,1.38860,1.38860,0
23592000,1.38845,1.38846,1.38845,1.38846,0,1.38859,1.38859,1.38858,1.38858,0
23594000,1.38846,1.38846,1.38842,1.38842,0,1.38856,1.38859,1.38855,1.38855,0
23595000,1.38841,1.38841,1.38841,1.38841,0,1.38856,1.38856,1.38855,1.38855,0
23600000,1.38839,1.38839,1.38839,1.38839,0,1.38852,1.38852,1.38852,1.38852,0
23618000,1.38838,1.38838,1.38838,1.38838,0,1.38852,1.38852,1.38852,1.38852,0
23619000,1.38839,1.38839,1.38839,1.38839,0,1.38851,1.38851,1.38851,1.38851,0
23643000,1.38838,1.38838,1.38838,1.38838,0,1.38851,1.38851,1.38851,1.38851,0
23645000,1.38835,1.38835,1.38833,1.38833,0,1.38848,1.38848,1.38847,1.38847,0
23646000,1.38832,1.38836,1.38832,1.38836,0,1.38847,1.38849,1.38846,1.38848,0
23651000,1.38834,1.38834,1.38834,1.38834,0,1.38848,1.38848,1.38848,1.38848,0
23654000,1.38833,1.38833,1.38833,1.38833,0,1.38846,1.38846,1.38846,1.38846,0
23655000,1.38833,1.38837,1.38833,1.38837,0,1.38847,1.38850,1.38847,1.38850,0
23659000,1.38840,1.38840,1.38840,1.38840,0,1.38851,1.38851,1.38851,1.38851,0
23664000,1.38839,1.38839,1.38839,1.38839,0,1.38852,1.38852,1.38852,1.38852,0
23665000,1.38836,1.38837,1.38836,1.38837,0,1.38851,1.38851,1.38850,1.38850,0
23686000,1.38839,1.38839,1.38839,1.38839,0,1.38851,1.38851,1.38851,1.38851,0
23707000,1.38839,1.38839,1.38839,1.38839,0,1.38852,1.38852,1.38852,1.38852,0
23720000,1.38840,1.38840,1.38840,1.38840,0,1.38852,1.38852,1.38852,1.38852,0
23737000,1.38839,1.38839,1.38839,1.38839,0,1.38852,1.38852,1.38852,1.38852,0
23739000,1.38840,1.38840,1.38840,1.38840,0,1.38852,1.38852,1.38852,1.38852,0
23748000,1.38838,1.38838,1.38838,1.38838,0,1.38851,1.38851,1.38851,1.38851,0
23760000,1.38837,1.38837,1.38835,1.38835,0,1.38849,1.38851,1.38849,1.38851,0
23762000,1.38837,1.38837,1.38837,1.38837,0,1.38849,1.38849,1.38849,1.38849,0
23764000,1.38835,1.38835,1.38835,1.38835,0,1.38851,1.38851,1.38851,1.38851,0
23767000,1.38837,1.38837,1.38837,1.38837,0,1.38851,1.38851,1.38851,1.38851,0
23783000,1.38837,1.38837,1.38835,1.38835,0,1.38849,1.38850,1.38849,1.38850,0
23784000,1.38836,1.38837,1.38835,1.38837,0,1.38850,1.38851,1.38849,1.38851,0
23799000,1.38835,1.38835,1.38835,1.38835,0,1.38851,1.38851,1.38851,1.38851,0
23801000,1.38837,1.38837,1.38836,1.38836,0,1.38849,1.38850,1.38849,1.38850,0
23805000,1.38836,1.38836,1.38833,1.38833,0,1.38849,1.38849,1.38846,1.38848,0
23808000,1.38836,1.38836,1.38836,1.38836,0,1.38850,1.38850,1.38850,1.38850,0
23815000,1.38838,1.38838,1.38838,1.38838,0,1.38851,1.38851,1.38851,1.38851,0
23816000,1.38838,1.38838,1.38838,1.38838,0,1.38852,1.38852,1.38852,1.38852,0
23818000,1.38841,1.38841,1.38841,1.38841,0,1.38851,1.38851,1.38851,1.38851,0
23819000,1.38840,1.38840,1.38840,1.38840,0,1.38852,1.38852,1.38852,1.38852,0
23830000,1.38839,1.38839,1.38839,1.38839,0,1.38852,1.38852,1.38852,1.38852,0
23836000,1.38839,1.38839,1.38839,1.38839,0,1.38851,1.38851,1.38851,1.38851,0
23846000,1.38842,1.38842,1.38842,1.38842,0,1.38854,1.38854,1.38854,1.38854,0
23859000,1.38841,1.38841,1.38841,1.38841,0,1.38854,1.38854,1.38854,1.38854,0
23865000,1.38842,1.38842,1.38842,1.38842,0,1.38854,1.38854,1.38854,1.38854,0
23870000,1.38844,1.38848,1.38844,1.38848,0,1.38857,1.38861,1.38857,1.38861,0
23871000,1.38849,1.38849,1.38848,1.38849,0,1.38861,1.38861,1.38861,1.38861,0
23872000,1.38850,1.38850,1.38850,1.38850,0,1.38861,1.38863,1.38861,1.38863,0
23873000,1.38850,1.38850,1.38850,1.38850,0,1.38862,1.38862,1.38862,1.38862,0
23887000,1.38850,1.38850,1.38850,1.38850,0,1.38864,1.38864,1.38863,1.38863,0
23891000,1.38850,1.38850,1.38850,1.38850,0,1.38864,1.38864,1.38864,1.38864,0
23897000,1.38852,1.38852,1.38852,1.38852,0,1.38863,1.38863,1.38863,1.38863,0
23903000,1.38851,1.38853,1.38851,1.38853,0,1.38864,1.38865,1.38864,1.38865,0
23904000,1.38852,1.38854,1.38852,1.38854,0,1.38866,1.38867,1.38866,1.38866,0
23905000,1.38854,1.38854,1.38854,1.38854,0,1.38865,1.38865,1.38865,1.38865,0
23929000,1.38852,1.38854,1.38852,1.38854,0,1.38865,1.38867,1.38865,1.38866,0
23930000,1.38854,1.38854,1.38854,1.38854,0,1.38865,1.38865,1.38865,1.38865,0
23934000,1.38854,1.38854,1.38854,1.38854,0,1.38868,1.38868,1.38866,1.38868,0
23961000,1.38854,1.38854,1.38854,1.38854,0,1.38866,1.38866,1.38866,1.38866,0
23962000,1.38855,1.38855,1.38855,1.38855,0,1.38865,1.38865,1.38865,1.38865,0
23964000,1.38855,1.38855,1.38855,1.38855,0,1.38866,1.38866,1.38866,1.38866,0
23965000,1.38857,1.38857,1.38857,1.38857,0,1.38870,1.38870,1.38870,1.38870,0
23966000,1.38860,1.38860,1.38860,1.38860,0,1.38872,1.38872,1.38872,1.38872,0
23967000,1.38859,1.38859,1.38859,1.38859,0,1.38873,1.38873,1.38873,1.38873,0
23972000,1.38861,1.38861,1.38861,1.38861,0,1.38872,1.38872,1.38872,1.38872,0
23973000,1.38860,1.38860,1.38860,1.38860,0,1.38873,1.38873,1.38873,1.38873,0
23975000,1.38858,1.38858,1.38858,1.38858,0,1.38871,1.38871,1.38871,1.38871,0
23978000,1.38859,1.38859,1.38859,1.38859,0,1.38871,1.38871,1.38871,1.38871,0
23985000,1.38860,1.38860,1.38860,1.38860,0,1.38871,1.38871,1.38871,1.38871,0
23988000,1.38859,1.38859,1.38859,1.38859,0,1.38871,1.38871,1.38871,1.38871,0
23989000,1.38857,1.38857,1.38850,1.38850,0,1.38869,1.38869,1.38865,1.38865,0
23990000,1.38851,1.38851,1.38851,1.38851,0,1.38862,1.38862,1.38862,1.38862,0
23991000,1.38848,1.38848,1.38848,1.38848,0,1.38861,1.38861,1.38861,1.38861,0
23992000,1.38846,1.38846,1.38845,1.38845,0,1.38860,1.38860,1.38858,1.38858,0
23995000,1.38843,1.38843,1.38843,1.38843,0,1.38859,1.38859,1.38859,1.38859,0
23996000,1.38844,1.38844,1.38844,1.38844,0,1.38858,1.38858,1.38858,1.38858,0
24000000,1.38846,1.38846,1.38846,1.38846,0,1.38859,1.38859,1.38859,1.38859,0
24002000,1.38848,1.38849,1.38848,1.38848,0,1.38859,1.38860,1.38859,1.38860,0
24014000,1.38848,1.38848,1.38848,1.38848,0,1.38859,1.38859,1.38859,1.38859,0
24017000,1.38845,1.38845,1.38840,1.38843,0,1.38861,1.38862,1.38855,1.38855,0
24024000,1.38844,1.38844,1.38844,1.38844,0,1.38857,1.38859,1.38857,1.38859,0
24025000,1.38846,1.38846,1.38846,1.38846,0,1.38858,1.38858,1.38858,1.38858,0
24033000,1.38843,1.38843,1.38843,1.38843,0,1.38855,1.38855,1.38855,1.38855,0
24036000,1.38845,1.38845,1.38845,1.38845,0,1.38857,1.38857,1.38857,1.38857,0
24045000,1.38843,1.38843,1.38840,1.38840,0,1.38855,1.38855,1.38853,1.38853,0
24046000,1.38843,1.38843,1.38843,1.38843,0,1.38856,1.38856,1.38856,1.38856,0
24047000,1.38843,1.38843,1.38842,1.38842,0,1.38854,1.38855,1.38854,1.38855,0
24058000,1.38840,1.38840,1.38838,1.38838,0,1.38854,1.38854,1.38851,1.38851,0
24068000,1.38836,1.38836,1.38836,1.38836,0,1.38850,1.38850,1.38849,1.38849,0
24069000,1.38836,1.38836,1.38836,1.38836,0,1.38848,1.38848,1.38848,1.38848,0
24077000,1.38834,1.38834,1.38832,1.38832,0,1.38848,1.38848,1.38846,1.38847,0
24078000,1.38833,1.38833,1.38833,1.38833,0,1.38847,1.38847,1.38847,1.38847,0
24088000,1.38834,1.38834,1.38832,1.38832,0,1.38846,1.38846,1.38846,1.38846,0
24090000,1.38834,1.38834,1.38834,1.38834,0,1.38846,1.38846,1.38846,1.38846,0
24092000,1.38832,1.38832,1.38832,1.38832,0,1.38846,1.38846,1.38846,1.38846,0
24093000,1.38832,1.38832,1.38832,1.38832,0,1.38845,1.38845,1.38845,1.38845,0
24098000,1.38833,1.38833,1.38833,1.38833,0,1.38844,1.38844,1.38844,1.38844,0
24103000,1.38832,1.38832,1.38832,1.38832,0,1.38844,1.38844,1.38844,1.38844,0
24119000,1.38832,1.38832,1.38832,1.38832,0,1.38845,1.38845,1.38845,1.38845,0
24127000,1.38833,1.38833,1.38833,1.38833,0,1.38844,1.38844,1.38844,1.38844,0
24134000,1.38831,1.38831,1.38831,1.38831,0,1.38845,1.38845,1.38843,1.38843,0
24137000,1.38832,1.38835,1.38832,1.38835,0,1.38846,1.38848,1.38846,1.38848,0
24139000,1.38837,1.38837,1.38836,1.38836,0,1.38848,1.38848,1.38848,1.38848,0
24142000,1.38835,1.38845,1.38835,1.38845,0,1.38848,1.38858,1.38848,1.38858,0
24143000,1.38847,1.38847,1.38847,1.38847,0,1.38858,1.38858,1.38858,1.38858,0
24144000,1.38845,1.38847,1.38845,1.38847,0,1.38858,1.38858,1.38858,1.38858,0
24148000,1.38847,1.38847,1.38847,1.38847,0,1.38859,1.38859,1.38859,1.38859,0
24151000,1.38846,1.38847,1.38846,1.38847,0,1.38860,1.38860,1.38859,1.38859,0
24153000,1.38846,1.38850,1.38846,1.38850,0,1.38860,1.38863,1.38860,1.38863,0
24161000,1.38850,1.38853,1.38850,1.38853,0,1.38864,1.38868,1.38864,1.38868,0
24162000,1.38856,1.38857,1.38856,1.38857,0,1.38871,1.38871,1.38869,1.38869,0
24163000,1.38856,1.38858,1.38856,1.38858,0,1.38870,1.38870,1.38870,1.38870,0
24179000,1.38859,1.38859,1.38859,1.38859,0,1.38869,1.38869,1.38869,1.38869,0
24180000,1.38858,1.38858,1.38858,1.38858,0,1.38869,1.38870,1.38869,1.38870,0
24182000,1.38858,1.38858,1.38858,1.38858,0,1.38869,1.38869,1.38869,1.38869,0
24189000,1.38858,1.38858,1.38858,1.38858,0,1.38870,1.38870,1.38870,1.38870,0
24191000,1.38858,1.38859,1.38855,1.38855,0,1.38869,1.38872,1.38868,1.38869,0
24192000,1.38855,1.38857,1.38855,1.38857,0,1.38868,1.38870,1.38868,1.38870,0
24193000,1.38857,1.38857,1.38857,1.38857,0,1.38868,1.38868,1.38868,1.38868,0
24196000,1.38856,1.38856,1.38854,1.38855,0,1.38868,1.38868,1.38867,1.38867,0
24197000,1.38857,1.38859,1.38857,1.38859,0,1.38869,1.38871,1.38869,1.38871,0
24211000,1.38860,1.38860,1.38860,1.38860,0,1.38871,1.38871,1.38871,1.38871,0
24217000,1.38860,1.38860,1.38860,1.38860,0,1.38873,1.38873,1.38873,1.38873,0
24221000,1.38859,1.38859,1.38859,1.38859,0,1.38873,1.38873,1.38872,1.38872,0
24226000,1.38860,1.38860,1.38860,1.38860,0,1.38872,1.38872,1.38872,1.38872,0
24232000,1.38860,1.38860,1.38859,1.38859,0,1.38873,1.38873,1.38872,1.38873,0
24237000,1.38860,1.38860,1.38860,1.38860,0,1.38873,1.38873,1.38871,1.38871,0
24240000,1.38860,1.38860,1.38860,1.38860,0,1.38873,1.38873,1.38873,1.38873,0
24243000,1.38861,1.38862,1.38861,1.38862,0,1.38875,1.38875,1.38875,1.38875,0
24252000,1.38861,1.38862,1.38861,1.38862,0,1.38875,1.38875,1.38875,1.38875,0
24253000,1.38864,1.38864,1.38864,1.38864,0,1.38876,1.38876,1.38876,1.38876,0
24263000,1.38862,1.38862,1.38862,1.38862,0,1.38874,1.38874,1.38874,1.38874,0
24265000,1.38865,1.38865,1.38863,1.38863,0,1.38876,1.38877,1.38876,1.38877,0
24269000,1.38864,1.38864,1.38863,1.38863,0,1.38876,1.38876,1.38876,1.38876,0
24275000,1.38863,1.38863,1.38863,1.38863,0,1.38874,1.38874,1.38874,1.38874,0
24288000,1.38863,1.38863,1.38861,1.38862,0,1.38876,1.38877,1.38875,1.38875,0
24297000,1.38863,1.38863,1.38863,1.38863,0,1.38875,1.38875,1.38875,1.38875,0
24306000,1.38864,1.38864,1.38864,1.38864,0,1.38874,1.38874,1.38874,1.38874,0
24310000,1.38864,1.38864,1.38864,1.38864,0,1.38876,1.38876,1.38876,1.38876,0
24315000,1.38862,1.38862,1.38862,1.38862,0,1.38874,1.38874,1.38874,1.38874,0
24319000,1.38861,1.38861,1.38861,1.38861,0,1.38874,1.38874,1.38874,1.38874,0
24321000,1.38861,1.38861,1.38859,1.38860,0,1.38873,1.38873,1.38872,1.38872,0
24324000,1.38860,1.38863,1.38860,1.38862,0,1.38874,1.38878,1.38873,1.38873,0
24333000,1.38861,1.38861,1.38861,1.38861,0,1.38873,1.38873,1.38873,1.38873,0
24334000,1.38862,1.38862,1.38861,1.38861,0,1.38873,1.38874,1.38873,1.38874,0
24342000,1.38862,1.38862,1.38862,1.38862,0,1.38874,1.38874,1.38874,1.38874,0
24348000,1.38861,1.38861,1.38860,1.38860,0,1.38872,1.38873,1.38872,1.38873,0
24351000,1.38860,1.38860,1.38860,1.38860,0,1.38874,1.38874,1.38874,1.38874,0
24352000,1.38860,1.38860,1.38860,1.38860,0,1.38873,1.38873,1.38873,1.38873,0
24364000,1.38861,1.38861,1.38861,1.38861,0,1.38875,1.38875,1.38875,1.38875,0
24369000,1.38860,1.38860,1.38860,1.38860,0,1.38873,1.38873,1.38873,1.38873,0
24379000,1.38859,1.38859,1.38859,1.38859,0,1.38873,1.38873,1.38873,1.38873,0
24386000,1.38859,1.38859,1.38859,1.38859,0,1.38871,1.38871,1.38871,1.38871,0
24388000,1.38859,1.38859,1.38859,1.38859,0,1.38873,1.38873,1.38873,1.38873,0
24389000,1.38860,1.38860,1.38859,1.38859,0,1.38872,1.38873,1.38872,1.38873,0
24390000,1.38861,1.38861,1.38861,1.38861,0,1.38873,1.38873,1.38873,1.38873,0
24391000,1.38861,1.38861,1.38861,1.38861,0,1.38872,1.38872,1.38872,1.38872,0
24393000,1.38861,1.38861,1.38860,1.38861,0,1.38873,1.38874,1.38873,1.38873,0
24398000,1.38860,1.38860,1.38860,1.38860,0,1.38874,1.38874,1.38874,1.38874,0
24406000,1.38863,1.38866,1.38863,1.38866,0,1.38877,1.38880,1.38877,1.38879,0
24407000,1.38865,1.38869,1.38865,1.38869,0,1.38880,1.38881,1.38880,1.38881,0
24408000,1.38869,1.38871,1.38867,1.38869,0,1.38879,1.38888,1.38879,1.38885,0
24409000,1.38869,1.38870,1.38866,1.38866,0,1.38883,1.38883,1.38879,1.38879,0
24410000,1.38866,1.38867,1.38866,1.38867,0,1.38878,1.38878,1.38878,1.38878,0
24412000,1.38864,1.38864,1.38864,1.38864,0,1.38877,1.38877,1.38877,1.38877,0
24421000,1.38864,1.38864,1.38864,1.38864,0,1.38876,1.38876,1.38876,1.38876,0
24426000,1.38863,1.38868,1.38863,1.38868,0,1.38878,1.38881,1.38878,1.38881,0
24427000,1.38866,1.38867,1.38866,1.38867,0,1.38879,1.38880,1.38878,1.38879,0
24429000,1.38869,1.38869,1.38868,1.38868,0,1.38879,1.38880,1.38879,1.38880,0
24432000,1.38868,1.38869,1.38866,1.38866,0,1.38881,1.38881,1.38878,1.38879,0
24433000,1.38867,1.38867,1.38867,1.38867,0,1.38879,1.38879,1.38879,1.38879,0
24436000,1.38864,1.38864,1.38864,1.38864,0,1.38877,1.38877,1.38877,1.38877,0
24437000,1.38865,1.38865,1.38865,1.38865,0,1.38876,1.38877,1.38876,1.38877,0
24438000,1.38866,1.38866,1.38866,1.38866,0,1.38877,1.38877,1.38877,1.38877,0
24443000,1.38865,1.38865,1.38864,1.38864,0,1.38878,1.38879,1.38878,1.38879,0
24445000,1.38865,1.38865,1.38865,1.38865,0,1.38878,1.38878,1.38878,1.38878,0
24461000,1.38863,1.38864,1.38863,1.38864,0,1.38877,1.38877,1.38877,1.38877,0
24463000,1.38864,1.38864,1.38864,1.38864,0,1.38876,1.38876,1.38876,1.38876,0
24470000,1.38864,1.38864,1.38864,1.38864,0,1.38877,1.38877,1.38877,1.38877,0
24475000,1.38866,1.38866,1.38866,1.38866,0,1.38878,1.38878,1.38878,1.38878,0
24485000,1.38865,1.38865,1.38865,1.38865,0,1.38879,1.38879,1.38879,1.38879,0
24487000,1.38866,1.38866,1.38866,1.38866,0,1.38879,1.38879,1.38879,1.38879,0
24488000,1.38868,1.38870,1.38868,1.38870,0,1.38881,1.38881,1.38881,1.38881,0
24490000,1.38868,1.38868,1.38867,1.38867,0,1.38879,1.38880,1.38879,1.38880,0
24501000,1.38865,1.38865,1.38865,1.38865,0,1.38878,1.38878,1.38878,1.38878,0
24534000,1.38867,1.38867,1.38867,1.38867,0,1.38880,1.38881,1.38880,1.38881,0
24537000,1.38867,1.38867,1.38866,1.38867,0,1.38880,1.38881,1.38879,1.38879,0
24539000,1.38867,1.38867,1.38867,1.38867,0,1.38878,1.38878,1.38878,1.38878,0
24559000,1.38865,1.38865,1.38862,1.38862,0,1.38876,1.38877,1.38876,1.38877,0
24560000,1.38863,1.38864,1.38862,1.38862,0,1.38875,1.38876,1.38875,1.38876,0
24561000,1.38863,1.38863,1.38863,1.38863,0,1.38876,1.38876,1.38874,1.38874,0
24568000,1.38861,1.38861,1.38861,1.38861,0,1.38875,1.38875,1.38875,1.38875,0
24571000,1.38862,1.38862,1.38862,1.38862,0,1.38874,1.38874,1.38874,1.38874,0
24574000,1.38861,1.38861,1.38861,1.38861,0,1.38874,1.38874,1.38874,1.38874,0
24575000,1.38858,1.38858,1.38857,1.38857,0,1.38872,1.38872,1.38870,1.38871,0
24576000,1.38857,1.38857,1.38857,1.38857,0,1.38870,1.38870,1.38870,1.38870,0
24577000,1.38858,1.38858,1.38858,1.38858,0,1.38869,1.38869,1.38869,1.38869,0
24600000,1.38857,1.38857,1.38857,1.38857,0,1.38867,1.38867,1.38867,1.38867,0
24602000,1.38856,1.38856,1.38854,1.38854,0,1.38867,1.38867,1.38867,1.38867,0
24604000,1.38854,1.38854,1.38851,1.38851,0,1.38866,1.38866,1.38863,1.38863,0
24608000,1.38851,1.38851,1.38851,1.38851,0,1.38865,1.38865,1.38865,1.38865,0
24617000,1.38850,1.38850,1.38850,1.38850,0,1.38863,1.38863,1.38863,1.38863,0
24618000,1.38851,1.38851,1.38851,1.38851,0,1.38862,1.38862,1.38862,1.38862,0
24620000,1.38849,1.38850,1.38849,1.38850,0,1.38862,1.38862,1.38862,1.38862,0
24628000,1.38850,1.38850,1.38850,1.38850,0,1.38863,1.38863,1.38863,1.38863,0
24639000,1.38850,1.38850,1.38850,1.38850,0,1.38861,1.38861,1.38861,1.38861,0
24647000,1.38850,1.38850,1.38850,1.38850,0,1.38862,1.38862,1.38862,1.38862,0
24659000,1.38850,1.38850,1.38850,1.38850,0,1.38861,1.38861,1.38861,1.38861,0
24674000,1.38849,1.38849,1.38849,1.38849,0,1.38862,1.38862,1.38862,1.38862,0
24675000,1.38851,1.38851,1.38851,1.38851,0,1.38862,1.38862,1.38862,1.38862,0
24685000,1.38848,1.38848,1.38845,1.38847,0,1.38862,1.38862,1.38860,1.38860,0
24686000,1.38849,1.38849,1.38846,1.38847,0,1.38861,1.38863,1.38859,1.38859,0
24687000,1.38847,1.38847,1.38847,1.38847,0,1.38858,1.38858,1.38858,1.38858,0
24691000,1.38848,1.38850,1.38848,1.38850,0,1.38861,1.38863,1.38861,1.38863,0
24692000,1.38848,1.38848,1.38848,1.38848,0,1.38862,1.38862,1.38862,1.38862,0
24695000,1.38848,1.38848,1.38848,1.38848,0,1.38860,1.38860,1.38860,1.38860,0
24697000,1.38847,1.38847,1.38847,1.38847,0,1.38861,1.38861,1.38861,1.38861,0
24701000,1.38848,1.38849,1.38848,1.38849,0,1.38860,1.38862,1.38860,1.38862,0
24702000,1.38849,1.38849,1.38849,1.38849,0,1.38861,1.38862,1.38861,1.38862,0
24710000,1.38849,1.38849,1.38848,1.38848,0,1.38860,1.38861,1.38860,1.38861,0
24732000,1.38846,1.38846,1.38846,1.38846,0,1.38860,1.38860,1.38860,1.38860,0
24733000,1.38847,1.38847,1.38839,1.38840,0,1.38859,1.38859,1.38852,1.38852,0
24738000,1.38842,1.38845,1.38842,1.38842,0,1.38855,1.38858,1.38855,1.38855,0
24739000,1.38841,1.38841,1.38840,1.38841,0,1.38855,1.38855,1.38852,1.38853,0
24745000,1.38841,1.38841,1.38841,1.38841,0,1.38852,1.38852,1.38852,1.38852,0
24751000,1.38840,1.38840,1.38840,1.38840,0,1.38853,1.38853,1.38853,1.38853,0
24752000,1.38841,1.38841,1.38841,1.38841,0,1.38852,1.38852,1.38852,1.38852,0
24755000,1.38840,1.38840,1.38840,1.38840,0,1.38853,1.38853,1.38853,1.38853,0
24757000,1.38841,1.38841,1.38841,1.38841,0,1.38852,1.38852,1.38852,1.38852,0
24759000,1.38840,1.38840,1.38840,1.38840,0,1.38854,1.38854,1.38854,1.38854,0
24760000,1.38842,1.38842,1.38842,1.38842,0,1.38854,1.38854,1.38854,1.38854,0
24761000,1.38840,1.38841,1.38840,1.38841,0,1.38854,1.38854,1.38853,1.38853,0
24765000,1.38840,1.38840,1.38840,1.38840,0,1.38854,1.38854,1.38854,1.38854,0
24766000,1.38841,1.38841,1.38841,1.38841,0,1.38853,1.38853,1.38853,1.38853,0
24767000,1.38840,1.38840,1.38840,1.38840,0,1.38854,1.38854,1.38854,1.38854,0
24775000,1.38839,1.38839,1.38839,1.38839,0,1.38852,1.38852,1.38852,1.38852,0
24776000,1.38840,1.38840,1.38840,1.38840,0,1.38852,1.38852,1.38852,1.38852,0
24778000,1.38838,1.38840,1.38838,1.38840,0,1.38853,1.38854,1.38853,1.38853,0
24779000,1.38840,1.38840,1.38838,1.38838,0,1.38852,1.38852,1.38851,1.38851,0
24818000,1.38840,1.38840,1.38840,1.38840,0,1.38852,1.38852,1.38852,1.38852,0
24821000,1.38840,1.38841,1.38840,1.38841,0,1.38854,1.38854,1.38853,1.38853,0
24827000,1.38842,1.38842,1.38842,1.38842,0,1.38853,1.38853,1.38853,1.38853,0
24828000,1.38842,1.38844,1.38842,1.38844,0,1.38854,1.38856,1.38854,1.38856,0
24831000,1.38842,1.38844,1.38842,1.38844,0,1.38854,1.38857,1.38854,1.38857,0
24833000,1.38845,1.38845,1.38844,1.38844,0,1.38856,1.38857,1.38856,1.38857,0
24834000,1.38843,1.38845,1.38842,1.38844,0,1.38855,1.38857,1.38855,1.38857,0
24835000,1.38844,1.38844,1.38843,1.38843,0,1.38856,1.38856,1.38854,1.38854,0
24838000,1.38844,1.38844,1.38844,1.38844,0,1.38856,1.38856,1.38856,1.38856,0
24839000,1.38845,1.38845,1.38843,1.38843,0,1.38856,1.38857,1.38855,1.38855,0
24850000,1.38842,1.38842,1.38842,1.38842,0,1.38855,1.38855,1.38855,1.38855,0
24851000,1.38842,1.38842,1.38842,1.38842,0,1.38853,1.38853,1.38853,1.38853,0
24855000,1.38841,1.38841,1.38841,1.38841,0,1.38854,1.38854,1.38854,1.38854,0
24859000,1.38842,1.38842,1.38842,1.38842,0,1.38853,1.38853,1.38853,1.38853,0
24863000,1.38840,1.38840,1.38840,1.38840,0,1.38854,1.38854,1.38854,1.38854,0
24878000,1.38840,1.38840,1.38840,1.38840,0,1.38853,1.38853,1.38853,1.38853,0
24900000,1.38839,1.38839,1.38839,1.38839,0,1.38851,1.38851,1.38851,1.38851,0
24904000,1.38840,1.38840,1.38840,1.38840,0,1.38850,1.38850,1.38850,1.38850,0
24906000,1.38839,1.38839,1.38839,1.38839,0,1.38851,1.38851,1.38851,1.38851,0
24910000,1.38837,1.38838,1.38837,1.38838,0,1.38851,1.38851,1.38850,1.38850,0
24915000,1.38838,1.38840,1.38838,1.38840,0,1.38852,1.38854,1.38852,1.38853,0
24916000,1.38840,1.38840,1.38840,1.38840,0,1.38854,1.38854,1.38854,1.38854,0
24917000,1.38841,1.38841,1.38841,1.38841,0,1.38853,1.38853,1.38853,1.38853,0
24932000,1.38841,1.38841,1.38841,1.38841,0,1.38854,1.38854,1.38854,1.38854,0
24941000,1.38843,1.38846,1.38843,1.38846,0,1.38857,1.38860,1.38857,1.38860,0
24942000,1.38847,1.38847,1.38844,1.38844,0,1.38860,1.38860,1.38858,1.38858,0
24948000,1.38843,1.38843,1.38843,1.38843,0,1.38856,1.38856,1.38856,1.38856,0
24949000,1.38843,1.38845,1.38843,1.38845,0,1.38855,1.38857,1.38855,1.38857,0
24957000,1.38844,1.38844,1.38844,1.38844,0,1.38857,1.38857,1.38857,1.38857,0
24958000,1.38846,1.38846,1.38845,1.38845,0,1.38859,1.38859,1.38859,1.38859,0
24960000,1.38845,1.38846,1.38845,1.38846,0,1.38858,1.38859,1.38858,1.38859,0
24961000,1.38849,1.38850,1.38849,1.38850,0,1.38860,1.38860,1.38860,1.38860,0
24962000,1.38849,1.38849,1.38849,1.38849,0,1.38861,1.38861,1.38861,1.38861,0
24965000,1.38849,1.38849,1.38849,1.38849,0,1.38862,1.38862,1.38862,1.38862,0
24968000,1.38849,1.38849,1.38849,1.38849,0,1.38861,1.38861,1.38861,1.38861,0
24974000,1.38847,1.38847,1.38847,1.38847,0,1.38860,1.38860,1.38860,1.38860,0
24978000,1.38849,1.38849,1.38849,1.38849,0,1.38861,1.38861,1.38861,1.38861,0
24979000,1.38850,1.38850,1.38849,1.38849,0,1.38863,1.38864,1.38863,1.38863,0
24980000,1.38850,1.38850,1.38850,1.38850,0,1.38862,1.38862,1.38862,1.38862,0
24986000,1.38849,1.38849,1.38849,1.38849,0,1.38863,1.38863,1.38863,1.38863,0
25018000,1.38849,1.38849,1.38849,1.38849,0,1.38861,1.38861,1.38861,1.38861,0
25031000,1.38848,1.38849,1.38848,1.38848,0,1.38862,1.38862,1.38861,1.38862,0
25032000,1.38849,1.38849,1.38849,1.38849,0,1.38861,1.38861,1.38861,1.38861,0
25034000,1.38848,1.38848,1.38848,1.38848,0,1.38861,1.38861,1.38861,1.38861,0
25052000,1.38846,1.38846,1.38846,1.38846,0,1.38860,1.38860,1.38860,1.38860,0
25053000,1.38847,1.38847,1.38841,1.38841,0,1.38860,1.38860,1.38855,1.38855,0
25055000,1.38842,1.38842,1.38842,1.38842,0,1.38855,1.38855,1.38855,1.38855,0
25056000,1.38843,1.38843,1.38842,1.38842,0,1.38855,1.38856,1.38855,1.38856,0
25057000,1.38842,1.38842,1.38842,1.38842,0,1.38854,1.38854,1.38854,1.38854,0
25069000,1.38841,1.38841,1.38841,1.38841,0,1.38854,1.38854,1.38854,1.38854,0
25070000,1.38843,1.38848,1.38843,1.38848,0,1.38855,1.38862,1.38855,1.38861,0
25078000,1.38849,1.38849,1.38849,1.38849,0,1.38861,1.38861,1.38861,1.38861,0
25080000,1.38848,1.38850,1.38848,1.38850,0,1.38862,1.38862,1.38862,1.38862,0
25081000,1.38850,1.38850,1.38850,1.38850,0,1.38861,1.38861,1.38861,1.38861,0
25082000,1.38849,1.38849,1.38849,1.38849,0,1.38863,1.38863,1.38863,1.38863,0
25092000,1.38850,1.38858,1.38850,1.38858,0,1.38863,1.38871,1.38863,1.38871,0
25093000,1.38859,1.38859,1.38859,1.38859,0,1.38870,1.38871,1.38870,1.38871,0
25094000,1.38860,1.38860,1.38858,1.38859,0,1.38874,1.38874,1.38873,1.38873,0
25095000,1.38858,1.38858,1.38858,1.38858,0,1.38874,1.38874,1.38874,1.38874,0
25100000,1.38859,1.38859,1.38859,1.38859,0,1.38873,1.38873,1.38873,1.38873,0
25101000,1.38860,1.38861,1.38860,1.38861,0,1.38872,1.38872,1.38871,1.38871,0
25103000,1.38860,1.38860,1.38860,1.38860,0,1.38872,1.38872,1.38872,1.38872,0
25108000,1.38861,1.38861,1.38861,1.38861,0,1.38871,1.38871,1.38871,1.38871,0
25111000,1.38860,1.38860,1.38860,1.38860,0,1.38873,1.38873,1.38873,1.38873,0
25122000,1.38861,1.38864,1.38861,1.38862,0,1.38875,1.38878,1.38875,1.38875,0
25124000,1.38863,1.38863,1.38863,1.38863,0,1.38875,1.38875,1.38875,1.38875,0
25134000,1.38861,1.38861,1.38860,1.38860,0,1.38873,1.38874,1.38872,1.38872,0
25137000,1.38860,1.38861,1.38860,1.38861,0,1.38874,1.38874,1.38873,1.38873,0
25140000,1.38858,1.38858,1.38858,1.38858,0,1.38871,1.38871,1.38871,1.38871,0
25144000,1.38859,1.38859,1.38859,1.38859,0,1.38871,1.38871,1.38871,1.38871,0
25150000,1.38858,1.38858,1.38858,1.38858,0,1.38871,1.38871,1.38871,1.38871,0
25157000,1.38858,1.38858,1.38857,1.38858,0,1.38870,1.38871,1.38870,1.38870,0
25161000,1.38856,1.38856,1.38852,1.38856,0,1.38870,1.38870,1.38867,1.38869,0
25166000,1.38858,1.38858,1.38858,1.38858,0,1.38869,1.38869,1.38869,1.38869,0
25168000,1.38858,1.38858,1.38858,1.38858,0,1.38870,1.38870,1.38870,1.38870,0
25169000,1.38857,1.38860,1.38857,1.38860,0,1.38871,1.38871,1.38871,1.38871,0
25180000,1.38861,1.38868,1.38861,1.38868,0,1.38874,1.38881,1.38874,1.38880,0
25182000,1.38865,1.38865,1.38862,1.38862,0,1.38878,1.38878,1.38875,1.38875,0
25183000,1.38863,1.38863,1.38861,1.38861,0,1.38875,1.38875,1.38874,1.38874,0
25186000,1.38862,1.38862,1.38862,1.38862,0,1.38874,1.38874,1.38874,1.38874,0
25188000,1.38861,1.38861,1.38861,1.38861,0,1.38874,1.38874,1.38874,1.38874,0
25189000,1.38861,1.38861,1.38861,1.38861,0,1.38872,1.38872,1.38872,1.38872,0
25193000,1.38862,1.38863,1.38862,1.38863,0,1.38874,1.38876,1.38874,1.38876,0
25194000,1.38863,1.38863,1.38863,1.38863,0,1.38875,1.38875,1.38875,1.38875,0
25199000,1.38862,1.38862,1.38862,1.38862,0,1.38875,1.38875,1.38875,1.38875,0
25200000,1.38861,1.38861,1.38861,1.38861,0,1.38872,1.38873,1.38872,1.38873,0
25201000,1.38860,1.38860,1.38860,1.38860,0,1.38871,1.38871,1.38871,1.38871,0
25202000,1.38861,1.38861,1.38861,1.38861,0,1.38873,1.38873,1.38873,1.38873,0
25206000,1.38858,1.38858,1.38858,1.38858,0,1.38871,1.38871,1.38870,1.38871,0
25208000,1.38859,1.38859,1.38858,1.38858,0,1.38870,1.38871,1.38870,1.38871,0
25210000,1.38861,1.38861,1.38861,1.38861,0,1.38872,1.38872,1.38872,1.38872,0
25215000,1.38860,1.38861,1.38860,1.38861,0,1.38873,1.38873,1.38872,1.38872,0
25217000,1.38860,1.38860,1.38859,1.38859,0,1.38873,1.38873,1.38873,1.38873,0
25219000,1.38861,1.38861,1.38860,1.38860,0,1.38872,1.38873,1.38872,1.38873,0
25220000,1.38861,1.38861,1.38861,1.38861,0,1.38872,1.38872,1.38872,1.38872,0
25222000,1.38859,1.38859,1.38859,1.38859,0,1.38871,1.38871,1.38871,1.38871,0
25223000,1.38858,1.38858,1.38858,1.38858,0,1.38871,1.38871,1.38871,1.38871,0
25226000,1.38859,1.38859,1.38859,1.38859,0,1.38871,1.38871,1.38871,1.38871,0
25228000,1.38858,1.38860,1.38858,1.38860,0,1.38872,1.38872,1.38872,1.38872,0
25241000,1.38860,1.38860,1.38860,1.38860,0,1.38873,1.38873,1.38873,1.38873,0
25248000,1.38860,1.38860,1.38860,1.38860,0,1.38874,1.38874,1.38874,1.38874,0
25252000,1.38863,1.38863,1.38863,1.38863,0,1.38875,1.38875,1.38875,1.38875,0
25290000,1.38863,1.38863,1.38863,1.38863,0,1.38877,1.38877,1.38877,1.38877,0
25292000,1.38863,1.38863,1.38863,1.38863,0,1.38876,1.38876,1.38876,1.38876,0
25293000,1.38864,1.38864,1.38864,1.38864,0,1.38876,1.38876,1.38876,1.38876,0
25295000,1.38862,1.38862,1.38862,1.38862,0,1.38876,1.38876,1.38875,1.38875,0
25296000,1.38860,1.38860,1.38860,1.38860,0,1.38874,1.38874,1.38874,1.38874,0
25297000,1.38861,1.38861,1.38861,1.38861,0,1.38873,1.38873,1.38873,1.38873,0
25303000,1.38860,1.38860,1.38860,1.38860,0,1.38874,1.38874,1.38874,1.38874,0
25318000,1.38862,1.38862,1.38862,1.38862,0,1.38874,1.38874,1.38874,1.38874,0
25322000,1.38862,1.38862,1.38862,1.38862,0,1.38873,1.38873,1.38873,1.38873,0
25326000,1.38863,1.38863,1.38863,1.38863,0,1.38876,1.38876,1.38876,1.38876,0
25330000,1.38861,1.38861,1.38861,1.38861,0,1.38875,1.38875,1.38875,1.38875,0
25336000,1.38862,1.38862,1.38862,1.38862,0,1.38874,1.38874,1.38874,1.38874,0
25358000,1.38862,1.38866,1.38862,1.38866,0,1.38876,1.38880,1.38876,1.38880,0
25359000,1.38869,1.38869,1.38867,1.38869,0,1.38882,1.38882,1.38880,1.38882,0
25360000,1.38871,1.38872,1.38871,1.38872,0,1.38882,1.38884,1.38882,1.38884,0
25373000,1.38873,1.38873,1.38873,1.38873,0,1.38884,1.38884,1.38884,1.38884,0
25375000,1.38875,1.38875,1.38875,1.38875,0,1.38887,1.38887,1.38887,1.38887,0
25376000,1.38877,1.38877,1.38877,1.38877,0,1.38890,1.38893,1.38890,1.38893,0
25377000,1.38880,1.38880,1.38880,1.38880,0,1.38894,1.38894,1.38892,1.38893,0
25378000,1.38881,1.38881,1.38880,1.38880,0,1.38891,1.38892,1.38891,1.38892,0
25385000,1.38878,1.38878,1.38878,1.38878,0,1.38891,1.38891,1.38891,1.38891,0
25386000,1.38880,1.38880,1.38880,1.38880,0,1.38891,1.38891,1.38891,1.38891,0
25389000,1.38878,1.38878,1.38878,1.38878,0,1.38891,1.38891,1.38891,1.38891,0
25390000,1.38880,1.38880,1.38879,1.38879,0,1.38893,1.38894,1.38892,1.38892,0
25391000,1.38877,1.38877,1.38872,1.38872,0,1.38891,1.38891,1.38885,1.38885,0
25392000,1.38872,1.38874,1.38871,1.38871,0,1.38886,1.38886,1.38885,1.38886,0
25393000,1.38873,1.38873,1.38873,1.38873,0,1.38888,1.38888,1.38888,1.38888,0
25394000,1.38874,1.38874,1.38871,1.38871,0,1.38888,1.38888,1.38886,1.38886,0
25396000,1.38869,1.38869,1.38869,1.38869,0,1.38883,1.38883,1.38883,1.38883,0
25397000,1.38868,1.38871,1.38868,1.38871,0,1.38884,1.38885,1.38883,1.38885,0
25399000,1.38874,1.38874,1.38874,1.38874,0,1.38888,1.38888,1.38888,1.38888,0
25401000,1.38875,1.38875,1.38875,1.38875,0,1.38887,1.38887,1.38887,1.38887,0
25402000,1.38875,1.38875,1.38875,1.38875,0,1.38889,1.38889,1.38889,1.38889,0
25405000,1.38875,1.38875,1.38875,1.38875,0,1.38888,1.38888,1.38888,1.38888,0
25406000,1.38872,1.38872,1.38871,1.38871,0,1.38885,1.38887,1.38883,1.38883,0
25408000,1.38869,1.38869,1.38869,1.38869,0,1.38883,1.38883,1.38883,1.38883,0
25409000,1.38865,1.38865,1.38860,1.38860,0,1.38879,1.38879,1.38874,1.38874,0
25410000,1.38860,1.38860,1.38860,1.38860,0,1.38873,1.38873,1.38873,1.38873,0
25418000,1.38862,1.38862,1.38862,1.38862,0,1.38876,1.38876,1.38876,1.38876,0
25422000,1.38860,1.38860,1.38860,1.38860,0,1.38873,1.38873,1.38873,1.38873,0
25424000,1.38860,1.38860,1.38860,1.38860,0,1.38874,1.38874,1.38874,1.38874,0
25427000,1.38862,1.38864,1.38862,1.38864,0,1.38875,1.38877,1.38875,1.38877,0
25428000,1.38863,1.38863,1.38861,1.38861,0,1.38878,1.38878,1.38875,1.38875,0
25429000,1.38860,1.38860,1.38860,1.38860,0,1.38876,1.38876,1.38876,1.38876,0
25431000,1.38861,1.38862,1.38861,1.38862,0,1.38875,1.38875,1.38874,1.38874,0
25433000,1.38861,1.38861,1.38861,1.38861,0,1.38875,1.38875,1.38875,1.38875,0
25445000,1.38860,1.38860,1.38860,1.38860,0,1.38876,1.38876,1.38876,1.38876,0
25449000,1.38862,1.38862,1.38862,1.38862,0,1.38874,1.38874,1.38874,1.38874,0
25451000,1.38860,1.38860,1.38860,1.38860,0,1.38876,1.38876,1.38875,1.38875,0
25452000,1.38860,1.38860,1.38860,1.38860,0,1.38872,1.38872,1.38872,1.38872,0
25453000,1.38859,1.38859,1.38859,1.38859,0,1.38872,1.38872,1.38872,1.38872,0
25456000,1.38858,1.38858,1.38858,1.38858,0,1.38873,1.38873,1.38873,1.38873,0
25457000,1.38858,1.38858,1.38858,1.38858,0,1.38871,1.38871,1.38871,1.38871,0
25485000,1.38855,1.38855,1.38855,1.38855,0,1.38870,1.38870,1.38869,1.38869,0
25492000,1.38856,1.38856,1.38856,1.38856,0,1.38869,1.38869,1.38869,1.38869,0
25502000,1.38857,1.38857,1.38855,1.38855,0,1.38869,1.38869,1.38868,1.38868,0
25504000,1.38855,1.38855,1.38855,1.38855,0,1.38869,1.38869,1.38869,1.38869,0
25508000,1.38856,1.38856,1.38856,1.38856,0,1.38869,1.38869,1.38869,1.38869,0
25509000,1.38856,1.38856,1.38856,1.38856,0,1.38870,1.38870,1.38870,1.38870,0
25517000,1.38856,1.38856,1.38856,1.38856,0,1.38869,1.38869,1.38869,1.38869,0
25518000,1.38856,1.38856,1.38856,1.38856,0,1.38868,1.38868,1.38868,1.38868,0
25529000,1.38855,1.38855,1.38855,1.38855,0,1.38869,1.38869,1.38869,1.38869,0
25530000,1.38855,1.38855,1.38855,1.38855,0,1.38868,1.38868,1.38868,1.38868,0
25556000,1.38856,1.38856,1.38853,1.38853,0,1.38867,1.38867,1.38867,1.38867,0
25569000,1.38853,1.38853,1.38852,1.38852,0,1.38866,1.38866,1.38865,1.38865,0
25571000,1.38852,1.38852,1.38850,1.38850,0,1.38863,1.38864,1.38863,1.38864,0
25573000,1.38849,1.38849,1.38849,1.38849,0,1.38864,1.38864,1.38863,1.38863,0
25574000,1.38848,1.38850,1.38848,1.38850,0,1.38864,1.38864,1.38862,1.38862,0
25575000,1.38848,1.38848,1.38848,1.38848,0,1.38864,1.38864,1.38864,1.38864,0
25578000,1.38848,1.38848,1.38848,1.38848,0,1.38863,1.38863,1.38863,1.38863,0
25579000,1.38847,1.38850,1.38847,1.38850,0,1.38864,1.38864,1.38862,1.38862,0
25581000,1.38848,1.38848,1.38847,1.38847,0,1.38864,1.38864,1.38862,1.38862,0
25582000,1.38850,1.38850,1.38850,1.38850,0,1.38861,1.38861,1.38861,1.38861,0
25590000,1.38849,1.38849,1.38849,1.38849,0,1.38862,1.38862,1.38862,1.38862,0
25603000,1.38848,1.38848,1.38848,1.38848,0,1.38862,1.38862,1.38862,1.38862,0
25610000,1.38849,1.38849,1.38849,1.38849,0,1.38861,1.38861,1.38861,1.38861,0
25614000,1.38849,1.38849,1.38849,1.38849,0,1.38862,1.38862,1.38862,1.38862,0
25619000,1.38850,1.38850,1.38850,1.38850,0,1.38864,1.38864,1.38864,1.38864,0
25622000,1.38852,1.38852,1.38852,1.38852,0,1.38865,1.38865,1.38865,1.38865,0
25624000,1.38853,1.38853,1.38853,1.38853,0,1.38865,1.38865,1.38865,1.38865,0
25628000,1.38854,1.38854,1.38854,1.38854,0,1.38867,1.38867,1.38867,1.38867,0
25649000,1.38856,1.38857,1.38856,1.38857,0,1.38868,1.38869,1.38868,1.38869,0
25652000,1.38859,1.38859,1.38859,1.38859,0,1.38871,1.38871,1.38871,1.38871,0
25653000,1.38860,1.38860,1.38860,1.38860,0,1.38871,1.38871,1.38871,1.38871,0
25660000,1.38859,1.38859,1.38859,1.38859,0,1.38871,1.38871,1.38871,1.38871,0
25683000,1.38858,1.38858,1.38858,1.38858,0,1.38872,1.38872,1.38872,1.38872,0
25698000,1.38857,1.38857,1.38857,1.38857,0,1.38870,1.38870,1.38870,1.38870,0
25700000,1.38856,1.38856,1.38853,1.38853,0,1.38870,1.38870,1.38866,1.38866,0
25701000,1.38853,1.38853,1.38852,1.38852,0,1.38865,1.38866,1.38865,1.38866,0
25702000,1.38855,1.38855,1.38854,1.38854,0,1.38866,1.38868,1.38866,1.38868,0
25704000,1.38857,1.38857,1.38857,1.38857,0,1.38870,1.38871,1.38870,1.38871,0
25758000,1.38859,1.38859,1.38859,1.38859,0,1.38872,1.38872,1.38872,1.38872,0
25760000,1.38860,1.38860,1.38860,1.38860,0,1.38874,1.38874,1.38873,1.38873,0
25761000,1.38860,1.38866,1.38859,1.38866,0,1.38874,1.38881,1.38874,1.38881,0
25762000,1.38868,1.38870,1.38868,1.38869,0,1.38882,1.38883,1.38882,1.38883,0
25767000,1.38870,1.38870,1.38870,1.38870,0,1.38882,1.38882,1.38882,1.38882,0
25770000,1.38869,1.38869,1.38869,1.38869,0,1.38882,1.38882,1.38882,1.38882,0
25773000,1.38869,1.38870,1.38865,1.38865,0,1.38880,1.38881,1.38879,1.38881,0
25774000,1.38868,1.38868,1.38868,1.38868,0,1.38879,1.38879,1.38879,1.38879,0
25780000,1.38866,1.38866,1.38866,1.38866,0,1.38879,1.38879,1.38879,1.38879,0
25785000,1.38867,1.38867,1.38867,1.38867,0,1.38879,1.38879,1.38879,1.38879,0
25794000,1.38867,1.38867,1.38867,1.38867,0,1.38880,1.38880,1.38880,1.38880,0
25798000,1.38865,1.38865,1.38864,1.38864,0,1.38878,1.38879,1.38878,1.38879,0
25799000,1.38862,1.38864,1.38862,1.38864,0,1.38876,1.38876,1.38875,1.38875,0
25802000,1.38864,1.38864,1.38864,1.38864,0,1.38876,1.38877,1.38876,1.38877,0
25805000,1.38866,1.38866,1.38866,1.38866,0,1.38878,1.38878,1.38878,1.38878,0
25809000,1.38865,1.38865,1.38865,1.38865,0,1.38879,1.38879,1.38879,1.38879,0
25810000,1.38867,1.38867,1.38867,1.38867,0,1.38881,1.38881,1.38881,1.38881,0
25811000,1.38868,1.38868,1.38868,1.38868,0,1.38879,1.38879,1.38879,1.38879,0
25848000,1.38867,1.38867,1.38867,1.38867,0,1.38880,1.38880,1.38880,1.38880,0
25863000,1.38870,1.38870,1.38870,1.38870,0,1.38881,1.38881,1.38881,1.38881,0
25865000,1.38869,1.38874,1.38869,1.38874,0,1.38883,1.38887,1.38883,1.38887,0
25866000,1.38874,1.38877,1.38874,1.38877,0,1.38886,1.38891,1.38886,1.38891,0
25867000,1.38878,1.38878,1.38878,1.38878,0,1.38890,1.38890,1.38889,1.38889,0
25868000,1.38878,1.38878,1.38878,1.38878,0,1.38890,1.38890,1.38890,1.38890,0
25869000,1.38880,1.38880,1.38880,1.38880,0,1.38890,1.38890,1.38890,1.38890,0
25871000,1.38879,1.38879,1.38879,1.38879,0,1.38891,1.38891,1.38891,1.38891,0
25879000,1.38881,1.38881,1.38881,1.38881,0,1.38891,1.38891,1.38891,1.38891,0
25880000,1.38879,1.38879,1.38879,1.38879,0,1.38891,1.38891,1.38891,1.38891,0
25882000,1.38878,1.38878,1.38867,1.38870,0,1.38891,1.38891,1.38882,1.38882,0
25883000,1.38870,1.38870,1.38870,1.38870,0,1.38883,1.38883,1.38883,1.38883,0
25884000,1.38871,1.38871,1.38871,1.38871,0,1.38882,1.38884,1.38882,1.38884,0
25886000,1.38874,1.38874,1.38874,1.38874,0,1.38887,1.38887,1.38886,1.38887,0
25889000,1.38876,1.38876,1.38876,1.38876,0,1.38888,1.38888,1.38888,1.38888,0
25890000,1.38875,1.38875,1.38875,1.38875,0,1.38889,1.38889,1.38889,1.38889,0
25891000,1.38877,1.38879,1.38877,1.38879,0,1.38891,1.38892,1.38890,1.38892,0
25904000,1.38880,1.38880,1.38880,1.38880,0,1.38892,1.38892,1.38892,1.38892,0
25909000,1.38879,1.38879,1.38879,1.38879,0,1.38892,1.38892,1.38892,1.38892,0
25918000,1.38881,1.38881,1.38881,1.38881,0,1.38892,1.38892,1.38892,1.38892,0
25919000,1.38880,1.38880,1.38880,1.38880,0,1.38893,1.38893,1.38893,1.38893,0
25922000,1.38881,1.38881,1.38881,1.38881,0,1.38893,1.38893,1.38893,1.38893,0
25923000,1.38881,1.38881,1.38881,1.38881,0,1.38894,1.38894,1.38894,1.38894,0
25924000,1.38883,1.38883,1.38883,1.38883,0,1.38894,1.38894,1.38894,1.38894,0
25925000,1.38882,1.38882,1.38882,1.38882,0,1.38895,1.38895,1.38895,1.38895,0
25930000,1.38883,1.38883,1.38883,1.38883,0,1.38895,1.38895,1.38895,1.38895,0
25936000,1.38882,1.38882,1.38882,1.38882,0,1.38895,1.38895,1.38895,1.38895,0
25942000,1.38881,1.38881,1.38881,1.38881,0,1.38893,1.38893,1.38893,1.38893,0
25943000,1.38880,1.38880,1.38880,1.38880,0,1.38893,1.38893,1.38893,1.38893,0
25960000,1.38878,1.38878,1.38878,1.38878,0,1.38891,1.38891,1.38889,1.38889,0
25964000,1.38875,1.38875,1.38872,1.38873,0,1.38889,1.38889,1.38885,1.38885,0
25968000,1.38874,1.38874,1.38874,1.38874,0,1.38885,1.38887,1.38885,1.38886,0
25970000,1.38874,1.38874,1.38874,1.38874,0,1.38887,1.38887,1.38887,1.38887,0
25984000,1.38874,1.38874,1.38874,1.38874,0,1.38886,1.38886,1.38886,1.38886,0
26005000,1.38875,1.38875,1.38875,1.38875,0,1.38888,1.38888,1.38888,1.38888,0
26009000,1.38874,1.38874,1.38874,1.38874,0,1.38886,1.38886,1.38886,1.38886,0
26010000,1.38874,1.38874,1.38874,1.38874,0,1.38888,1.38888,1.38888,1.38888,0
26018000,1.38874,1.38879,1.38873,1.38879,0,1.38886,1.38892,1.38886,1.38892,0
26019000,1.38878,1.38879,1.38878,1.38879,0,1.38892,1.38892,1.38892,1.38892,0
26020000,1.38880,1.38880,1.38880,1.38880,0,1.38891,1.38891,1.38891,1.38891,0
26022000,1.38879,1.38879,1.38879,1.38879,0,1.38893,1.38893,1.38893,1.38893,0
26032000,1.38880,1.38880,1.38880,1.38880,0,1.38892,1.38892,1.38892,1.38892,0
26039000,1.38881,1.38881,1.38881,1.38881,0,1.38892,1.38892,1.38892,1.38892,0
26040000,1.38880,1.38881,1.38880,1.38881,0,1.38892,1.38894,1.38892,1.38893,0
26047000,1.38880,1.38880,1.38878,1.38878,0,1.38893,1.38893,1.38892,1.38892,0
26048000,1.38876,1.38876,1.38876,1.38876,0,1.38889,1.38889,1.38889,1.38889,0
26049000,1.38876,1.38876,1.38876,1.38876,0,1.38890,1.38890,1.38890,1.38890,0
26050000,1.38879,1.38880,1.38879,1.38879,0,1.38893,1.38893,1.38892,1.38892,0
26062000,1.38880,1.38880,1.38880,1.38880,0,1.38890,1.38890,1.38890,1.38890,0
26066000,1.38878,1.38878,1.38873,1.38873,0,1.38891,1.38891,1.38887,1.38887,0
26067000,1.38873,1.38874,1.38873,1.38874,0,1.38886,1.38886,1.38886,1.38886,0
26076000,1.38874,1.38874,1.38874,1.38874,0,1.38888,1.38888,1.38888,1.38888,0
26080000,1.38875,1.38875,1.38875,1.38875,0,1.38887,1.38887,1.38887,1.38887,0
26092000,1.38874,1.38877,1.38874,1.38877,0,1.38888,1.38890,1.38888,1.38890,0
26094000,1.38875,1.38875,1.38874,1.38874,0,1.38889,1.38889,1.38887,1.38887,0
26101000,1.38877,1.38879,1.38877,1.38879,0,1.38890,1.38891,1.38890,1.38891,0
26108000,1.38879,1.38879,1.38879,1.38879,0,1.38893,1.38893,1.38893,1.38893,0
26127000,1.38877,1.38877,1.38877,1.38877,0,1.38890,1.38890,1.38890,1.38890,0
26128000,1.38877,1.38877,1.38877,1.38877,0,1.38889,1.38890,1.38889,1.38890,0
26135000,1.38878,1.38878,1.38878,1.38878,0,1.38892,1.38892,1.38890,1.38890,0
26151000,1.38878,1.38878,1.38878,1.38878,0,1.38891,1.38891,1.38891,1.38891,0
26152000,1.38878,1.38878,1.38878,1.38878,0,1.38890,1.38890,1.38890,1.38890,0
26154000,1.38876,1.38876,1.38876,1.38876,0,1.38890,1.38890,1.38889,1.38889,0
26155000,1.38876,1.38876,1.38876,1.38876,0,1.38888,1.38889,1.38887,1.38887,0
26156000,1.38875,1.38875,1.38875,1.38875,0,1.38887,1.38887,1.38887,1.38887,0
26158000,1.38875,1.38875,1.38875,1.38875,0,1.38886,1.38886,1.38886,1.38886,0
26162000,1.38872,1.38872,1.38872,1.38872,0,1.38884,1.38884,1.38884,1.38884,0
26185000,1.38872,1.38872,1.38871,1.38871,0,1.38883,1.38884,1.38883,1.38884,0
26201000,1.38873,1.38873,1.38873,1.38873,0,1.38885,1.38886,1.38885,1.38886,0
26202000,1.38873,1.38873,1.38873,1.38873,0,1.38885,1.38886,1.38885,1.38886,0
26210000,1.38873,1.38873,1.38873,1.38873,0,1.38885,1.38885,1.38885,1.38885,0
26225000,1.38872,1.38872,1.38872,1.38872,0,1.38885,1.38885,1.38885,1.38885,0
26232000,1.38873,1.38875,1.38873,1.38875,0,1.38885,1.38888,1.38885,1.38888,0
26233000,1.38873,1.38873,1.38873,1.38873,0,1.38888,1.38888,1.38888,1.38888,0
26235000,1.38874,1.38874,1.38874,1.38874,0,1.38886,1.38886,1.38886,1.38886,0
26241000,1.38875,1.38875,1.38875,1.38875,0,1.38888,1.38888,1.38888,1.38888,0
26249000,1.38876,1.38876,1.38876,1.38876,0,1.38888,1.38888,1.38888,1.38888,0
26260000,1.38877,1.38880,1.38877,1.38880,0,1.38890,1.38894,1.38890,1.38894,0
26261000,1.38881,1.38881,1.38881,1.38881,0,1.38894,1.38894,1.38893,1.38894,0
26265000,1.38883,1.38883,1.38883,1.38883,0,1.38895,1.38895,1.38895,1.38895,0
26281000,1.38882,1.38882,1.38882,1.38882,0,1.38895,1.38896,1.38895,1.38896,0
26282000,1.38883,1.38883,1.38883,1.38883,0,1.38896,1.38896,1.38896,1.38896,0
26285000,1.38883,1.38883,1.38883,1.38883,0,1.38894,1.38894,1.38894,1.38894,0
26289000,1.38882,1.38882,1.38882,1.38882,0,1.38895,1.38895,1.38895,1.38895,0
26295000,1.38882,1.38882,1.38882,1.38882,0,1.38896,1.38896,1.38896,1.38896,0
26298000,1.38882,1.38882,1.38879,1.38880,0,1.38894,1.38894,1.38894,1.38894,0
26307000,1.38881,1.38881,1.38881,1.38881,0,1.38894,1.38894,1.38894,1.38894,0
26317000,1.38878,1.38880,1.38878,1.38880,0,1.38892,1.38893,1.38892,1.38893,0
26318000,1.38881,1.38881,1.38881,1.38881,0,1.38892,1.38892,1.38892,1.38892,0
26321000,1.38880,1.38881,1.38880,1.38881,0,1.38894,1.38894,1.38894,1.38894,0
26322000,1.38881,1.38881,1.38881,1.38881,0,1.38893,1.38893,1.38893,1.38893,0
26328000,1.38879,1.38879,1.38879,1.38879,0,1.38893,1.38893,1.38893,1.38893,0
26329000,1.38882,1.38882,1.38882,1.38882,0,1.38895,1.38895,1.38895,1.38895,0
26406000,1.38883,1.38883,1.38883,1.38883,0,1.38895,1.38895,1.38895,1.38895,0
26408000,1.38882,1.38882,1.38882,1.38882,0,1.38896,1.38896,1.38896,1.38896,0
26423000,1.38883,1.38883,1.38883,1.38883,0,1.38896,1.38896,1.38896,1.38896,0
26424000,1.38884,1.38884,1.38884,1.38884,0,1.38896,1.38896,1.38896,1.38896,0
26425000,1.38884,1.38884,1.38884,1.38884,0,1.38897,1.38897,1.38897,1.38897,0
26426000,1.38884,1.38885,1.38883,1.38885,0,1.38896,1.38897,1.38896,1.38897,0
26436000,1.38885,1.38886,1.38885,1.38886,0,1.38898,1.38898,1.38897,1.38897,0
26438000,1.38883,1.38883,1.38883,1.38883,0,1.38896,1.38896,1.38896,1.38896,0
26447000,1.38883,1.38883,1.38883,1.38883,0,1.38897,1.38897,1.38897,1.38897,0
26448000,1.38884,1.38884,1.38884,1.38884,0,1.38896,1.38896,1.38896,1.38896,0
26449000,1.38883,1.38883,1.38883,1.38883,0,1.38897,1.38897,1.38897,1.38897,0
26451000,1.38883,1.38883,1.38883,1.38883,0,1.38896,1.38897,1.38896,1.38897,0
26459000,1.38885,1.38885,1.38885,1.38885,0,1.38897,1.38898,1.38897,1.38898,0
26460000,1.38886,1.38886,1.38884,1.38884,0,1.38898,1.38898,1.38896,1.38896,0
26461000,1.38884,1.38884,1.38884,1.38884,0,1.38897,1.38897,1.38897,1.38897,0
26463000,1.38885,1.38886,1.38885,1.38886,0,1.38899,1.38899,1.38899,1.38899,0
26466000,1.38883,1.38884,1.38883,1.38884,0,1.38896,1.38896,1.38896,1.38896,0
26467000,1.38884,1.38884,1.38884,1.38884,0,1.38897,1.38897,1.38897,1.38897,0
26468000,1.38884,1.38884,1.38883,1.38883,0,1.38896,1.38897,1.38896,1.38897,0
26471000,1.38883,1.38883,1.38883,1.38883,0,1.38896,1.38896,1.38896,1.38896,0
26488000,1.38880,1.38880,1.38880,1.38880,0,1.38894,1.38894,1.38894,1.38894,0
26494000,1.38883,1.38883,1.38883,1.38883,0,1.38896,1.38896,1.38895,1.38895,0
26495000,1.38883,1.38884,1.38883,1.38884,0,1.38897,1.38897,1.38897,1.38897,0
26497000,1.38882,1.38882,1.38882,1.38882,0,1.38895,1.38895,1.38895,1.38895,0
26498000,1.38880,1.38880,1.38880,1.38880,0,1.38894,1.38894,1.38894,1.38894,0
26499000,1.38881,1.38881,1.38881,1.38881,0,1.38892,1.38892,1.38892,1.38892,0
26505000,1.38880,1.38880,1.38880,1.38880,0,1.38894,1.38894,1.38894,1.38894,0
26508000,1.38878,1.38878,1.38878,1.38878,0,1.38892,1.38892,1.38892,1.38892,0
26510000,1.38879,1.38879,1.38879,1.38879,0,1.38892,1.38892,1.38892,1.38892,0
26511000,1.38880,1.38881,1.38880,1.38881,0,1.38892,1.38894,1.38892,1.38893,0
26512000,1.38881,1.38881,1.38881,1.38881,0,1.38894,1.38894,1.38894,1.38894,0
26530000,1.38882,1.38882,1.38880,1.38880,0,1.38893,1.38894,1.38893,1.38894,0
26531000,1.38881,1.38881,1.38881,1.38881,0,1.38894,1.38894,1.38894,1.38894,0
26538000,1.38883,1.38883,1.38883,1.38883,0,1.38895,1.38895,1.38895,1.38895,0
26552000,1.38881,1.38881,1.38881,1.38881,0,1.38895,1.38895,1.38895,1.38895,0
26553000,1.38882,1.38882,1.38882,1.38882,0,1.38893,1.38893,1.38893,1.38893,0
26555000,1.38881,1.38881,1.38880,1.38880,0,1.38894,1.38894,1.38894,1.38894,0
26557000,1.38881,1.38881,1.38881,1.38881,0,1.38893,1.38893,1.38893,1.38893,0
26559000,1.38880,1.38880,1.38875,1.38877,0,1.38893,1.38893,1.38890,1.38890,0
26562000,1.38877,1.38877,1.38877,1.38877,0,1.38893,1.38893,1.38893,1.38893,0
26563000,1.38881,1.38881,1.38881,1.38881,0,1.38893,1.38893,1.38892,1.38892,0
26565000,1.38880,1.38880,1.38880,1.38880,0,1.38894,1.38894,1.38894,1.38894,0
26568000,1.38881,1.38881,1.38881,1.38881,0,1.38894,1.38894,1.38894,1.38894,0
26569000,1.38882,1.38882,1.38882,1.38882,0,1.38893,1.38893,1.38893,1.38893,0
26574000,1.38882,1.38883,1.38882,1.38883,0,1.38894,1.38894,1.38894,1.38894,0
26584000,1.38882,1.38882,1.38881,1.38881,0,1.38894,1.38895,1.38894,1.38895,0
26585000,1.38881,1.38881,1.38881,1.38881,0,1.38893,1.38893,1.38893,1.38893,0
26601000,1.38880,1.38880,1.38880,1.38880,0,1.38894,1.38894,1.38894,1.38894,0
26611000,1.38882,1.38882,1.38882,1.38882,0,1.38895,1.38895,1.38895,1.38895,0
26616000,1.38881,1.38881,1.38881,1.38881,0,1.38893,1.38893,1.38893,1.38893,0
26625000,1.38879,1.38879,1.38879,1.38879,0,1.38894,1.38894,1.38894,1.38894,0
26628000,1.38880,1.38880,1.38875,1.38876,0,1.38894,1.38894,1.38888,1.38889,0
26629000,1.38879,1.38879,1.38879,1.38879,0,1.38891,1.38891,1.38891,1.38891,0
26630000,1.38880,1.38880,1.38880,1.38880,0,1.38890,1.38890,1.38890,1.38890,0
26634000,1.38879,1.38882,1.38879,1.38882,0,1.38892,1.38894,1.38892,1.38893,0
26649000,1.38879,1.38879,1.38879,1.38879,0,1.38891,1.38891,1.38891,1.38891,0
26651000,1.38879,1.38879,1.38878,1.38879,0,1.38890,1.38891,1.38890,1.38890,0
26654000,1.38879,1.38879,1.38879,1.38879,0,1.38892,1.38892,1.38892,1.38892,0
26659000,1.38880,1.38880,1.38879,1.38879,0,1.38891,1.38893,1.38891,1.38893,0
26670000,1.38881,1.38881,1.38880,1.38880,0,1.38892,1.38893,1.38892,1.38893,0
26674000,1.38880,1.38880,1.38880,1.38880,0,1.38892,1.38892,1.38892,1.38892,0
26685000,1.38880,1.38880,1.38880,1.38880,0,1.38893,1.38893,1.38893,1.38893,0
26687000,1.38879,1.38879,1.38879,1.38879,0,1.38893,1.38893,1.38893,1.38893,0
26690000,1.38880,1.38880,1.38880,1.38880,0,1.38892,1.38892,1.38892,1.38892,0
26722000,1.38881,1.38881,1.38881,1.38881,0,1.38890,1.38890,1.38890,1.38890,0
26735000,1.38879,1.38879,1.38879,1.38879,0,1.38891,1.38891,1.38891,1.38891,0
26739000,1.38881,1.38881,1.38881,1.38881,0,1.38892,1.38892,1.38892,1.38892,0
26772000,1.38879,1.38879,1.38879,1.38879,0,1.38891,1.38891,1.38891,1.38891,0
26775000,1.38876,1.38876,1.38876,1.38876,0,1.38889,1.38889,1.38889,1.38889,0
26778000,1.38878,1.38878,1.38878,1.38878,0,1.38889,1.38889,1.38889,1.38889,0
26779000,1.38878,1.38878,1.38878,1.38878,0,1.38890,1.38890,1.38890,1.38890,0
26780000,1.38875,1.38875,1.38875,1.38875,0,1.38888,1.38888,1.38888,1.38888,0
26781000,1.38876,1.38876,1.38876,1.38876,0,1.38890,1.38890,1.38890,1.38890,0
26784000,1.38876,1.38876,1.38876,1.38876,0,1.38888,1.38888,1.38888,1.38888,0
26789000,1.38876,1.38876,1.38875,1.38875,0,1.38889,1.38889,1.38889,1.38889,0
26790000,1.38874,1.38874,1.38874,1.38874,0,1.38887,1.38887,1.38886,1.38886,0
26801000,1.38873,1.38875,1.38873,1.38875,0,1.38887,1.38888,1.38887,1.38888,0
26802000,1.38876,1.38876,1.38876,1.38876,0,1.38887,1.38887,1.38887,1.38887,0
26804000,1.38874,1.38874,1.38874,1.38874,0,1.38887,1.38887,1.38887,1.38887,0
26808000,1.38872,1.38872,1.38871,1.38871,0,1.38885,1.38885,1.38883,1.38883,0
26830000,1.38870,1.38870,1.38865,1.38867,0,1.38883,1.38883,1.38879,1.38880,0
26831000,1.38868,1.38868,1.38868,1.38868,0,1.38879,1.38879,1.38879,1.38879,0
26833000,1.38868,1.38868,1.38867,1.38867,0,1.38878,1.38879,1.38878,1.38879,0
26834000,1.38869,1.38869,1.38868,1.38868,0,1.38879,1.38880,1.38879,1.38880,0
26835000,1.38866,1.38866,1.38866,1.38866,0,1.38880,1.38880,1.38880,1.38880,0
26836000,1.38869,1.38869,1.38869,1.38869,0,1.38880,1.38880,1.38880,1.38880,0
26864000,1.38866,1.38866,1.38861,1.38862,0,1.38879,1.38879,1.38875,1.38875,0
26866000,1.38863,1.38863,1.38863,1.38863,0,1.38874,1.38874,1.38874,1.38874,0
26870000,1.38865,1.38865,1.38864,1.38865,0,1.38877,1.38878,1.38877,1.38877,0
26873000,1.38863,1.38863,1.38863,1.38863,0,1.38877,1.38877,1.38877,1.38877,0
26874000,1.38864,1.38864,1.38864,1.38864,0,1.38875,1.38875,1.38875,1.38875,0
26877000,1.38863,1.38863,1.38863,1.38863,0,1.38875,1.38875,1.38875,1.38875,0
26878000,1.38864,1.38864,1.38864,1.38864,0,1.38875,1.38875,1.38875,1.38875,0
26884000,1.38863,1.38864,1.38863,1.38863,0,1.38877,1.38877,1.38875,1.38876,0
26886000,1.38864,1.38864,1.38864,1.38864,0,1.38875,1.38875,1.38875,1.38875,0
26896000,1.38862,1.38866,1.38862,1.38866,0,1.38876,1.38877,1.38875,1.38877,0
26898000,1.38865,1.38865,1.38865,1.38865,0,1.38878,1.38878,1.38878,1.38878,0
26899000,1.38866,1.38867,1.38865,1.38867,0,1.38877,1.38879,1.38877,1.38879,0
26907000,1.38867,1.38867,1.38867,1.38867,0,1.38880,1.38880,1.38880,1.38880,0
26923000,1.38870,1.38870,1.38870,1.38870,0,1.38883,1.38883,1.38883,1.38883,0
26926000,1.38871,1.38871,1.38871,1.38871,0,1.38883,1.38883,1.38883,1.38883,0
26939000,1.38869,1.38869,1.38867,1.38867,0,1.38881,1.38881,1.38880,1.38881,0
26940000,1.38868,1.38868,1.38867,1.38867,0,1.38880,1.38881,1.38880,1.38881,0
26941000,1.38867,1.38867,1.38867,1.38867,0,1.38880,1.38880,1.38880,1.38880,0
26952000,1.38867,1.38867,1.38867,1.38867,0,1.38879,1.38879,1.38879,1.38879,0
26959000,1.38866,1.38866,1.38866,1.38866,0,1.38880,1.38880,1.38880,1.38880,0
26961000,1.38867,1.38867,1.38867,1.38867,0,1.38879,1.38879,1.38879,1.38879,0
26963000,1.38867,1.38867,1.38867,1.38867,0,1.38880,1.38880,1.38880,1.38880,0
26981000,1.38869,1.38869,1.38869,1.38869,0,1.38880,1.38880,1.38880,1.38880,0
26996000,1.38868,1.38868,1.38868,1.38868,0,1.38880,1.38880,1.38880,1.38880,0
27001000,1.38870,1.38870,1.38868,1.38869,0,1.38882,1.38882,1.38880,1.38880,0
27005000,1.38870,1.38870,1.38870,1.38870,0,1.38880,1.38880,1.38880,1.38880,0
27008000,1.38868,1.38868,1.38868,1.38868,0,1.38881,1.38881,1.38881,1.38881,0
27040000,1.38869,1.38870,1.38869,1.38870,0,1.38881,1.38881,1.38881,1.38881,0
27042000,1.38869,1.38869,1.38869,1.38869,0,1.38882,1.38882,1.38882,1.38882,0
27066000,1.38870,1.38870,1.38870,1.38870,0,1.38880,1.38880,1.38880,1.38880,0
27073000,1.38870,1.38870,1.38870,1.38870,0,1.38881,1.38881,1.38881,1.38881,0
27108000,1.38869,1.38869,1.38869,1.38869,0,1.38881,1.38881,1.38881,1.38881,0
27111000,1.38870,1.38870,1.38870,1.38870,0,1.38881,1.38881,1.38881,1.38881,0
27112000,1.38869,1.38869,1.38869,1.38869,0,1.38882,1.38882,1.38882,1.38882,0
27113000,1.38870,1.38870,1.38870,1.38870,0,1.38881,1.38881,1.38881,1.38881,0
27124000,1.38869,1.38869,1.38869,1.38869,0,1.38882,1.38882,1.38882,1.38882,0
27131000,1.38870,1.38870,1.38868,1.38868,0,1.38881,1.38882,1.38881,1.38882,0
27133000,1.38869,1.38869,1.38868,1.38868,0,1.38880,1.38880,1.38880,1.38880,0
27147000,1.38870,1.38870,1.38869,1.38869,0,1.38881,1.38882,1.38881,1.38882,0
27148000,1.38870,1.38870,1.38870,1.38870,0,1.38881,1.38881,1.38881,1.38881,0
27153000,1.38869,1.38869,1.38865,1.38865,0,1.38881,1.38881,1.38879,1.38879,0
27154000,1.38864,1.38864,1.38863,1.38863,0,1.38877,1.38877,1.38875,1.38877,0
27155000,1.38865,1.38865,1.38865,1.38865,0,1.38878,1.38878,1.38878,1.38878,0
27160000,1.38865,1.38865,1.38865,1.38865,0,1.38876,1.38876,1.38876,1.38876,0
27162000,1.38864,1.38864,1.38864,1.38864,0,1.38878,1.38878,1.38878,1.38878,0
27163000,1.38867,1.38867,1.38867,1.38867,0,1.38879,1.38879,1.38879,1.38879,0
27165000,1.38867,1.38867,1.38867,1.38867,0,1.38878,1.38879,1.38878,1.38879,0
27166000,1.38866,1.38866,1.38866,1.38866,0,1.38880,1.38880,1.38880,1.38880,0
27168000,1.38867,1.38867,1.38867,1.38867,0,1.38880,1.38880,1.38879,1.38879,0
27234000,1.38870,1.38870,1.38870,1.38870,0,1.38882,1.38882,1.38882,1.38882,0
27304000,1.38868,1.38868,1.38866,1.38867,0,1.38880,1.38881,1.38879,1.38879,0
27306000,1.38867,1.38867,1.38867,1.38867,0,1.38878,1.38878,1.38878,1.38878,0
27319000,1.38869,1.38869,1.38868,1.38868,0,1.38880,1.38880,1.38880,1.38880,0
27324000,1.38866,1.38866,1.38865,1.38865,0,1.38880,1.38880,1.38878,1.38878,0
27325000,1.38866,1.38866,1.38865,1.38865,0,1.38878,1.38879,1.38878,1.38879,0
27328000,1.38866,1.38866,1.38866,1.38866,0,1.38877,1.38877,1.38877,1.38877,0
27334000,1.38865,1.38865,1.38865,1.38865,0,1.38877,1.38877,1.38877,1.38877,0
27342000,1.38863,1.38863,1.38863,1.38863,0,1.38875,1.38875,1.38875,1.38875,0
27345000,1.38864,1.38864,1.38864,1.38864,0,1.38874,1.38874,1.38874,1.38874,0
27347000,1.38862,1.38864,1.38862,1.38864,0,1.38876,1.38876,1.38875,1.38875,0
27351000,1.38863,1.38864,1.38863,1.38864,0,1.38876,1.38876,1.38875,1.38875,0
27352000,1.38863,1.38863,1.38863,1.38863,0,1.38876,1.38876,1.38876,1.38876,0
27355000,1.38862,1.38862,1.38862,1.38862,0,1.38876,1.38876,1.38876,1.38876,0
27361000,1.38863,1.38863,1.38863,1.38863,0,1.38875,1.38875,1.38875,1.38875,0
27368000,1.38865,1.38865,1.38865,1.38865,0,1.38877,1.38877,1.38877,1.38877,0
27371000,1.38865,1.38865,1.38865,1.38865,0,1.38879,1.38879,1.38879,1.38879,0
27372000,1.38865,1.38866,1.38865,1.38866,0,1.38878,1.38878,1.38878,1.38878,0
27382000,1.38863,1.38863,1.38863,1.38863,0,1.38876,1.38876,1.38876,1.38876,0
27384000,1.38863,1.38863,1.38863,1.38863,0,1.38875,1.38875,1.38875,1.38875,0
27399000,1.38865,1.38865,1.38865,1.38865,0,1.38877,1.38877,1.38877,1.38877,0
27401000,1.38866,1.38867,1.38865,1.38867,0,1.38876,1.38879,1.38876,1.38878,0
27406000,1.38868,1.38868,1.38868,1.38868,0,1.38881,1.38881,1.38881,1.38881,0
27410000,1.38867,1.38867,1.38867,1.38867,0,1.38878,1.38878,1.38878,1.38878,0
27435000,1.38867,1.38867,1.38867,1.38867,0,1.38880,1.38880,1.38880,1.38880,0
27438000,1.38870,1.38871,1.38869,1.38871,0,1.38882,1.38884,1.38882,1.38884,0
27439000,1.38875,1.38881,1.38875,1.38881,0,1.38888,1.38894,1.38888,1.38893,0
27444000,1.38880,1.38880,1.38880,1.38880,0,1.38894,1.38894,1.38894,1.38894,0
27447000,1.38882,1.38882,1.38882,1.38882,0,1.38894,1.38894,1.38894,1.38894,0
27457000,1.38879,1.38879,1.38877,1.38877,0,1.38893,1.38893,1.38888,1.38888,0
27460000,1.38878,1.38878,1.38878,1.38878,0,1.38890,1.38890,1.38890,1.38890,0
27462000,1.38875,1.38875,1.38875,1.38875,0,1.38888,1.38888,1.38886,1.38886,0
27470000,1.38873,1.38875,1.38873,1.38875,0,1.38886,1.38888,1.38886,1.38888,0
27471000,1.38877,1.38878,1.38876,1.38878,0,1.38888,1.38890,1.38888,1.38890,0
27472000,1.38878,1.38878,1.38876,1.38878,0,1.38889,1.38890,1.38889,1.38889,0
27482000,1.38876,1.38876,1.38873,1.38873,0,1.38889,1.38889,1.38886,1.38886,0
27483000,1.38872,1.38875,1.38872,1.38875,0,1.38887,1.38888,1.38887,1.38888,0
27485000,1.38875,1.38875,1.38874,1.38874,0,1.38886,1.38887,1.38886,1.38887,0
27487000,1.38874,1.38874,1.38874,1.38874,0,1.38886,1.38886,1.38886,1.38886,0
27492000,1.38874,1.38874,1.38874,1.38874,0,1.38885,1.38885,1.38885,1.38885,0
27495000,1.38872,1.38874,1.38872,1.38874,0,1.38885,1.38885,1.38885,1.38885,0
27496000,1.38872,1.38872,1.38872,1.38872,0,1.38885,1.38885,1.38885,1.38885,0
27498000,1.38874,1.38874,1.38874,1.38874,0,1.38885,1.38885,1.38883,1.38883,0
27499000,1.38874,1.38874,1.38874,1.38874,0,1.38884,1.38884,1.38884,1.38884,0
27500000,1.38873,1.38873,1.38873,1.38873,0,1.38884,1.38884,1.38884,1.38884,0
27517000,1.38872,1.38875,1.38872,1.38875,0,1.38886,1.38888,1.38886,1.38888,0
27518000,1.38877,1.38877,1.38877,1.38877,0,1.38887,1.38887,1.38887,1.38887,0
27523000,1.38875,1.38875,1.38875,1.38875,0,1.38887,1.38887,1.38887,1.38887,0
27526000,1.38875,1.38875,1.38875,1.38875,0,1.38886,1.38886,1.38886,1.38886,0
27530000,1.38875,1.38875,1.38875,1.38875,0,1.38885,1.38885,1.38885,1.38885,0
27543000,1.38873,1.38874,1.38873,1.38874,0,1.38885,1.38885,1.38885,1.38885,0
27563000,1.38873,1.38877,1.38873,1.38875,0,1.38887,1.38889,1.38887,1.38889,0
27564000,1.38874,1.38874,1.38874,1.38874,0,1.38890,1.38890,1.38889,1.38889,0
27565000,1.38876,1.38876,1.38876,1.38876,0,1.38887,1.38887,1.38887,1.38887,0
27569000,1.38875,1.38875,1.38875,1.38875,0,1.38887,1.38887,1.38887,1.38887,0
27575000,1.38876,1.38876,1.38876,1.38876,0,1.38887,1.38887,1.38887,1.38887,0
27576000,1.38875,1.38875,1.38875,1.38875,0,1.38888,1.38888,1.38888,1.38888,0
27577000,1.38877,1.38877,1.38877,1.38877,0,1.38889,1.38889,1.38889,1.38889,0
27579000,1.38876,1.38876,1.38876,1.38876,0,1.38889,1.38889,1.38888,1.38888,0
27595000,1.38876,1.38877,1.38876,1.38877,0,1.38889,1.38889,1.38889,1.38889,0
27599000,1.38877,1.38877,1.38877,1.38877,0,1.38887,1.38887,1.38887,1.38887,0
27601000,1.38876,1.38877,1.38876,1.38877,0,1.38888,1.38888,1.38887,1.38887,0
27603000,1.38876,1.38876,1.38876,1.38876,0,1.38888,1.38888,1.38888,1.38888,0
27606000,1.38875,1.38875,1.38875,1.38875,0,1.38888,1.38888,1.38888,1.38888,0
27610000,1.38873,1.38874,1.38873,1.38873,0,1.38887,1.38887,1.38886,1.38887,0
27612000,1.38875,1.38875,1.38875,1.38875,0,1.38887,1.38887,1.38887,1.38887,0
27619000,1.38874,1.38874,1.38874,1.38874,0,1.38888,1.38888,1.38888,1.38888,0
27629000,1.38873,1.38874,1.38873,1.38874,0,1.38889,1.38889,1.38889,1.38889,0
27630000,1.38876,1.38876,1.38876,1.38876,0,1.38889,1.38889,1.38889,1.38889,0
27632000,1.38875,1.38875,1.38875,1.38875,0,1.38889,1.38889,1.38889,1.38889,0
27633000,1.38875,1.38876,1.38875,1.38876,0,1.38888,1.38890,1.38888,1.38890,0
27634000,1.38876,1.38876,1.38876,1.38876,0,1.38889,1.38889,1.38889,1.38889,0
27635000,1.38876,1.38880,1.38876,1.38880,0,1.38890,1.38892,1.38890,1.38891,0
27636000,1.38879,1.38879,1.38879,1.38879,0,1.38892,1.38892,1.38892,1.38892,0
27637000,1.38880,1.38880,1.38880,1.38880,0,1.38891,1.38891,1.38891,1.38891,0
27638000,1.38878,1.38878,1.38878,1.38878,0,1.38891,1.38891,1.38891,1.38891,0
27643000,1.38880,1.38881,1.38880,1.38881,0,1.38893,1.38893,1.38892,1.38892,0
27650000,1.38880,1.38880,1.38880,1.38880,0,1.38892,1.38892,1.38892,1.38892,0
27652000,1.38879,1.38879,1.38879,1.38879,0,1.38892,1.38892,1.38892,1.38892,0
27657000,1.38880,1.38880,1.38880,1.38880,0,1.38891,1.38891,1.38891,1.38891,0
27661000,1.38879,1.38881,1.38879,1.38880,0,1.38892,1.38892,1.38892,1.38892,0
27698000,1.38881,1.38881,1.38880,1.38880,0,1.38892,1.38893,1.38892,1.38893,0
27699000,1.38880,1.38880,1.38880,1.38880,0,1.38892,1.38892,1.38892,1.38892,0
27701000,1.38879,1.38879,1.38876,1.38877,0,1.38892,1.38892,1.38888,1.38888,0
27712000,1.38877,1.38877,1.38877,1.38877,0,1.38889,1.38889,1.38889,1.38889,0
27716000,1.38875,1.38875,1.38875,1.38875,0,1.38889,1.38889,1.38889,1.38889,0
27719000,1.38876,1.38876,1.38876,1.38876,0,1.38888,1.38888,1.38888,1.38888,0
27723000,1.38875,1.38875,1.38875,1.38875,0,1.38889,1.38889,1.38889,1.38889,0
27725000,1.38877,1.38877,1.38877,1.38877,0,1.38889,1.38889,1.38889,1.38889,0
27741000,1.38875,1.38875,1.38875,1.38875,0,1.38889,1.38889,1.38889,1.38889,0
27742000,1.38877,1.38877,1.38877,1.38877,0,1.38888,1.38888,1.38888,1.38888,0
27755000,1.38874,1.38874,1.38873,1.38873,0,1.38887,1.38887,1.38886,1.38886,0
27757000,1.38876,1.38877,1.38876,1.38877,0,1.38888,1.38888,1.38887,1.38887,0
27758000,1.38876,1.38876,1.38876,1.38876,0,1.38888,1.38888,1.38888,1.38888,0
27759000,1.38874,1.38874,1.38872,1.38872,0,1.38887,1.38887,1.38885,1.38885,0
27760000,1.38873,1.38873,1.38872,1.38873,0,1.38885,1.38885,1.38885,1.38885,0
27766000,1.38872,1.38872,1.38872,1.38872,0,1.38885,1.38885,1.38885,1.38885,0
27777000,1.38872,1.38872,1.38871,1.38871,0,1.38883,1.38884,1.38883,1.38884,0
27782000,1.38872,1.38872,1.38872,1.38872,0,1.38883,1.38884,1.38883,1.38884,0
27806000,1.38874,1.38874,1.38874,1.38874,0,1.38884,1.38884,1.38884,1.38884,0
27811000,1.38873,1.38873,1.38873,1.38873,0,1.38885,1.38885,1.38885,1.38885,0
27820000,1.38870,1.38870,1.38870,1.38870,0,1.38882,1.38883,1.38882,1.38883,0
27821000,1.38869,1.38872,1.38869,1.38871,0,1.38883,1.38885,1.38883,1.38885,0
27826000,1.38872,1.38872,1.38872,1.38872,0,1.38884,1.38884,1.38884,1.38884,0
27832000,1.38871,1.38871,1.38871,1.38871,0,1.38885,1.38885,1.38885,1.38885,0
27863000,1.38872,1.38872,1.38871,1.38871,0,1.38883,1.38884,1.38883,1.38884,0
27876000,1.38872,1.38872,1.38872,1.38872,0,1.38886,1.38886,1.38886,1.38886,0
27884000,1.38874,1.38874,1.38874,1.38874,0,1.38887,1.38887,1.38887,1.38887,0
27892000,1.38873,1.38873,1.38873,1.38873,0,1.38887,1.38887,1.38887,1.38887,0
27897000,1.38872,1.38872,1.38872,1.38872,0,1.38885,1.38885,1.38885,1.38885,0
27902000,1.38871,1.38871,1.38871,1.38871,0,1.38883,1.38883,1.38883,1.38883,0
27922000,1.38872,1.38872,1.38872,1.38872,0,1.38885,1.38885,1.38885,1.38885,0
27932000,1.38873,1.38873,1.38873,1.38873,0,1.38884,1.38884,1.38884,1.38884,0
27934000,1.38872,1.38872,1.38872,1.38872,0,1.38885,1.38885,1.38885,1.38885,0
27944000,1.38872,1.38872,1.38872,1.38872,0,1.38886,1.38886,1.38886,1.38886,0
27947000,1.38873,1.38873,1.38873,1.38873,0,1.38885,1.38885,1.38885,1.38885,0
27951000,1.38872,1.38872,1.38872,1.38872,0,1.38886,1.38886,1.38886,1.38886,0
27952000,1.38873,1.38873,1.38873,1.38873,0,1.38886,1.38887,1.38886,1.38887,0
27966000,1.38874,1.38874,1.38874,1.38874,0,1.38887,1.38887,1.38887,1.38887,0
27967000,1.38875,1.38875,1.38875,1.38875,0,1.38886,1.38886,1.38886,1.38886,0
27977000,1.38873,1.38873,1.38872,1.38872,0,1.38884,1.38885,1.38884,1.38885,0
27978000,1.38874,1.38874,1.38874,1.38874,0,1.38885,1.38885,1.38885,1.38885,0
27986000,1.38872,1.38872,1.38872,1.38872,0,1.38885,1.38885,1.38885,1.38885,0
27989000,1.38874,1.38874,1.38874,1.38874,0,1.38885,1.38885,1.38885,1.38885,0
27991000,1.38872,1.38872,1.38872,1.38872,0,1.38885,1.38885,1.38885,1.38885,0
27996000,1.38874,1.38874,1.38874,1.38874,0,1.38885,1.38885,1.38885,1.38885,0
28000000,1.38873,1.38873,1.38873,1.38873,0,1.38886,1.38886,1.38886,1.38886,0
28008000,1.38873,1.38873,1.38873,1.38873,0,1.38885,1.38885,1.38885,1.38885,0
28033000,1.38872,1.38872,1.38872,1.38872,0,1.38885,1.38885,1.38885,1.38885,0
28037000,1.38873,1.38873,1.38873,1.38873,0,1.38884,1.38884,1.38884,1.38884,0
28041000,1.38872,1.38872,1.38872,1.38872,0,1.38884,1.38884,1.38884,1.38884,0
28057000,1.38874,1.38874,1.38872,1.38873,0,1.38888,1.38889,1.38886,1.38886,0
28058000,1.38874,1.38874,1.38874,1.38874,0,1.38885,1.38885,1.38885,1.38885,0
28059000,1.38873,1.38873,1.38873,1.38873,0,1.38886,1.38886,1.38886,1.38886,0
28068000,1.38874,1.38874,1.38874,1.38874,0,1.38885,1.38885,1.38885,1.38885,0
28070000,1.38873,1.38873,1.38873,1.38873,0,1.38886,1.38886,1.38886,1.38886,0
28078000,1.38873,1.38873,1.38873,1.38873,0,1.38885,1.38885,1.38885,1.38885,0
28083000,1.38873,1.38876,1.38873,1.38875,0,1.38886,1.38888,1.38886,1.38888,0
28088000,1.38876,1.38876,1.38876,1.38876,0,1.38888,1.38888,1.38888,1.38888,0
28108000,1.38876,1.38876,1.38876,1.38876,0,1.38886,1.38886,1.38886,1.38886,0
28109000,1.38875,1.38875,1.38875,1.38875,0,1.38887,1.38887,1.38887,1.38887,0
28114000,1.38876,1.38876,1.38876,1.38876,0,1.38886,1.38886,1.38886,1.38886,0
28117000,1.38874,1.38874,1.38874,1.38874,0,1.38888,1.38888,1.38888,1.38888,0
28119000,1.38870,1.38873,1.38870,1.38873,0,1.38888,1.38888,1.38887,1.38887,0
28120000,1.38873,1.38873,1.38873,1.38873,0,1.38886,1.38886,1.38886,1.38886,0
28121000,1.38873,1.38873,1.38871,1.38871,0,1.38884,1.38887,1.38884,1.38885,0
28122000,1.38872,1.38872,1.38864,1.38867,0,1.38883,1.38883,1.38878,1.38880,0
28123000,1.38868,1.38868,1.38867,1.38867,0,1.38879,1.38880,1.38879,1.38880,0
28125000,1.38869,1.38869,1.38869,1.38869,0,1.38880,1.38880,1.38880,1.38880,0
28133000,1.38868,1.38868,1.38868,1.38868,0,1.38880,1.38880,1.38880,1.38880,0
28142000,1.38869,1.38869,1.38869,1.38869,0,1.38880,1.38880,1.38880,1.38880,0
28143000,1.38867,1.38867,1.38866,1.38866,0,1.38878,1.38879,1.38878,1.38879,0
28144000,1.38867,1.38867,1.38867,1.38867,0,1.38879,1.38879,1.38879,1.38879,0
28145000,1.38866,1.38866,1.38862,1.38862,0,1.38880,1.38880,1.38875,1.38875,0
28146000,1.38862,1.38864,1.38862,1.38864,0,1.38877,1.38877,1.38876,1.38876,0
28147000,1.38862,1.38862,1.38862,1.38862,0,1.38875,1.38875,1.38875,1.38875,0
28148000,1.38864,1.38864,1.38862,1.38863,0,1.38875,1.38875,1.38874,1.38874,0
28149000,1.38863,1.38863,1.38862,1.38862,0,1.38873,1.38874,1.38873,1.38874,0
28157000,1.38863,1.38863,1.38863,1.38863,0,1.38874,1.38874,1.38874,1.38874,0
28158000,1.38861,1.38861,1.38860,1.38860,0,1.38872,1.38873,1.38871,1.38871,0
28161000,1.38858,1.38858,1.38858,1.38858,0,1.38874,1.38874,1.38874,1.38874,0
28165000,1.38859,1.38859,1.38859,1.38859,0,1.38874,1.38874,1.38874,1.38874,0
28169000,1.38860,1.38860,1.38860,1.38860,0,1.38872,1.38872,1.38872,1.38872,0
28170000,1.38859,1.38859,1.38859,1.38859,0,1.38873,1.38873,1.38873,1.38873,0
28171000,1.38859,1.38860,1.38859,1.38860,0,1.38872,1.38872,1.38871,1.38871,0
28173000,1.38859,1.38859,1.38859,1.38859,0,1.38872,1.38872,1.38872,1.38872,0
28178000,1.38859,1.38859,1.38859,1.38859,0,1.38869,1.38870,1.38869,1.38870,0
28179000,1.38859,1.38859,1.38859,1.38859,0,1.38869,1.38869,1.38869,1.38869,0
28180000,1.38859,1.38859,1.38859,1.38859,0,1.38870,1.38870,1.38870,1.38870,0
28184000,1.38859,1.38859,1.38859,1.38859,0,1.38872,1.38872,1.38870,1.38870,0
28188000,1.38860,1.38860,1.38860,1.38860,0,1.38873,1.38873,1.38873,1.38873,0
28191000,1.38858,1.38858,1.38858,1.38858,0,1.38871,1.38871,1.38871,1.38871,0
28205000,1.38860,1.38860,1.38860,1.38860,0,1.38871,1.38871,1.38871,1.38871,0
28219000,1.38859,1.38859,1.38859,1.38859,0,1.38872,1.38872,1.38872,1.38872,0
28247000,1.38860,1.38860,1.38860,1.38860,0,1.38871,1.38871,1.38871,1.38871,0
28255000,1.38858,1.38858,1.38858,1.38858,0,1.38870,1.38870,1.38870,1.38870,0
28264000,1.38859,1.38860,1.38859,1.38860,0,1.38873,1.38873,1.38872,1.38872,0
28265000,1.38859,1.38859,1.38859,1.38859,0,1.38873,1.38873,1.38873,1.38873,0
28269000,1.38860,1.38860,1.38860,1.38860,0,1.38872,1.38872,1.38872,1.38872,0
28270000,1.38857,1.38857,1.38855,1.38855,0,1.38871,1.38871,1.38868,1.38868,0
28271000,1.38853,1.38854,1.38853,1.38853,0,1.38867,1.38867,1.38865,1.38865,0
28274000,1.38851,1.38852,1.38851,1.38852,0,1.38865,1.38865,1.38865,1.38865,0
28276000,1.38854,1.38858,1.38853,1.38858,0,1.38867,1.38873,1.38867,1.38872,0
28277000,1.38857,1.38857,1.38857,1.38857,0,1.38870,1.38870,1.38870,1.38870,0
28279000,1.38858,1.38858,1.38854,1.38854,0,1.38869,1.38871,1.38867,1.38867,0
28280000,1.38856,1.38856,1.38855,1.38855,0,1.38868,1.38868,1.38868,1.38868,0
28282000,1.38856,1.38856,1.38856,1.38856,0,1.38867,1.38867,1.38867,1.38867,0
28285000,1.38855,1.38855,1.38854,1.38854,0,1.38868,1.38868,1.38866,1.38866,0
28286000,1.38854,1.38855,1.38853,1.38854,0,1.38865,1.38869,1.38865,1.38866,0
28288000,1.38854,1.38854,1.38852,1.38853,0,1.38867,1.38869,1.38864,1.38864,0
28290000,1.38852,1.38853,1.38852,1.38853,0,1.38865,1.38865,1.38864,1.38864,0
28291000,1.38852,1.38852,1.38852,1.38852,0,1.38864,1.38864,1.38864,1.38864,0
28292000,1.38853,1.38853,1.38849,1.38849,0,1.38864,1.38865,1.38863,1.38863,0
28293000,1.38849,1.38851,1.38849,1.38851,0,1.38862,1.38864,1.38862,1.38863,0
28295000,1.38850,1.38850,1.38850,1.38850,0,1.38864,1.38864,1.38864,1.38864,0
28300000,1.38851,1.38851,1.38850,1.38850,0,1.38863,1.38864,1.38863,1.38864,0
28301000,1.38849,1.38849,1.38849,1.38849,0,1.38862,1.38862,1.38862,1.38862,0
28302000,1.38849,1.38854,1.38849,1.38854,0,1.38861,1.38868,1.38861,1.38868,0
28303000,1.38856,1.38856,1.38856,1.38856,0,1.38867,1.38867,1.38867,1.38867,0
28308000,1.38856,1.38857,1.38855,1.38855,0,1.38870,1.38870,1.38868,1.38869,0
28309000,1.38856,1.38856,1.38856,1.38856,0,1.38869,1.38869,1.38869,1.38869,0
28310000,1.38857,1.38858,1.38856,1.38858,0,1.38871,1.38872,1.38871,1.38871,0
28312000,1.38859,1.38859,1.38859,1.38859,0,1.38870,1.38870,1.38870,1.38870,0
28318000,1.38858,1.38858,1.38857,1.38857,0,1.38870,1.38871,1.38870,1.38871,0
28320000,1.38857,1.38857,1.38857,1.38857,0,1.38870,1.38870,1.38870,1.38870,0
28322000,1.38860,1.38860,1.38859,1.38859,0,1.38870,1.38870,1.38870,1.38870,0
28323000,1.38858,1.38860,1.38858,1.38859,0,1.38872,1.38872,1.38871,1.38872,0
28330000,1.38860,1.38860,1.38860,1.38860,0,1.38871,1.38871,1.38871,1.38871,0
28346000,1.38859,1.38859,1.38859,1.38859,0,1.38871,1.38871,1.38871,1.38871,0
28347000,1.38860,1.38860,1.38860,1.38860,0,1.38870,1.38870,1.38870,1.38870,0
28349000,1.38859,1.38859,1.38859,1.38859,0,1.38871,1.38871,1.38871,1.38871,0
28360000,1.38860,1.38860,1.38860,1.38860,0,1.38870,1.38870,1.38870,1.38870,0
28367000,1.38858,1.38858,1.38858,1.38858,0,1.38870,1.38870,1.38870,1.38870,0
28389000,1.38857,1.38857,1.38857,1.38857,0,1.38871,1.38871,1.38871,1.38871,0
28394000,1.38855,1.38857,1.38855,1.38857,0,1.38869,1.38870,1.38868,1.38870,0
28404000,1.38858,1.38858,1.38858,1.38858,0,1.38869,1.38869,1.38869,1.38869,0
28409000,1.38856,1.38856,1.38856,1.38856,0,1.38869,1.38869,1.38869,1.38869,0
28412000,1.38855,1.38860,1.38855,1.38860,0,1.38869,1.38872,1.38869,1.38872,0
28413000,1.38858,1.38858,1.38858,1.38858,0,1.38872,1.38872,1.38872,1.38872,0
28414000,1.38859,1.38859,1.38859,1.38859,0,1.38871,1.38871,1.38871,1.38871,0
28438000,1.38858,1.38858,1.38857,1.38857,0,1.38872,1.38872,1.38869,1.38869,0
28443000,1.38857,1.38857,1.38855,1.38855,0,1.38870,1.38870,1.38868,1.38868,0
28444000,1.38856,1.38856,1.38856,1.38856,0,1.38868,1.38868,1.38868,1.38868,0
28445000,1.38857,1.38857,1.38857,1.38857,0,1.38868,1.38868,1.38868,1.38868,0
28491000,1.38859,1.38859,1.38859,1.38859,0,1.38871,1.38871,1.38871,1.38871,0
28499000,1.38856,1.38856,1.38852,1.38855,0,1.38869,1.38869,1.38866,1.38868,0
28500000,1.38856,1.38856,1.38856,1.38856,0,1.38868,1.38869,1.38868,1.38869,0
28504000,1.38857,1.38857,1.38857,1.38857,0,1.38869,1.38869,1.38869,1.38869,0
28505000,1.38857,1.38857,1.38857,1.38857,0,1.38868,1.38868,1.38868,1.38868,0
28506000,1.38856,1.38856,1.38856,1.38856,0,1.38868,1.38868,1.38868,1.38868,0
28508000,1.38855,1.38855,1.38855,1.38855,0,1.38869,1.38869,1.38869,1.38869,0
28514000,1.38857,1.38857,1.38855,1.38857,0,1.38869,1.38870,1.38868,1.38868,0
28515000,1.38855,1.38855,1.38855,1.38855,0,1.38868,1.38868,1.38868,1.38868,0
28517000,1.38856,1.38857,1.38855,1.38855,0,1.38868,1.38869,1.38868,1.38868,0
28518000,1.38856,1.38856,1.38856,1.38856,0,1.38868,1.38868,1.38868,1.38868,0
28522000,1.38855,1.38855,1.38851,1.38854,0,1.38868,1.38869,1.38865,1.38867,0
28523000,1.38854,1.38855,1.38854,1.38854,0,1.38866,1.38868,1.38866,1.38868,0
28524000,1.38855,1.38855,1.38852,1.38852,0,1.38867,1.38867,1.38864,1.38864,0
28525000,1.38850,1.38852,1.38850,1.38852,0,1.38865,1.38865,1.38864,1.38864,0
28526000,1.38852,1.38852,1.38852,1.38852,0,1.38863,1.38863,1.38863,1.38863,0
28527000,1.38851,1.38851,1.38851,1.38851,0,1.38863,1.38863,1.38863,1.38863,0
28530000,1.38848,1.38850,1.38848,1.38850,0,1.38861,1.38861,1.38860,1.38860,0
28531000,1.38849,1.38849,1.38849,1.38849,0,1.38861,1.38861,1.38861,1.38861,0
28532000,1.38851,1.38851,1.38851,1.38851,0,1.38863,1.38863,1.38863,1.38863,0
28534000,1.38848,1.38848,1.38848,1.38848,0,1.38861,1.38861,1.38859,1.38859,0
28560000,1.38851,1.38852,1.38851,1.38852,0,1.38863,1.38864,1.38862,1.38864,0
28564000,1.38854,1.38854,1.38854,1.38854,0,1.38864,1.38864,1.38864,1.38864,0
28567000,1.38851,1.38851,1.38851,1.38851,0,1.38867,1.38867,1.38867,1.38867,0
28568000,1.38853,1.38853,1.38853,1.38853,0,1.38865,1.38865,1.38865,1.38865,0
28576000,1.38852,1.38852,1.38852,1.38852,0,1.38865,1.38865,1.38865,1.38865,0
28577000,1.38850,1.38850,1.38850,1.38850,0,1.38862,1.38862,1.38862,1.38862,0
28588000,1.38852,1.38852,1.38852,1.38852,0,1.38862,1.38862,1.38862,1.38862,0
28592000,1.38850,1.38850,1.38850,1.38850,0,1.38863,1.38863,1.38863,1.38863,0
28597000,1.38851,1.38851,1.38851,1.38851,0,1.38862,1.38863,1.38862,1.38863,0
28599000,1.38853,1.38854,1.38853,1.38854,0,1.38868,1.38868,1.38868,1.38868,0
28600000,1.38854,1.38854,1.38852,1.38852,0,1.38866,1.38866,1.38865,1.38865,0
28602000,1.38852,1.38853,1.38852,1.38853,0,1.38866,1.38866,1.38865,1.38865,0
28619000,1.38856,1.38856,1.38855,1.38855,0,1.38866,1.38867,1.38866,1.38867,0
28620000,1.38855,1.38856,1.38855,1.38856,0,1.38869,1.38869,1.38868,1.38868,0
28622000,1.38858,1.38858,1.38858,1.38858,0,1.38870,1.38870,1.38870,1.38870,0
28624000,1.38855,1.38855,1.38855,1.38855,0,1.38868,1.38868,1.38868,1.38868,0
28626000,1.38854,1.38854,1.38854,1.38854,0,1.38866,1.38866,1.38866,1.38866,0
28627000,1.38855,1.38855,1.38853,1.38853,0,1.38865,1.38865,1.38865,1.38865,0
28630000,1.38851,1.38853,1.38851,1.38853,0,1.38865,1.38867,1.38865,1.38865,0
28639000,1.38854,1.38855,1.38852,1.38852,0,1.38868,1.38868,1.38866,1.38866,0
28640000,1.38852,1.38853,1.38852,1.38853,0,1.38865,1.38865,1.38865,1.38865,0
28649000,1.38852,1.38852,1.38852,1.38852,0,1.38866,1.38866,1.38866,1.38866,0
28653000,1.38854,1.38854,1.38854,1.38854,0,1.38864,1.38864,1.38864,1.38864,0
28662000,1.38853,1.38853,1.38852,1.38852,0,1.38864,1.38864,1.38863,1.38863,0
28675000,1.38852,1.38852,1.38852,1.38852,0,1.38862,1.38862,1.38862,1.38862,0
28678000,1.38852,1.38852,1.38852,1.38852,0,1.38863,1.38863,1.38863,1.38863,0
28680000,1.38852,1.38852,1.38850,1.38850,0,1.38862,1.38862,1.38862,1.38862,0
28685000,1.38852,1.38852,1.38852,1.38852,0,1.38862,1.38862,1.38862,1.38862,0
28697000,1.38851,1.38851,1.38851,1.38851,0,1.38862,1.38862,1.38862,1.38862,0
28707000,1.38851,1.38851,1.38851,1.38851,0,1.38861,1.38861,1.38861,1.38861,0
28709000,1.38850,1.38850,1.38850,1.38850,0,1.38862,1.38862,1.38862,1.38862,0
28740000,1.38849,1.38849,1.38849,1.38849,0,1.38862,1.38862,1.38862,1.38862,0
28741000,1.38850,1.38850,1.38850,1.38850,0,1.38862,1.38862,1.38862,1.38862,0
28742000,1.38850,1.38850,1.38849,1.38849,0,1.38860,1.38860,1.38860,1.38860,0
28743000,1.38850,1.38850,1.38850,1.38850,0,1.38860,1.38860,1.38859,1.38859,0
28744000,1.38849,1.38849,1.38849,1.38849,0,1.38860,1.38860,1.38860,1.38860,0
28748000,1.38850,1.38850,1.38849,1.38849,0,1.38859,1.38861,1.38859,1.38861,0
28751000,1.38848,1.38848,1.38848,1.38848,0,1.38862,1.38862,1.38862,1.38862,0
28755000,1.38849,1.38849,1.38849,1.38849,0,1.38860,1.38860,1.38860,1.38860,0
28783000,1.38848,1.38848,1.38848,1.38848,0,1.38862,1.38862,1.38862,1.38862,0
28787000,1.38849,1.38849,1.38849,1.38849,0,1.38861,1.38861,1.38861,1.38861,0
28800000,1.38849,1.38849,1.38848,1.38848,0,1.38859,1.38860,1.38859,1.38860,0
28802000,1.38849,1.38849,1.38848,1.38848,0,1.38859,1.38860,1.38859,1.38860,0
28803000,1.38848,1.38848,1.38847,1.38847,0,1.38859,1.38861,1.38859,1.38861,0
28804000,1.38848,1.38848,1.38848,1.38848,0,1.38860,1.38860,1.38860,1.38860,0
28806000,1.38846,1.38846,1.38846,1.38846,0,1.38860,1.38860,1.38860,1.38860,0
28807000,1.38848,1.38848,1.38848,1.38848,0,1.38858,1.38858,1.38858,1.38858,0
28808000,1.38846,1.38846,1.38846,1.38846,0,1.38860,1.38860,1.38860,1.38860,0
28810000,1.38846,1.38846,1.38846,1.38846,0,1.38858,1.38858,1.38858,1.38858,0
28813000,1.38844,1.38844,1.38843,1.38843,0,1.38858,1.38858,1.38856,1.38856,0
28815000,1.38843,1.38843,1.38843,1.38843,0,1.38855,1.38855,1.38855,1.38855,0
28821000,1.38843,1.38843,1.38843,1.38843,0,1.38853,1.38855,1.38853,1.38855,0
28826000,1.38844,1.38844,1.38843,1.38843,0,1.38857,1.38857,1.38855,1.38855,0
28827000,1.38844,1.38844,1.38844,1.38844,0,1.38857,1.38857,1.38856,1.38856,0
28831000,1.38842,1.38843,1.38842,1.38842,0,1.38854,1.38854,1.38854,1.38854,0
28840000,1.38844,1.38844,1.38844,1.38844,0,1.38856,1.38856,1.38856,1.38856,0
28842000,1.38843,1.38843,1.38843,1.38843,0,1.38857,1.38857,1.38857,1.38857,0
28846000,1.38841,1.38841,1.38841,1.38841,0,1.38855,1.38855,1.38855,1.38855,0
28847000,1.38842,1.38842,1.38842,1.38842,0,1.38854,1.38854,1.38854,1.38854,0
28851000,1.38842,1.38842,1.38842,1.38842,0,1.38856,1.38856,1.38856,1.38856,0
28853000,1.38843,1.38843,1.38843,1.38843,0,1.38855,1.38855,1.38855,1.38855,0
28860000,1.38845,1.38845,1.38845,1.38845,0,1.38857,1.38857,1.38855,1.38855,0
28861000,1.38844,1.38844,1.38844,1.38844,0,1.38856,1.38856,1.38856,1.38856,0
28862000,1.38842,1.38844,1.38842,1.38842,0,1.38854,1.38856,1.38854,1.38854,0
28868000,1.38841,1.38841,1.38841,1.38841,0,1.38855,1.38855,1.38855,1.38855,0
28874000,1.38843,1.38843,1.38843,1.38843,0,1.38856,1.38856,1.38856,1.38856,0
28875000,1.38843,1.38843,1.38843,1.38843,0,1.38855,1.38857,1.38855,1.38857,0
28878000,1.38846,1.38847,1.38846,1.38847,0,1.38860,1.38860,1.38859,1.38860,0
28879000,1.38849,1.38849,1.38849,1.38849,0,1.38861,1.38861,1.38861,1.38861,0
28881000,1.38849,1.38849,1.38849,1.38849,0,1.38862,1.38862,1.38862,1.38862,0
28882000,1.38848,1.38848,1.38848,1.38848,0,1.38862,1.38862,1.38860,1.38860,0
28885000,1.38846,1.38846,1.38846,1.38846,0,1.38860,1.38860,1.38860,1.38860,0
28887000,1.38848,1.38848,1.38848,1.38848,0,1.38859,1.38859,1.38859,1.38859,0
28891000,1.38845,1.38845,1.38845,1.38845,0,1.38859,1.38859,1.38859,1.38859,0
28892000,1.38846,1.38846,1.38846,1.38846,0,1.38859,1.38859,1.38859,1.38859,0
28899000,1.38844,1.38844,1.38844,1.38844,0,1.38858,1.38858,1.38858,1.38858,0
28900000,1.38845,1.38845,1.38845,1.38845,0,1.38857,1.38857,1.38857,1.38857,0
28902000,1.38844,1.38844,1.38844,1.38844,0,1.38858,1.38858,1.38858,1.38858,0
28903000,1.38842,1.38842,1.38842,1.38842,0,1.38855,1.38855,1.38855,1.38855,0
28904000,1.38841,1.38841,1.38841,1.38841,0,1.38855,1.38855,1.38855,1.38855,0
28905000,1.38843,1.38843,1.38843,1.38843,0,1.38853,1.38853,1.38853,1.38853,0
28909000,1.38842,1.38842,1.38842,1.38842,0,1.38854,1.38854,1.38854,1.38854,0
28913000,1.38843,1.38845,1.38843,1.38844,0,1.38857,1.38857,1.38856,1.38856,0
28916000,1.38843,1.38843,1.38841,1.38842,0,1.38857,1.38857,1.38855,1.38855,0
28917000,1.38840,1.38840,1.38838,1.38840,0,1.38852,1.38854,1.38851,1.38851,0
28920000,1.38840,1.38840,1.38840,1.38840,0,1.38853,1.38853,1.38853,1.38853,0
28921000,1.38841,1.38841,1.38841,1.38841,0,1.38852,1.38852,1.38852,1.38852,0
28925000,1.38841,1.38841,1.38841,1.38841,0,1.38853,1.38853,1.38853,1.38853,0
28931000,1.38842,1.38842,1.38842,1.38842,0,1.38853,1.38853,1.38853,1.38853,0
28939000,1.38841,1.38841,1.38841,1.38841,0,1.38853,1.38853,1.38852,1.38852,0
28945000,1.38843,1.38845,1.38842,1.38845,0,1.38854,1.38861,1.38854,1.38861,0
28946000,1.38846,1.38849,1.38846,1.38849,0,1.38861,1.38861,1.38860,1.38860,0
28963000,1.38849,1.38849,1.38849,1.38849,0,1.38862,1.38862,1.38862,1.38862,0
28982000,1.38847,1.38847,1.38846,1.38846,0,1.38859,1.38859,1.38859,1.38859,0
28985000,1.38844,1.38844,1.38841,1.38841,0,1.38857,1.38857,1.38855,1.38855,0
28986000,1.38844,1.38844,1.38844,1.38844,0,1.38855,1.38855,1.38855,1.38855,0
28989000,1.38844,1.38844,1.38844,1.38844,0,1.38856,1.38858,1.38856,1.38858,0
29004000,1.38843,1.38843,1.38843,1.38843,0,1.38856,1.38856,1.38856,1.38856,0
29073000,1.38843,1.38843,1.38843,1.38843,0,1.38855,1.38855,1.38855,1.38855,0
29093000,1.38844,1.38844,1.38844,1.38844,0,1.38854,1.38854,1.38854,1.38854,0
29101000,1.38842,1.38842,1.38842,1.38842,0,1.38854,1.38854,1.38854,1.38854,0
29112000,1.38841,1.38841,1.38841,1.38841,0,1.38855,1.38855,1.38855,1.38855,0
29113000,1.38840,1.38842,1.38840,1.38842,0,1.38853,1.38853,1.38851,1.38851,0
29118000,1.38842,1.38842,1.38842,1.38842,0,1.38853,1.38853,1.38853,1.38853,0
29120000,1.38839,1.38839,1.38839,1.38839,0,1.38852,1.38852,1.38852,1.38852,0
29126000,1.38839,1.38839,1.38839,1.38839,0,1.38851,1.38851,1.38851,1.38851,0
29147000,1.38841,1.38841,1.38841,1.38841,0,1.38851,1.38851,1.38851,1.38851,0
29152000,1.38839,1.38839,1.38839,1.38839,0,1.38851,1.38851,1.38851,1.38851,0
29154000,1.38838,1.38838,1.38838,1.38838,0,1.38851,1.38851,1.38851,1.38851,0
29159000,1.38840,1.38840,1.38838,1.38839,0,1.38851,1.38851,1.38850,1.38850,0
29161000,1.38838,1.38839,1.38838,1.38839,0,1.38851,1.38851,1.38851,1.38851,0
29162000,1.38840,1.38840,1.38839,1.38840,0,1.38851,1.38852,1.38851,1.38852,0
29168000,1.38841,1.38841,1.38841,1.38841,0,1.38851,1.38853,1.38851,1.38853,0
29169000,1.38843,1.38843,1.38843,1.38843,0,1.38855,1.38855,1.38855,1.38855,0
29186000,1.38846,1.38849,1.38845,1.38848,0,1.38857,1.38861,1.38857,1.38860,0
29187000,1.38846,1.38846,1.38845,1.38846,0,1.38860,1.38860,1.38856,1.38858,0
29192000,1.38849,1.38849,1.38849,1.38849,0,1.38860,1.38860,1.38860,1.38860,0
29193000,1.38850,1.38850,1.38849,1.38849,0,1.38859,1.38860,1.38859,1.38860,0
29197000,1.38850,1.38850,1.38848,1.38848,0,1.38859,1.38859,1.38859,1.38859,0
29198000,1.38850,1.38850,1.38850,1.38850,0,1.38859,1.38859,1.38859,1.38859,0
29199000,1.38849,1.38849,1.38849,1.38849,0,1.38860,1.38860,1.38860,1.38860,0
29203000,1.38848,1.38848,1.38845,1.38845,0,1.38860,1.38860,1.38858,1.38858,0
29207000,1.38845,1.38845,1.38845,1.38845,0,1.38856,1.38857,1.38856,1.38857,0
29213000,1.38847,1.38848,1.38846,1.38848,0,1.38858,1.38861,1.38858,1.38861,0
29214000,1.38850,1.38850,1.38850,1.38850,0,1.38860,1.38860,1.38860,1.38860,0
29219000,1.38849,1.38849,1.38849,1.38849,0,1.38860,1.38860,1.38860,1.38860,0
29221000,1.38847,1.38847,1.38844,1.38845,0,1.38861,1.38861,1.38857,1.38857,0
29235000,1.38845,1.38845,1.38845,1.38845,0,1.38859,1.38859,1.38859,1.38859,0
29236000,1.38845,1.38845,1.38845,1.38845,0,1.38858,1.38858,1.38858,1.38858,0
29249000,1.38847,1.38847,1.38847,1.38847,0,1.38858,1.38858,1.38858,1.38858,0
29250000,1.38847,1.38847,1.38847,1.38847,0,1.38859,1.38859,1.38859,1.38859,0
29257000,1.38848,1.38848,1.38848,1.38848,0,1.38862,1.38862,1.38862,1.38862,0
29262000,1.38848,1.38848,1.38848,1.38848,0,1.38861,1.38861,1.38861,1.38861,0
29263000,1.38849,1.38849,1.38847,1.38847,0,1.38860,1.38861,1.38859,1.38859,0
29269000,1.38847,1.38847,1.38847,1.38847,0,1.38860,1.38860,1.38860,1.38860,0
29270000,1.38847,1.38847,1.38847,1.38847,0,1.38859,1.38859,1.38859,1.38859,0
29271000,1.38847,1.38847,1.38847,1.38847,0,1.38860,1.38860,1.38860,1.38860,0
29272000,1.38849,1.38849,1.38849,1.38849,0,1.38859,1.38859,1.38859,1.38859,0
29275000,1.38847,1.38847,1.38847,1.38847,0,1.38860,1.38860,1.38860,1.38860,0
29280000,1.38847,1.38847,1.38847,1.38847,0,1.38859,1.38859,1.38859,1.38859,0
29282000,1.38847,1.38847,1.38847,1.38847,0,1.38858,1.38858,1.38858,1.38858,0
29288000,1.38846,1.38846,1.38846,1.38846,0,1.38858,1.38858,1.38858,1.38858,0
29292000,1.38847,1.38847,1.38847,1.38847,0,1.38858,1.38858,1.38858,1.38858,0
29306000,1.38845,1.38845,1.38844,1.38844,0,1.38856,1.38856,1.38856,1.38856,0
29307000,1.38844,1.38844,1.38843,1.38844,0,1.38855,1.38856,1.38855,1.38855,0
29319000,1.38843,1.38843,1.38843,1.38843,0,1.38856,1.38856,1.38856,1.38856,0
29326000,1.38844,1.38844,1.38844,1.38844,0,1.38855,1.38855,1.38855,1.38855,0
29340000,1.38845,1.38845,1.38845,1.38845,0,1.38857,1.38857,1.38857,1.38857,0
29349000,1.38845,1.38847,1.38845,1.38847,0,1.38859,1.38860,1.38859,1.38860,0
29352000,1.38850,1.38850,1.38850,1.38850,0,1.38862,1.38862,1.38862,1.38862,0
29356000,1.38849,1.38849,1.38849,1.38849,0,1.38863,1.38863,1.38863,1.38863,0
29357000,1.38851,1.38851,1.38850,1.38850,0,1.38863,1.38865,1.38863,1.38865,0
29358000,1.38851,1.38851,1.38851,1.38851,0,1.38864,1.38864,1.38864,1.38864,0
29360000,1.38852,1.38852,1.38852,1.38852,0,1.38862,1.38862,1.38862,1.38862,0
29361000,1.38849,1.38852,1.38849,1.38851,0,1.38865,1.38865,1.38863,1.38863,0
29362000,1.38850,1.38850,1.38850,1.38850,0,1.38864,1.38864,1.38864,1.38864,0
29370000,1.38852,1.38852,1.38852,1.38852,0,1.38863,1.38863,1.38863,1.38863,0
29386000,1.38850,1.38850,1.38848,1.38849,0,1.38863,1.38863,1.38861,1.38861,0
29387000,1.38847,1.38849,1.38847,1.38849,0,1.38858,1.38861,1.38858,1.38861,0
29388000,1.38847,1.38848,1.38847,1.38848,0,1.38861,1.38861,1.38859,1.38859,0
29390000,1.38848,1.38850,1.38848,1.38850,0,1.38861,1.38862,1.38861,1.38861,0
29391000,1.38849,1.38849,1.38849,1.38849,0,1.38861,1.38861,1.38861,1.38861,0
29393000,1.38850,1.38850,1.38850,1.38850,0,1.38861,1.38863,1.38861,1.38863,0
29395000,1.38849,1.38849,1.38849,1.38849,0,1.38861,1.38861,1.38861,1.38861,0
29409000,1.38846,1.38846,1.38844,1.38846,0,1.38858,1.38858,1.38858,1.38858,0
29410000,1.38849,1.38850,1.38849,1.38850,0,1.38861,1.38863,1.38861,1.38863,0
29411000,1.38852,1.38852,1.38852,1.38852,0,1.38863,1.38863,1.38863,1.38863,0
29412000,1.38852,1.38853,1.38852,1.38853,0,1.38865,1.38865,1.38865,1.38865,0
29424000,1.38854,1.38854,1.38854,1.38854,0,1.38865,1.38865,1.38865,1.38865,0
29433000,1.38854,1.38856,1.38853,1.38856,0,1.38866,1.38868,1.38865,1.38868,0
29434000,1.38857,1.38857,1.38857,1.38857,0,1.38868,1.38868,1.38868,1.38868,0
29437000,1.38855,1.38857,1.38855,1.38857,0,1.38868,1.38871,1.38868,1.38869,0
29440000,1.38855,1.38855,1.38855,1.38855,0,1.38868,1.38868,1.38868,1.38868,0
29443000,1.38852,1.38852,1.38852,1.38852,0,1.38865,1.38865,1.38865,1.38865,0
29449000,1.38855,1.38855,1.38852,1.38852,0,1.38868,1.38868,1.38866,1.38868,0
29450000,1.38852,1.38853,1.38852,1.38853,0,1.38866,1.38866,1.38865,1.38865,0
29455000,1.38853,1.38853,1.38853,1.38853,0,1.38866,1.38866,1.38865,1.38865,0
29459000,1.38856,1.38856,1.38856,1.38856,0,1.38868,1.38868,1.38868,1.38868,0
29460000,1.38857,1.38857,1.38857,1.38857,0,1.38868,1.38868,1.38868,1.38868,0
29462000,1.38855,1.38857,1.38855,1.38857,0,1.38868,1.38870,1.38868,1.38869,0
29463000,1.38857,1.38857,1.38856,1.38856,0,1.38868,1.38868,1.38868,1.38868,0
29465000,1.38857,1.38857,1.38857,1.38857,0,1.38868,1.38868,1.38868,1.38868,0
29467000,1.38857,1.38857,1.38857,1.38857,0,1.38869,1.38870,1.38869,1.38870,0
29469000,1.38857,1.38857,1.38857,1.38857,0,1.38869,1.38869,1.38869,1.38869,0
29470000,1.38856,1.38856,1.38855,1.38855,0,1.38869,1.38869,1.38868,1.38868,0
29483000,1.38855,1.38855,1.38852,1.38852,0,1.38866,1.38866,1.38864,1.38864,0
29487000,1.38854,1.38854,1.38854,1.38854,0,1.38867,1.38867,1.38867,1.38867,0
29488000,1.38854,1.38854,1.38854,1.38854,0,1.38865,1.38865,1.38865,1.38865,0
29489000,1.38852,1.38852,1.38852,1.38852,0,1.38866,1.38866,1.38866,1.38866,0
29494000,1.38852,1.38852,1.38852,1.38852,0,1.38865,1.38865,1.38865,1.38865,0
29520000,1.38852,1.38852,1.38852,1.38852,0,1.38866,1.38866,1.38866,1.38866,0
29526000,1.38852,1.38857,1.38852,1.38857,0,1.38867,1.38870,1.38867,1.38870,0
29527000,1.38859,1.38859,1.38859,1.38859,0,1.38873,1.38873,1.38873,1.38873,0
29529000,1.38859,1.38859,1.38859,1.38859,0,1.38871,1.38871,1.38871,1.38871,0
29537000,1.38859,1.38859,1.38859,1.38859,0,1.38869,1.38869,1.38869,1.38869,0
29538000,1.38859,1.38859,1.38859,1.38859,0,1.38870,1.38870,1.38869,1.38870,0
29539000,1.38861,1.38861,1.38861,1.38861,0,1.38872,1.38873,1.38872,1.38872,0
29548000,1.38860,1.38860,1.38860,1.38860,0,1.38874,1.38874,1.38874,1.38874,0
29551000,1.38862,1.38862,1.38862,1.38862,0,1.38872,1.38873,1.38872,1.38873,0
29559000,1.38863,1.38863,1.38863,1.38863,0,1.38872,1.38872,1.38872,1.38872,0
29567000,1.38861,1.38861,1.38861,1.38861,0,1.38873,1.38873,1.38873,1.38873,0
29604000,1.38862,1.38863,1.38862,1.38863,0,1.38876,1.38876,1.38874,1.38874,0
29609000,1.38862,1.38863,1.38862,1.38863,0,1.38877,1.38877,1.38877,1.38877,0
29610000,1.38863,1.38864,1.38863,1.38864,0,1.38876,1.38876,1.38875,1.38875,0
29619000,1.38863,1.38863,1.38863,1.38863,0,1.38876,1.38876,1.38876,1.38876,0
29635000,1.38865,1.38865,1.38865,1.38865,0,1.38876,1.38876,1.38876,1.38876,0
29636000,1.38864,1.38864,1.38864,1.38864,0,1.38877,1.38877,1.38877,1.38877,0
29643000,1.38862,1.38863,1.38858,1.38860,0,1.38875,1.38875,1.38872,1.38873,0
29644000,1.38861,1.38861,1.38861,1.38861,0,1.38872,1.38872,1.38872,1.38872,0
29654000,1.38859,1.38860,1.38859,1.38860,0,1.38872,1.38872,1.38872,1.38872,0
29726000,1.38860,1.38860,1.38860,1.38860,0,1.38873,1.38873,1.38873,1.38873,0
29728000,1.38861,1.38861,1.38861,1.38861,0,1.38872,1.38872,1.38872,1.38872,0
29733000,1.38861,1.38861,1.38861,1.38861,0,1.38873,1.38873,1.38873,1.38873,0
29741000,1.38862,1.38863,1.38862,1.38863,0,1.38872,1.38873,1.38872,1.38873,0
29742000,1.38861,1.38863,1.38861,1.38863,0,1.38875,1.38875,1.38873,1.38873,0
29748000,1.38863,1.38863,1.38863,1.38863,0,1.38874,1.38874,1.38874,1.38874,0
29774000,1.38861,1.38861,1.38861,1.38861,0,1.38874,1.38874,1.38874,1.38874,0
29810000,1.38862,1.38862,1.38862,1.38862,0,1.38874,1.38874,1.38874,1.38874,0
29824000,1.38862,1.38862,1.38862,1.38862,0,1.38873,1.38873,1.38873,1.38873,0
29828000,1.38862,1.38862,1.38862,1.38862,0,1.38875,1.38875,1.38875,1.38875,0
29829000,1.38863,1.38863,1.38863,1.38863,0,1.38875,1.38875,1.38875,1.38875,0
29836000,1.38864,1.38864,1.38864,1.38864,0,1.38875,1.38875,1.38875,1.38875,0
29843000,1.38863,1.38863,1.38863,1.38863,0,1.38875,1.38875,1.38875,1.38875,0
29849000,1.38861,1.38861,1.38861,1.38861,0,1.38873,1.38873,1.38873,1.38873,0
29851000,1.38863,1.38863,1.38863,1.38863,0,1.38875,1.38875,1.38875,1.38875,0
29863000,1.38861,1.38861,1.38861,1.38861,0,1.38873,1.38873,1.38873,1.38873,0
29868000,1.38862,1.38862,1.38862,1.38862,0,1.38873,1.38873,1.38873,1.38873,0
29869000,1.38861,1.38861,1.38861,1.38861,0,1.38873,1.38873,1.38873,1.38873,0
29881000,1.38863,1.38863,1.38863,1.38863,0,1.38875,1.38875,1.38875,1.38875,0
29882000,1.38861,1.38861,1.38861,1.38861,0,1.38873,1.38873,1.38873,1.38873,0
29885000,1.38861,1.38861,1.38861,1.38861,0,1.38872,1.38872,1.38872,1.38872,0
29910000,1.38859,1.38859,1.38858,1.38859,0,1.38871,1.38871,1.38871,1.38871,0
29911000,1.38856,1.38856,1.38853,1.38853,0,1.38869,1.38869,1.38865,1.38865,0
29927000,1.38852,1.38852,1.38852,1.38852,0,1.38865,1.38865,1.38865,1.38865,0
29928000,1.38853,1.38853,1.38853,1.38853,0,1.38865,1.38865,1.38865,1.38865,0
29931000,1.38852,1.38853,1.38852,1.38853,0,1.38865,1.38865,1.38864,1.38864,0
29939000,1.38855,1.38857,1.38855,1.38855,0,1.38867,1.38869,1.38867,1.38867,0
29940000,1.38854,1.38854,1.38854,1.38854,0,1.38868,1.38868,1.38868,1.38868,0
29942000,1.38854,1.38854,1.38853,1.38854,0,1.38866,1.38867,1.38866,1.38867,0
29950000,1.38855,1.38855,1.38855,1.38855,0,1.38865,1.38865,1.38865,1.38865,0
29951000,1.38853,1.38853,1.38853,1.38853,0,1.38867,1.38867,1.38867,1.38867,0
29952000,1.38855,1.38857,1.38855,1.38857,0,1.38868,1.38871,1.38868,1.38871,0
29953000,1.38860,1.38860,1.38860,1.38860,0,1.38870,1.38870,1.38870,1.38870,0
29956000,1.38859,1.38859,1.38859,1.38859,0,1.38868,1.38868,1.38868,1.38868,0
29957000,1.38859,1.38860,1.38857,1.38860,0,1.38870,1.38873,1.38870,1.38872,0
29975000,1.38857,1.38857,1.38855,1.38855,0,1.38873,1.38873,1.38870,1.38870,0
29976000,1.38854,1.38856,1.38854,1.38855,0,1.38868,1.38868,1.38868,1.38868,0
29978000,1.38856,1.38856,1.38855,1.38855,0,1.38868,1.38869,1.38868,1.38869,0
29982000,1.38856,1.38856,1.38856,1.38856,0,1.38869,1.38869,1.38869,1.38869,0
29985000,1.38857,1.38860,1.38856,1.38860,0,1.38868,1.38874,1.38868,1.38874,0
29986000,1.38860,1.38860,1.38860,1.38860,0,1.38873,1.38873,1.38873,1.38873,0
30002000,1.38862,1.38862,1.38862,1.38862,0,1.38872,1.38872,1.38872,1.38872,0
30007000,1.38861,1.38861,1.38861,1.38861,0,1.38873,1.38873,1.38873,1.38873,0
30048000,1.38861,1.38863,1.38861,1.38863,0,1.38874,1.38874,1.38874,1.38874,0
30049000,1.38863,1.38863,1.38863,1.38863,0,1.38876,1.38876,1.38876,1.38876,0
30050000,1.38864,1.38864,1.38864,1.38864,0,1.38874,1.38874,1.38874,1.38874,0
30054000,1.38862,1.38862,1.38862,1.38862,0,1.38874,1.38874,1.38874,1.38874,0
30055000,1.38864,1.38864,1.38863,1.38863,0,1.38876,1.38876,1.38875,1.38875,0
30057000,1.38865,1.38865,1.38865,1.38865,0,1.38877,1.38877,1.38877,1.38877,0
30061000,1.38862,1.38862,1.38862,1.38862,0,1.38875,1.38875,1.38875,1.38875,0
30063000,1.38859,1.38859,1.38859,1.38859,0,1.38872,1.38872,1.38872,1.38872,0
30064000,1.38860,1.38860,1.38859,1.38859,0,1.38871,1.38871,1.38871,1.38871,0
30085000,1.38862,1.38864,1.38861,1.38864,0,1.38874,1.38877,1.38874,1.38877,0
30088000,1.38864,1.38864,1.38863,1.38864,0,1.38876,1.38876,1.38875,1.38875,0
30096000,1.38863,1.38863,1.38863,1.38863,0,1.38875,1.38875,1.38875,1.38875,0
30097000,1.38864,1.38864,1.38864,1.38864,0,1.38874,1.38874,1.38874,1.38874,0
30100000,1.38863,1.38863,1.38863,1.38863,0,1.38875,1.38875,1.38875,1.38875,0
30115000,1.38863,1.38863,1.38860,1.38860,0,1.38873,1.38876,1.38873,1.38876,0
30116000,1.38862,1.38862,1.38862,1.38862,0,1.38873,1.38873,1.38873,1.38873,0
30117000,1.38861,1.38861,1.38861,1.38861,0,1.38874,1.38874,1.38874,1.38874,0
30127000,1.38863,1.38863,1.38862,1.38862,0,1.38874,1.38875,1.38874,1.38875,0
30149000,1.38860,1.38860,1.38860,1.38860,0,1.38872,1.38872,1.38872,1.38872,0
30150000,1.38859,1.38859,1.38859,1.38859,0,1.38872,1.38872,1.38872,1.38872,0
30161000,1.38862,1.38862,1.38862,1.38862,0,1.38873,1.38873,1.38873,1.38873,0
30165000,1.38861,1.38861,1.38861,1.38861,0,1.38873,1.38873,1.38873,1.38873,0
30166000,1.38858,1.38858,1.38858,1.38858,0,1.38871,1.38871,1.38871,1.38871,0
30175000,1.38858,1.38858,1.38858,1.38858,0,1.38870,1.38870,1.38870,1.38870,0
30176000,1.38859,1.38859,1.38859,1.38859,0,1.38870,1.38870,1.38870,1.38870,0
30177000,1.38858,1.38859,1.38858,1.38859,0,1.38872,1.38872,1.38872,1.38872,0
30195000,1.38858,1.38858,1.38858,1.38858,0,1.38872,1.38872,1.38872,1.38872,0
30196000,1.38860,1.38860,1.38860,1.38860,0,1.38873,1.38873,1.38873,1.38873,0
30200000,1.38863,1.38863,1.38862,1.38863,0,1.38875,1.38877,1.38874,1.38874,0
30201000,1.38861,1.38861,1.38861,1.38861,0,1.38874,1.38874,1.38874,1.38874,0
30202000,1.38863,1.38863,1.38863,1.38863,0,1.38875,1.38875,1.38875,1.38875,0
30211000,1.38861,1.38861,1.38861,1.38861,0,1.38873,1.38873,1.38873,1.38873,0
30215000,1.38861,1.38861,1.38861,1.38861,0,1.38872,1.38872,1.38872,1.38872,0
30227000,1.38861,1.38861,1.38861,1.38861,0,1.38873,1.38873,1.38873,1.38873,0
30239000,1.38860,1.38860,1.38860,1.38860,0,1.38871,1.38871,1.38871,1.38871,0
30240000,1.38859,1.38859,1.38857,1.38857,0,1.38873,1.38873,1.38869,1.38870,0
30242000,1.38857,1.38857,1.38856,1.38856,0,1.38869,1.38870,1.38869,1.38870,0
30243000,1.38856,1.38857,1.38856,1.38857,0,1.38869,1.38869,1.38869,1.38869,0
30249000,1.38857,1.38857,1.38856,1.38857,0,1.38868,1.38868,1.38868,1.38868,0
30250000,1.38855,1.38855,1.38852,1.38852,0,1.38869,1.38869,1.38865,1.38865,0
30255000,1.38854,1.38854,1.38854,1.38854,0,1.38865,1.38865,1.38865,1.38865,0
30260000,1.38854,1.38854,1.38854,1.38854,0,1.38866,1.38866,1.38866,1.38866,0
30266000,1.38853,1.38860,1.38853,1.38860,0,1.38867,1.38873,1.38867,1.38872,0
30267000,1.38860,1.38862,1.38860,1.38862,0,1.38873,1.38875,1.38873,1.38875,0
30269000,1.38862,1.38862,1.38862,1.38862,0,1.38873,1.38873,1.38873,1.38873,0
30270000,1.38862,1.38862,1.38862,1.38862,0,1.38874,1.38874,1.38874,1.38874,0
30281000,1.38862,1.38862,1.38862,1.38862,0,1.38873,1.38874,1.38873,1.38874,0
30294000,1.38862,1.38863,1.38862,1.38863,0,1.38876,1.38876,1.38875,1.38875,0
30297000,1.38862,1.38862,1.38862,1.38862,0,1.38876,1.38876,1.38876,1.38876,0
30298000,1.38863,1.38863,1.38863,1.38863,0,1.38873,1.38873,1.38873,1.38873,0
30300000,1.38862,1.38862,1.38862,1.38862,0,1.38874,1.38874,1.38874,1.38874,0
30306000,1.38862,1.38862,1.38862,1.38862,0,1.38876,1.38876,1.38876,1.38876,0
30307000,1.38862,1.38862,1.38862,1.38862,0,1.38874,1.38874,1.38874,1.38874,0
30314000,1.38861,1.38861,1.38861,1.38861,0,1.38872,1.38873,1.38872,1.38873,0
30327000,1.38862,1.38862,1.38862,1.38862,0,1.38873,1.38873,1.38873,1.38873,0
30336000,1.38863,1.38864,1.38863,1.38864,0,1.38877,1.38877,1.38876,1.38876,0
30340000,1.38864,1.38864,1.38863,1.38863,0,1.38875,1.38876,1.38875,1.38875,0
30342000,1.38862,1.38862,1.38862,1.38862,0,1.38875,1.38875,1.38875,1.38875,0
30347000,1.38863,1.38863,1.38862,1.38862,0,1.38875,1.38875,1.38875,1.38875,0
30354000,1.38859,1.38859,1.38859,1.38859,0,1.38873,1.38873,1.38873,1.38873,0
30355000,1.38861,1.38861,1.38861,1.38861,0,1.38872,1.38872,1.38872,1.38872,0
30360000,1.38859,1.38859,1.38859,1.38859,0,1.38872,1.38872,1.38872,1.38872,0
30361000,1.38861,1.38861,1.38860,1.38860,0,1.38871,1.38872,1.38871,1.38872,0
30365000,1.38859,1.38859,1.38859,1.38859,0,1.38872,1.38872,1.38872,1.38872,0
30367000,1.38860,1.38860,1.38860,1.38860,0,1.38871,1.38871,1.38871,1.38871,0
30370000,1.38860,1.38860,1.38860,1.38860,0,1.38873,1.38873,1.38873,1.38873,0
30392000,1.38861,1.38864,1.38861,1.38864,0,1.38875,1.38878,1.38875,1.38878,0
30411000,1.38862,1.38862,1.38862,1.38862,0,1.38875,1.38875,1.38875,1.38875,0
30416000,1.38863,1.38863,1.38857,1.38857,0,1.38875,1.38875,1.38870,1.38870,0
30420000,1.38855,1.38855,1.38855,1.38855,0,1.38868,1.38868,1.38868,1.38868,0
30431000,1.38856,1.38856,1.38856,1.38856,0,1.38868,1.38868,1.38868,1.38868,0
30452000,1.38855,1.38855,1.38855,1.38855,0,1.38868,1.38868,1.38868,1.38868,0
30453000,1.38856,1.38856,1.38856,1.38856,0,1.38867,1.38867,1.38867,1.38867,0
30464000,1.38855,1.38855,1.38853,1.38855,0,1.38868,1.38868,1.38867,1.38868,0
30465000,1.38856,1.38856,1.38856,1.38856,0,1.38868,1.38868,1.38868,1.38868,0
30466000,1.38855,1.38855,1.38855,1.38855,0,1.38868,1.38868,1.38868,1.38868,0
30467000,1.38856,1.38856,1.38856,1.38856,0,1.38867,1.38867,1.38867,1.38867,0
30547000,1.38856,1.38859,1.38856,1.38859,0,1.38870,1.38872,1.38870,1.38872,0
30548000,1.38860,1.38860,1.38860,1.38860,0,1.38872,1.38872,1.38872,1.38872,0
30549000,1.38859,1.38860,1.38859,1.38860,0,1.38873,1.38873,1.38872,1.38872,0
30550000,1.38857,1.38857,1.38857,1.38857,0,1.38869,1.38869,1.38869,1.38869,0
30567000,1.38857,1.38857,1.38857,1.38857,0,1.38868,1.38868,1.38868,1.38868,0
30576000,1.38858,1.38860,1.38858,1.38860,0,1.38871,1.38873,1.38871,1.38873,0
30579000,1.38860,1.38860,1.38860,1.38860,0,1.38872,1.38873,1.38872,1.38873,0
30585000,1.38860,1.38860,1.38860,1.38860,0,1.38872,1.38872,1.38872,1.38872,0
30587000,1.38857,1.38857,1.38856,1.38856,0,1.38871,1.38871,1.38869,1.38869,0
30588000,1.38856,1.38856,1.38855,1.38855,0,1.38868,1.38869,1.38868,1.38869,0
30590000,1.38857,1.38857,1.38857,1.38857,0,1.38868,1.38868,1.38868,1.38868,0
30592000,1.38856,1.38857,1.38856,1.38857,0,1.38869,1.38869,1.38869,1.38869,0
30593000,1.38856,1.38856,1.38854,1.38854,0,1.38870,1.38870,1.38868,1.38869,0
30594000,1.38856,1.38856,1.38855,1.38855,0,1.38868,1.38869,1.38868,1.38869,0
30595000,1.38854,1.38854,1.38854,1.38854,0,1.38870,1.38870,1.38870,1.38870,0
30598000,1.38856,1.38856,1.38855,1.38855,0,1.38869,1.38871,1.38869,1.38871,0
30600000,1.38854,1.38854,1.38843,1.38849,0,1.38869,1.38869,1.38862,1.38865,0
30601000,1.38850,1.38851,1.38850,1.38851,0,1.38865,1.38865,1.38864,1.38864,0
30602000,1.38850,1.38857,1.38850,1.38857,0,1.38866,1.38872,1.38866,1.38872,0
30603000,1.38855,1.38857,1.38855,1.38856,0,1.38869,1.38871,1.38868,1.38870,0
30604000,1.38856,1.38857,1.38855,1.38857,0,1.38869,1.38870,1.38868,1.38869,0
30605000,1.38859,1.38859,1.38853,1.38854,0,1.38871,1.38871,1.38868,1.38868,0
30606000,1.38851,1.38851,1.38842,1.38843,0,1.38865,1.38865,1.38858,1.38859,0
30607000,1.38843,1.38849,1.38842,1.38849,0,1.38858,1.38862,1.38858,1.38862,0
30608000,1.38850,1.38850,1.38849,1.38850,0,1.38862,1.38863,1.38862,1.38863,0
30609000,1.38852,1.38852,1.38848,1.38849,0,1.38863,1.38863,1.38861,1.38861,0
30610000,1.38850,1.38850,1.38850,1.38850,0,1.38860,1.38860,1.38860,1.38860,0
30612000,1.38849,1.38849,1.38849,1.38849,0,1.38860,1.38860,1.38860,1.38860,0
30613000,1.38848,1.38848,1.38848,1.38848,0,1.38862,1.38862,1.38862,1.38862,0
30615000,1.38849,1.38851,1.38849,1.38850,0,1.38862,1.38864,1.38862,1.38864,0
30616000,1.38848,1.38852,1.38848,1.38852,0,1.38862,1.38865,1.38862,1.38865,0
30618000,1.38853,1.38853,1.38853,1.38853,0,1.38865,1.38865,1.38865,1.38865,0
30620000,1.38853,1.38853,1.38847,1.38847,0,1.38866,1.38866,1.38860,1.38860,0
30621000,1.38847,1.38847,1.38847,1.38847,0,1.38859,1.38859,1.38858,1.38858,0
30622000,1.38846,1.38846,1.38846,1.38846,0,1.38858,1.38858,1.38858,1.38858,0
30623000,1.38847,1.38847,1.38847,1.38847,0,1.38858,1.38858,1.38858,1.38858,0
30624000,1.38846,1.38849,1.38846,1.38847,0,1.38858,1.38861,1.38858,1.38861,0
30625000,1.38846,1.38847,1.38846,1.38847,0,1.38858,1.38858,1.38858,1.38858,0
30632000,1.38847,1.38847,1.38847,1.38847,0,1.38860,1.38860,1.38860,1.38860,0
30633000,1.38849,1.38849,1.38848,1.38849,0,1.38860,1.38860,1.38860,1.38860,0
30634000,1.38847,1.38847,1.38843,1.38843,0,1.38860,1.38860,1.38856,1.38856,0
30635000,1.38841,1.38842,1.38840,1.38841,0,1.38856,1.38856,1.38853,1.38854,0
30636000,1.38842,1.38842,1.38842,1.38842,0,1.38854,1.38854,1.38854,1.38854,0
30638000,1.38841,1.38841,1.38841,1.38841,0,1.38854,1.38854,1.38854,1.38854,0
30639000,1.38842,1.38842,1.38842,1.38842,0,1.38853,1.38853,1.38853,1.38853,0
30640000,1.38841,1.38841,1.38841,1.38841,0,1.38855,1.38855,1.38855,1.38855,0
30641000,1.38842,1.38842,1.38842,1.38842,0,1.38853,1.38853,1.38853,1.38853,0
30643000,1.38841,1.38843,1.38841,1.38841,0,1.38855,1.38857,1.38855,1.38855,0
30644000,1.38842,1.38842,1.38841,1.38841,0,1.38854,1.38855,1.38854,1.38855,0
30647000,1.38843,1.38843,1.38841,1.38842,0,1.38853,1.38855,1.38853,1.38855,0
30648000,1.38845,1.38845,1.38844,1.38844,0,1.38857,1.38858,1.38857,1.38858,0
30649000,1.38845,1.38848,1.38845,1.38848,0,1.38858,1.38859,1.38858,1.38859,0
30652000,1.38846,1.38846,1.38846,1.38846,0,1.38857,1.38857,1.38857,1.38857,0
30654000,1.38847,1.38848,1.38847,1.38848,0,1.38860,1.38860,1.38859,1.38859,0
30655000,1.38847,1.38847,1.38847,1.38847,0,1.38860,1.38860,1.38860,1.38860,0
30656000,1.38846,1.38846,1.38843,1.38843,0,1.38858,1.38858,1.38855,1.38855,0
30658000,1.38843,1.38846,1.38843,1.38845,0,1.38857,1.38860,1.38857,1.38859,0
30659000,1.38844,1.38844,1.38844,1.38844,0,1.38856,1.38856,1.38856,1.38856,0
30661000,1.38844,1.38844,1.38844,1.38844,0,1.38857,1.38857,1.38857,1.38857,0
30662000,1.38845,1.38845,1.38842,1.38842,0,1.38856,1.38856,1.38854,1.38854,0
30663000,1.38844,1.38844,1.38844,1.38844,0,1.38856,1.38856,1.38855,1.38855,0
30668000,1.38841,1.38841,1.38841,1.38841,0,1.38852,1.38852,1.38852,1.38852,0
30678000,1.38841,1.38841,1.38841,1.38841,0,1.38853,1.38853,1.38853,1.38853,0
30681000,1.38839,1.38839,1.38839,1.38839,0,1.38853,1.38853,1.38853,1.38853,0
30686000,1.38842,1.38842,1.38842,1.38842,0,1.38855,1.38855,1.38855,1.38855,0
30688000,1.38844,1.38844,1.38844,1.38844,0,1.38855,1.38855,1.38855,1.38855,0
30689000,1.38843,1.38843,1.38843,1.38843,0,1.38856,1.38856,1.38856,1.38856,0
30697000,1.38845,1.38845,1.38845,1.38845,0,1.38856,1.38856,1.38856,1.38856,0
30698000,1.38844,1.38846,1.38844,1.38846,0,1.38857,1.38862,1.38857,1.38861,0
30699000,1.38849,1.38850,1.38848,1.38848,0,1.38862,1.38862,1.38862,1.38862,0
30700000,1.38849,1.38849,1.38849,1.38849,0,1.38861,1.38861,1.38861,1.38861,0
30701000,1.38850,1.38850,1.38850,1.38850,0,1.38860,1.38860,1.38860,1.38860,0
30705000,1.38848,1.38848,1.38848,1.38848,0,1.38862,1.38862,1.38862,1.38862,0
30706000,1.38849,1.38851,1.38849,1.38850,0,1.38861,1.38865,1.38861,1.38865,0
30707000,1.38852,1.38852,1.38852,1.38852,0,1.38865,1.38865,1.38865,1.38865,0
30709000,1.38850,1.38850,1.38850,1.38850,0,1.38864,1.38864,1.38864,1.38864,0
30710000,1.38849,1.38850,1.38849,1.38850,0,1.38864,1.38864,1.38862,1.38862,0
30715000,1.38849,1.38849,1.38849,1.38849,0,1.38863,1.38863,1.38863,1.38863,0
30716000,1.38850,1.38850,1.38850,1.38850,0,1.38862,1.38862,1.38862,1.38862,0
30719000,1.38851,1.38852,1.38851,1.38852,0,1.38864,1.38866,1.38864,1.38865,0
30721000,1.38850,1.38850,1.38850,1.38850,0,1.38862,1.38862,1.38862,1.38862,0
30722000,1.38850,1.38850,1.38850,1.38850,0,1.38863,1.38863,1.38863,1.38863,0
30724000,1.38852,1.38852,1.38852,1.38852,0,1.38863,1.38863,1.38863,1.38863,0
30725000,1.38851,1.38851,1.38851,1.38851,0,1.38864,1.38864,1.38864,1.38864,0
30730000,1.38852,1.38853,1.38852,1.38853,0,1.38863,1.38863,1.38863,1.38863,0
30731000,1.38853,1.38853,1.38853,1.38853,0,1.38864,1.38864,1.38864,1.38864,0
30733000,1.38854,1.38854,1.38853,1.38853,0,1.38864,1.38864,1.38864,1.38864,0
30734000,1.38851,1.38851,1.38851,1.38851,0,1.38865,1.38865,1.38865,1.38865,0
30735000,1.38853,1.38853,1.38853,1.38853,0,1.38863,1.38863,1.38863,1.38863,0
30737000,1.38852,1.38852,1.38852,1.38852,0,1.38864,1.38864,1.38864,1.38864,0
30741000,1.38854,1.38854,1.38853,1.38853,0,1.38867,1.38867,1.38865,1.38866,0
30746000,1.38853,1.38856,1.38853,1.38856,0,1.38865,1.38868,1.38865,1.38868,0
30772000,1.38857,1.38860,1.38857,1.38858,0,1.38870,1.38872,1.38870,1.38872,0
30773000,1.38859,1.38860,1.38859,1.38860,0,1.38871,1.38871,1.38870,1.38870,0
30774000,1.38858,1.38858,1.38858,1.38858,0,1.38872,1.38872,1.38872,1.38872,0
30776000,1.38860,1.38860,1.38860,1.38860,0,1.38870,1.38870,1.38870,1.38870,0
30777000,1.38858,1.38858,1.38858,1.38858,0,1.38872,1.38872,1.38872,1.38872,0
30779000,1.38860,1.38860,1.38860,1.38860,0,1.38870,1.38870,1.38870,1.38870,0
30780000,1.38858,1.38858,1.38858,1.38858,0,1.38872,1.38872,1.38872,1.38872,0
30781000,1.38860,1.38860,1.38860,1.38860,0,1.38870,1.38870,1.38870,1.38870,0
30793000,1.38857,1.38857,1.38857,1.38857,0,1.38871,1.38871,1.38871,1.38871,0
30802000,1.38857,1.38857,1.38854,1.38854,0,1.38870,1.38870,1.38866,1.38866,0
30818000,1.38854,1.38854,1.38854,1.38854,0,1.38865,1.38865,1.38865,1.38865,0
30821000,1.38854,1.38854,1.38854,1.38854,0,1.38866,1.38866,1.38866,1.38866,0
30858000,1.38855,1.38855,1.38855,1.38855,0,1.38869,1.38869,1.38869,1.38869,0
30859000,1.38856,1.38856,1.38856,1.38856,0,1.38868,1.38868,1.38868,1.38868,0
30870000,1.38857,1.38857,1.38857,1.38857,0,1.38868,1.38868,1.38868,1.38868,0
30873000,1.38857,1.38857,1.38857,1.38857,0,1.38869,1.38869,1.38869,1.38869,0
30875000,1.38857,1.38857,1.38857,1.38857,0,1.38868,1.38868,1.38868,1.38868,0
30907000,1.38858,1.38861,1.38858,1.38859,0,1.38870,1.38874,1.38870,1.38873,0
30911000,1.38860,1.38860,1.38860,1.38860,0,1.38872,1.38872,1.38872,1.38872,0
30916000,1.38859,1.38859,1.38859,1.38859,0,1.38873,1.38873,1.38873,1.38873,0
30920000,1.38859,1.38859,1.38859,1.38859,0,1.38872,1.38872,1.38872,1.38872,0
30927000,1.38861,1.38861,1.38861,1.38861,0,1.38872,1.38872,1.38872,1.38872,0
30937000,1.38859,1.38859,1.38859,1.38859,0,1.38872,1.38872,1.38872,1.38872,0
30938000,1.38860,1.38860,1.38860,1.38860,0,1.38871,1.38871,1.38871,1.38871,0
30939000,1.38859,1.38859,1.38859,1.38859,0,1.38872,1.38872,1.38872,1.38872,0
30964000,1.38860,1.38860,1.38860,1.38860,0,1.38872,1.38872,1.38872,1.38872,0
30971000,1.38859,1.38859,1.38859,1.38859,0,1.38872,1.38872,1.38872,1.38872,0
30986000,1.38856,1.38857,1.38856,1.38857,0,1.38869,1.38869,1.38869,1.38869,0
30987000,1.38858,1.38858,1.38858,1.38858,0,1.38871,1.38871,1.38871,1.38871,0
30991000,1.38858,1.38858,1.38858,1.38858,0,1.38870,1.38870,1.38870,1.38870,0
30993000,1.38860,1.38860,1.38858,1.38860,0,1.38870,1.38872,1.38870,1.38871,0
30996000,1.38860,1.38860,1.38860,1.38860,0,1.38873,1.38873,1.38873,1.38873,0
30997000,1.38859,1.38859,1.38859,1.38859,0,1.38873,1.38873,1.38873,1.38873,0
30998000,1.38860,1.38860,1.38859,1.38859,0,1.38873,1.38873,1.38872,1.38872,0
31003000,1.38860,1.38860,1.38859,1.38859,0,1.38872,1.38872,1.38872,1.38872,0
31004000,1.38860,1.38860,1.38860,1.38860,0,1.38872,1.38872,1.38872,1.38872,0
31013000,1.38860,1.38860,1.38860,1.38860,0,1.38870,1.38870,1.38870,1.38870,0
31014000,1.38859,1.38859,1.38859,1.38859,0,1.38871,1.38871,1.38871,1.38871,0
31015000,1.38859,1.38859,1.38859,1.38859,0,1.38870,1.38870,1.38870,1.38870,0
31020000,1.38858,1.38858,1.38858,1.38858,0,1.38870,1.38871,1.38870,1.38871,0
31031000,1.38857,1.38857,1.38857,1.38857,0,1.38869,1.38869,1.38869,1.38869,0
31032000,1.38856,1.38857,1.38856,1.38857,0,1.38870,1.38870,1.38870,1.38870,0
31053000,1.38857,1.38857,1.38857,1.38857,0,1.38869,1.38869,1.38869,1.38869,0
31054000,1.38857,1.38857,1.38857,1.38857,0,1.38870,1.38870,1.38870,1.38870,0
31056000,1.38858,1.38858,1.38858,1.38858,0,1.38869,1.38869,1.38869,1.38869,0
31060000,1.38858,1.38858,1.38858,1.38858,0,1.38871,1.38871,1.38871,1.38871,0
31066000,1.38856,1.38856,1.38856,1.38856,0,1.38868,1.38868,1.38868,1.38868,0
31082000,1.38857,1.38857,1.38856,1.38856,0,1.38867,1.38867,1.38867,1.38867,0
31083000,1.38855,1.38857,1.38855,1.38857,0,1.38868,1.38870,1.38868,1.38870,0
31084000,1.38858,1.38858,1.38858,1.38858,0,1.38869,1.38869,1.38869,1.38869,0
31101000,1.38856,1.38856,1.38856,1.38856,0,1.38869,1.38869,1.38869,1.38869,0
31102000,1.38856,1.38856,1.38856,1.38856,0,1.38868,1.38868,1.38868,1.38868,0
31110000,1.38854,1.38854,1.38852,1.38853,0,1.38867,1.38867,1.38865,1.38865,0
31118000,1.38854,1.38854,1.38854,1.38854,0,1.38864,1.38864,1.38864,1.38864,0
31119000,1.38853,1.38853,1.38853,1.38853,0,1.38864,1.38864,1.38864,1.38864,0
31122000,1.38852,1.38852,1.38852,1.38852,0,1.38866,1.38866,1.38866,1.38866,0
31123000,1.38854,1.38854,1.38854,1.38854,0,1.38866,1.38866,1.38866,1.38866,0
31136000,1.38852,1.38853,1.38852,1.38853,0,1.38865,1.38865,1.38865,1.38865,0
31140000,1.38854,1.38854,1.38853,1.38853,0,1.38864,1.38865,1.38864,1.38865,0
31150000,1.38854,1.38854,1.38854,1.38854,0,1.38868,1.38868,1.38868,1.38868,0
31154000,1.38855,1.38855,1.38855,1.38855,0,1.38867,1.38867,1.38867,1.38867,0
31155000,1.38856,1.38856,1.38856,1.38856,0,1.38866,1.38866,1.38866,1.38866,0
31156000,1.38855,1.38855,1.38855,1.38855,0,1.38867,1.38867,1.38867,1.38867,0
31158000,1.38855,1.38855,1.38855,1.38855,0,1.38865,1.38866,1.38865,1.38866,0
31160000,1.38852,1.38852,1.38852,1.38852,0,1.38866,1.38866,1.38866,1.38866,0
31161000,1.38852,1.38853,1.38852,1.38853,0,1.38865,1.38865,1.38864,1.38864,0
31172000,1.38855,1.38855,1.38855,1.38855,0,1.38865,1.38865,1.38865,1.38865,0
31177000,1.38854,1.38854,1.38854,1.38854,0,1.38866,1.38866,1.38866,1.38866,0
31178000,1.38854,1.38855,1.38853,1.38853,0,1.38867,1.38869,1.38865,1.38865,0
31180000,1.38854,1.38854,1.38854,1.38854,0,1.38865,1.38865,1.38865,1.38865,0
31189000,1.38852,1.38852,1.38852,1.38852,0,1.38864,1.38864,1.38864,1.38864,0
31191000,1.38853,1.38853,1.38853,1.38853,0,1.38864,1.38864,1.38864,1.38864,0
31192000,1.38852,1.38852,1.38852,1.38852,0,1.38864,1.38864,1.38864,1.38864,0
31194000,1.38853,1.38853,1.38853,1.38853,0,1.38864,1.38864,1.38864,1.38864,0
31197000,1.38851,1.38851,1.38851,1.38851,0,1.38864,1.38864,1.38863,1.38863,0
31198000,1.38853,1.38853,1.38853,1.38853,0,1.38863,1.38863,1.38863,1.38863,0
31200000,1.38852,1.38852,1.38852,1.38852,0,1.38864,1.38864,1.38864,1.38864,0
31221000,1.38851,1.38851,1.38851,1.38851,0,1.38864,1.38864,1.38864,1.38864,0
31223000,1.38852,1.38852,1.38852,1.38852,0,1.38863,1.38863,1.38863,1.38863,0
31224000,1.38851,1.38851,1.38851,1.38851,0,1.38864,1.38864,1.38864,1.38864,0
31226000,1.38852,1.38852,1.38852,1.38852,0,1.38863,1.38863,1.38863,1.38863,0
31232000,1.38851,1.38851,1.38851,1.38851,0,1.38864,1.38864,1.38864,1.38864,0
31233000,1.38852,1.38852,1.38852,1.38852,0,1.38863,1.38863,1.38863,1.38863,0
31234000,1.38851,1.38851,1.38851,1.38851,0,1.38863,1.38863,1.38863,1.38863,0
31243000,1.38852,1.38852,1.38852,1.38852,0,1.38863,1.38864,1.38863,1.38864,0
31248000,1.38852,1.38852,1.38852,1.38852,0,1.38863,1.38863,1.38863,1.38863,0
31259000,1.38851,1.38851,1.38851,1.38851,0,1.38864,1.38864,1.38864,1.38864,0
31260000,1.38852,1.38852,1.38852,1.38852,0,1.38863,1.38863,1.38863,1.38863,0
31265000,1.38851,1.38851,1.38851,1.38851,0,1.38864,1.38864,1.38864,1.38864,0
31272000,1.38850,1.38850,1.38850,1.38850,0,1.38862,1.38862,1.38862,1.38862,0
31274000,1.38850,1.38850,1.38850,1.38850,0,1.38861,1.38861,1.38861,1.38861,0
31275000,1.38848,1.38848,1.38848,1.38848,0,1.38862,1.38862,1.38861,1.38861,0
31276000,1.38849,1.38849,1.38849,1.38849,0,1.38860,1.38860,1.38860,1.38860,0
31281000,1.38849,1.38849,1.38849,1.38849,0,1.38859,1.38859,1.38859,1.38859,0
31282000,1.38848,1.38848,1.38847,1.38848,0,1.38860,1.38861,1.38860,1.38860,0
31283000,1.38847,1.38847,1.38847,1.38847,0,1.38861,1.38861,1.38861,1.38861,0
31284000,1.38849,1.38849,1.38849,1.38849,0,1.38860,1.38860,1.38860,1.38860,0
31287000,1.38848,1.38848,1.38848,1.38848,0,1.38858,1.38858,1.38858,1.38858,0
31290000,1.38847,1.38847,1.38847,1.38847,0,1.38860,1.38860,1.38860,1.38860,0
31294000,1.38848,1.38848,1.38848,1.38848,0,1.38859,1.38859,1.38859,1.38859,0
31296000,1.38847,1.38848,1.38847,1.38848,0,1.38860,1.38860,1.38859,1.38859,0
31297000,1.38847,1.38847,1.38847,1.38847,0,1.38860,1.38860,1.38859,1.38859,0
31302000,1.38847,1.38847,1.38847,1.38847,0,1.38858,1.38858,1.38858,1.38858,0
31326000,1.38849,1.38849,1.38849,1.38849,0,1.38860,1.38860,1.38860,1.38860,0
31337000,1.38850,1.38850,1.38850,1.38850,0,1.38860,1.38860,1.38860,1.38860,0
31355000,1.38849,1.38849,1.38849,1.38849,0,1.38860,1.38860,1.38860,1.38860,0
31377000,1.38849,1.38849,1.38849,1.38849,0,1.38862,1.38862,1.38862,1.38862,0
31379000,1.38849,1.38849,1.38848,1.38848,0,1.38860,1.38861,1.38860,1.38861,0
31381000,1.38849,1.38849,1.38849,1.38849,0,1.38860,1.38860,1.38860,1.38860,0
31382000,1.38850,1.38850,1.38850,1.38850,0,1.38859,1.38859,1.38859,1.38859,0
31383000,1.38849,1.38849,1.38849,1.38849,0,1.38860,1.38860,1.38860,1.38860,0
31397000,1.38851,1.38851,1.38850,1.38850,0,1.38860,1.38861,1.38860,1.38861,0
31401000,1.38850,1.38850,1.38849,1.38849,0,1.38859,1.38860,1.38859,1.38860,0
31403000,1.38850,1.38850,1.38850,1.38850,0,1.38859,1.38859,1.38859,1.38859,0
31404000,1.38849,1.38849,1.38848,1.38848,0,1.38860,1.38860,1.38860,1.38860,0
31405000,1.38849,1.38849,1.38849,1.38849,0,1.38860,1.38860,1.38860,1.38860,0
31406000,1.38850,1.38850,1.38850,1.38850,0,1.38859,1.38859,1.38859,1.38859,0
31409000,1.38849,1.38849,1.38849,1.38849,0,1.38860,1.38860,1.38860,1.38860,0
31410000,1.38848,1.38848,1.38848,1.38848,0,1.38862,1.38862,1.38862,1.38862,0
31418000,1.38849,1.38849,1.38849,1.38849,0,1.38862,1.38862,1.38862,1.38862,0
31421000,1.38849,1.38849,1.38846,1.38847,0,1.38861,1.38862,1.38860,1.38861,0
31422000,1.38848,1.38848,1.38847,1.38847,0,1.38858,1.38859,1.38858,1.38859,0
31430000,1.38846,1.38846,1.38844,1.38845,0,1.38859,1.38859,1.38856,1.38856,0
31431000,1.38845,1.38845,1.38845,1.38845,0,1.38855,1.38855,1.38855,1.38855,0
31434000,1.38844,1.38844,1.38844,1.38844,0,1.38858,1.38858,1.38858,1.38858,0
31436000,1.38846,1.38846,1.38846,1.38846,0,1.38856,1.38856,1.38856,1.38856,0
31438000,1.38844,1.38846,1.38844,1.38846,0,1.38857,1.38857,1.38857,1.38857,0
31449000,1.38845,1.38845,1.38845,1.38845,0,1.38857,1.38857,1.38857,1.38857,0
31450000,1.38844,1.38844,1.38844,1.38844,0,1.38857,1.38857,1.38857,1.38857,0
31453000,1.38846,1.38846,1.38846,1.38846,0,1.38857,1.38857,1.38857,1.38857,0
31483000,1.38845,1.38845,1.38845,1.38845,0,1.38857,1.38857,1.38857,1.38857,0
31500000,1.38843,1.38843,1.38843,1.38843,0,1.38855,1.38855,1.38855,1.38855,0
31532000,1.38843,1.38843,1.38843,1.38843,0,1.38856,1.38856,1.38856,1.38856,0
31542000,1.38844,1.38844,1.38844,1.38844,0,1.38855,1.38855,1.38855,1.38855,0
31555000,1.38844,1.38844,1.38844,1.38844,0,1.38856,1.38857,1.38856,1.38857,0
31556000,1.38845,1.38845,1.38845,1.38845,0,1.38857,1.38857,1.38857,1.38857,0
31570000,1.38843,1.38843,1.38843,1.38843,0,1.38857,1.38857,1.38857,1.38857,0
31572000,1.38844,1.38844,1.38844,1.38844,0,1.38856,1.38856,1.38856,1.38856,0
31586000,1.38844,1.38844,1.38844,1.38844,0,1.38855,1.38855,1.38855,1.38855,0
31624000,1.38845,1.38845,1.38845,1.38845,0,1.38858,1.38858,1.38858,1.38858,0
31631000,1.38845,1.38845,1.38845,1.38845,0,1.38856,1.38856,1.38856,1.38856,0
31632000,1.38844,1.38844,1.38844,1.38844,0,1.38857,1.38857,1.38857,1.38857,0
31635000,1.38845,1.38845,1.38844,1.38844,0,1.38856,1.38857,1.38856,1.38857,0
31642000,1.38846,1.38846,1.38846,1.38846,0,1.38860,1.38860,1.38858,1.38858,0
31643000,1.38849,1.38850,1.38849,1.38849,0,1.38861,1.38862,1.38861,1.38862,0
31644000,1.38850,1.38850,1.38850,1.38850,0,1.38862,1.38862,1.38862,1.38862,0
31652000,1.38850,1.38855,1.38850,1.38855,0,1.38863,1.38869,1.38863,1.38867,0
31660000,1.38857,1.38857,1.38857,1.38857,0,1.38869,1.38869,1.38869,1.38869,0
31665000,1.38856,1.38859,1.38856,1.38859,0,1.38870,1.38872,1.38870,1.38872,0
31666000,1.38860,1.38860,1.38860,1.38860,0,1.38871,1.38871,1.38871,1.38871,0
31667000,1.38859,1.38859,1.38859,1.38859,0,1.38872,1.38872,1.38872,1.38872,0
31668000,1.38857,1.38857,1.38857,1.38857,0,1.38869,1.38869,1.38869,1.38869,0
31670000,1.38856,1.38856,1.38856,1.38856,0,1.38870,1.38870,1.38870,1.38870,0
31671000,1.38857,1.38857,1.38857,1.38857,0,1.38870,1.38870,1.38870,1.38870,0
31676000,1.38857,1.38857,1.38857,1.38857,0,1.38868,1.38868,1.38868,1.38868,0
31678000,1.38856,1.38856,1.38856,1.38856,0,1.38869,1.38869,1.38869,1.38869,0
31691000,1.38856,1.38856,1.38856,1.38856,0,1.38868,1.38868,1.38868,1.38868,0
31696000,1.38857,1.38857,1.38857,1.38857,0,1.38868,1.38868,1.38868,1.38868,0
31697000,1.38856,1.38856,1.38856,1.38856,0,1.38868,1.38868,1.38868,1.38868,0
31702000,1.38857,1.38857,1.38857,1.38857,0,1.38868,1.38868,1.38868,1.38868,0
31713000,1.38855,1.38858,1.38855,1.38857,0,1.38868,1.38869,1.38868,1.38869,0
31737000,1.38855,1.38856,1.38855,1.38856,0,1.38867,1.38867,1.38866,1.38867,0
31738000,1.38855,1.38855,1.38855,1.38855,0,1.38867,1.38867,1.38867,1.38867,0
31749000,1.38856,1.38856,1.38856,1.38856,0,1.38867,1.38867,1.38867,1.38867,0
31757000,1.38854,1.38854,1.38851,1.38853,0,1.38867,1.38867,1.38863,1.38863,0
31761000,1.38852,1.38852,1.38852,1.38852,0,1.38864,1.38864,1.38864,1.38864,0
31771000,1.38850,1.38850,1.38850,1.38850,0,1.38862,1.38862,1.38862,1.38862,0
31776000,1.38850,1.38850,1.38846,1.38847,0,1.38863,1.38863,1.38860,1.38860,0
31777000,1.38847,1.38847,1.38845,1.38845,0,1.38859,1.38859,1.38858,1.38858,0
31783000,1.38847,1.38847,1.38847,1.38847,0,1.38858,1.38858,1.38858,1.38858,0
31788000,1.38846,1.38848,1.38846,1.38848,0,1.38859,1.38860,1.38858,1.38860,0
31799000,1.38848,1.38848,1.38848,1.38848,0,1.38859,1.38859,1.38859,1.38859,0
31806000,1.38847,1.38853,1.38847,1.38853,0,1.38860,1.38868,1.38860,1.38866,0
31807000,1.38853,1.38853,1.38853,1.38853,0,1.38865,1.38865,1.38865,1.38865,0
31813000,1.38853,1.38856,1.38853,1.38856,0,1.38866,1.38868,1.38866,1.38868,0
31834000,1.38855,1.38856,1.38855,1.38856,0,1.38868,1.38868,1.38868,1.38868,0
31835000,1.38855,1.38856,1.38855,1.38856,0,1.38868,1.38868,1.38867,1.38867,0
31842000,1.38853,1.38853,1.38853,1.38853,0,1.38867,1.38867,1.38866,1.38866,0
31843000,1.38854,1.38854,1.38851,1.38852,0,1.38866,1.38867,1.38865,1.38865,0
31854000,1.38850,1.38850,1.38847,1.38847,0,1.38862,1.38862,1.38859,1.38859,0
31861000,1.38847,1.38847,1.38847,1.38847,0,1.38858,1.38858,1.38858,1.38858,0
31868000,1.38846,1.38846,1.38846,1.38846,0,1.38858,1.38858,1.38858,1.38858,0
31871000,1.38845,1.38845,1.38845,1.38845,0,1.38859,1.38859,1.38859,1.38859,0
31873000,1.38847,1.38847,1.38847,1.38847,0,1.38859,1.38861,1.38859,1.38861,0
31874000,1.38849,1.38849,1.38849,1.38849,0,1.38860,1.38860,1.38860,1.38860,0
31875000,1.38848,1.38848,1.38848,1.38848,0,1.38861,1.38861,1.38861,1.38861,0
31880000,1.38850,1.38850,1.38850,1.38850,0,1.38861,1.38861,1.38861,1.38861,0
31915000,1.38848,1.38848,1.38848,1.38848,0,1.38860,1.38860,1.38860,1.38860,0
31920000,1.38849,1.38849,1.38849,1.38849,0,1.38860,1.38860,1.38860,1.38860,0
31922000,1.38848,1.38848,1.38848,1.38848,0,1.38860,1.38860,1.38860,1.38860,0
31923000,1.38847,1.38847,1.38847,1.38847,0,1.38858,1.38858,1.38858,1.38858,0
31936000,1.38846,1.38847,1.38846,1.38846,0,1.38859,1.38859,1.38858,1.38859,0
31962000,1.38846,1.38846,1.38846,1.38846,0,1.38860,1.38860,1.38860,1.38860,0
31966000,1.38846,1.38846,1.38846,1.38846,0,1.38859,1.38859,1.38859,1.38859,0
31967000,1.38847,1.38847,1.38846,1.38846,0,1.38859,1.38860,1.38859,1.38860,0
31974000,1.38847,1.38847,1.38847,1.38847,0,1.38859,1.38859,1.38859,1.38859,0
32003000,1.38847,1.38847,1.38847,1.38847,0,1.38858,1.38860,1.38858,1.38860,0
32015000,1.38846,1.38846,1.38846,1.38846,0,1.38860,1.38860,1.38860,1.38860,0
32021000,1.38847,1.38847,1.38847,1.38847,0,1.38860,1.38860,1.38859,1.38859,0
32033000,1.38847,1.38847,1.38847,1.38847,0,1.38860,1.38860,1.38860,1.38860,0
32044000,1.38851,1.38851,1.38850,1.38850,0,1.38862,1.38863,1.38862,1.38862,0
32045000,1.38850,1.38850,1.38850,1.38850,0,1.38863,1.38863,1.38863,1.38863,0
32046000,1.38851,1.38851,1.38851,1.38851,0,1.38862,1.38862,1.38862,1.38862,0
32050000,1.38851,1.38852,1.38851,1.38852,0,1.38864,1.38864,1.38864,1.38864,0
32063000,1.38851,1.38851,1.38851,1.38851,0,1.38864,1.38864,1.38864,1.38864,0
32083000,1.38853,1.38853,1.38852,1.38852,0,1.38865,1.38866,1.38865,1.38866,0
32085000,1.38852,1.38852,1.38849,1.38849,0,1.38865,1.38865,1.38861,1.38861,0
32086000,1.38850,1.38850,1.38850,1.38850,0,1.38861,1.38861,1.38861,1.38861,0
32105000,1.38849,1.38849,1.38849,1.38849,0,1.38861,1.38861,1.38861,1.38861,0
32118000,1.38850,1.38850,1.38850,1.38850,0,1.38861,1.38861,1.38861,1.38861,0
32148000,1.38848,1.38848,1.38848,1.38848,0,1.38860,1.38860,1.38860,1.38860,0
32182000,1.38849,1.38849,1.38849,1.38849,0,1.38860,1.38860,1.38860,1.38860,0
32200000,1.38847,1.38847,1.38847,1.38847,0,1.38860,1.38860,1.38860,1.38860,0
32206000,1.38847,1.38847,1.38847,1.38847,0,1.38859,1.38859,1.38859,1.38859,0
32260000,1.38849,1.38849,1.38848,1.38848,0,1.38859,1.38860,1.38859,1.38860,0
32262000,1.38848,1.38848,1.38848,1.38848,0,1.38862,1.38862,1.38862,1.38862,0
32273000,1.38851,1.38851,1.38849,1.38849,0,1.38862,1.38863,1.38862,1.38863,0
32274000,1.38850,1.38850,1.38850,1.38850,0,1.38862,1.38862,1.38862,1.38862,0
32294000,1.38849,1.38849,1.38849,1.38849,0,1.38862,1.38862,1.38862,1.38862,0
32299000,1.38850,1.38850,1.38850,1.38850,0,1.38861,1.38861,1.38861,1.38861,0
32301000,1.38850,1.38850,1.38850,1.38850,0,1.38862,1.38862,1.38862,1.38862,0
32307000,1.38850,1.38850,1.38850,1.38850,0,1.38864,1.38864,1.38864,1.38864,0
32311000,1.38852,1.38852,1.38851,1.38851,0,1.38864,1.38865,1.38864,1.38865,0
32344000,1.38852,1.38852,1.38852,1.38852,0,1.38865,1.38865,1.38865,1.38865,0
32357000,1.38851,1.38851,1.38851,1.38851,0,1.38862,1.38862,1.38862,1.38862,0
32364000,1.38851,1.38856,1.38851,1.38853,0,1.38863,1.38868,1.38863,1.38866,0
32365000,1.38853,1.38853,1.38853,1.38853,0,1.38865,1.38865,1.38865,1.38865,0
32370000,1.38853,1.38853,1.38853,1.38853,0,1.38866,1.38867,1.38865,1.38867,0
32371000,1.38855,1.38855,1.38855,1.38855,0,1.38866,1.38866,1.38866,1.38866,0
32373000,1.38855,1.38857,1.38855,1.38856,0,1.38867,1.38870,1.38867,1.38870,0
32374000,1.38857,1.38857,1.38857,1.38857,0,1.38870,1.38870,1.38868,1.38870,0
32376000,1.38857,1.38857,1.38857,1.38857,0,1.38869,1.38869,1.38869,1.38869,0
32377000,1.38857,1.38857,1.38857,1.38857,0,1.38870,1.38870,1.38870,1.38870,0
32379000,1.38857,1.38857,1.38857,1.38857,0,1.38869,1.38869,1.38869,1.38869,0
32382000,1.38856,1.38856,1.38856,1.38856,0,1.38869,1.38869,1.38869,1.38869,0
32384000,1.38854,1.38854,1.38853,1.38853,0,1.38866,1.38867,1.38866,1.38866,0
32385000,1.38854,1.38854,1.38854,1.38854,0,1.38866,1.38866,1.38866,1.38866,0
32392000,1.38854,1.38854,1.38854,1.38854,0,1.38865,1.38865,1.38865,1.38865,0
32396000,1.38853,1.38853,1.38853,1.38853,0,1.38867,1.38867,1.38867,1.38867,0
32397000,1.38854,1.38854,1.38854,1.38854,0,1.38866,1.38866,1.38866,1.38866,0
32401000,1.38853,1.38854,1.38853,1.38854,0,1.38866,1.38866,1.38866,1.38866,0
32408000,1.38852,1.38852,1.38852,1.38852,0,1.38866,1.38866,1.38866,1.38866,0
32409000,1.38850,1.38850,1.38850,1.38850,0,1.38863,1.38863,1.38863,1.38863,0
32414000,1.38853,1.38853,1.38851,1.38851,0,1.38866,1.38866,1.38864,1.38864,0
32415000,1.38853,1.38853,1.38853,1.38853,0,1.38866,1.38867,1.38866,1.38867,0
32418000,1.38854,1.38854,1.38854,1.38854,0,1.38867,1.38867,1.38867,1.38867,0
32425000,1.38856,1.38856,1.38856,1.38856,0,1.38868,1.38868,1.38868,1.38868,0
32426000,1.38857,1.38857,1.38856,1.38856,0,1.38870,1.38870,1.38867,1.38869,0
32437000,1.38856,1.38856,1.38856,1.38856,0,1.38868,1.38868,1.38868,1.38868,0
32438000,1.38857,1.38860,1.38855,1.38855,0,1.38870,1.38872,1.38868,1.38868,0
32441000,1.38854,1.38854,1.38854,1.38854,0,1.38866,1.38866,1.38866,1.38866,0
32445000,1.38852,1.38855,1.38852,1.38855,0,1.38865,1.38867,1.38865,1.38867,0
32449000,1.38856,1.38856,1.38854,1.38855,0,1.38867,1.38867,1.38866,1.38866,0
32450000,1.38852,1.38852,1.38852,1.38852,0,1.38865,1.38865,1.38865,1.38865,0
32457000,1.38852,1.38853,1.38852,1.38853,0,1.38866,1.38866,1.38866,1.38866,0
32466000,1.38854,1.38854,1.38852,1.38852,0,1.38865,1.38866,1.38865,1.38865,0
32470000,1.38852,1.38852,1.38851,1.38851,0,1.38863,1.38863,1.38863,1.38863,0
32474000,1.38850,1.38850,1.38850,1.38850,0,1.38860,1.38860,1.38860,1.38860,0
32480000,1.38849,1.38850,1.38849,1.38850,0,1.38862,1.38862,1.38861,1.38861,0
32482000,1.38850,1.38850,1.38850,1.38850,0,1.38863,1.38863,1.38863,1.38863,0
32483000,1.38851,1.38853,1.38850,1.38850,0,1.38862,1.38866,1.38862,1.38866,0
32484000,1.38853,1.38855,1.38853,1.38855,0,1.38868,1.38868,1.38867,1.38867,0
32500000,1.38857,1.38857,1.38856,1.38856,0,1.38869,1.38869,1.38869,1.38869,0
32504000,1.38857,1.38857,1.38857,1.38857,0,1.38869,1.38869,1.38869,1.38869,0
32516000,1.38857,1.38857,1.38857,1.38857,0,1.38870,1.38870,1.38870,1.38870,0
32518000,1.38857,1.38857,1.38857,1.38857,0,1.38869,1.38869,1.38869,1.38869,0
32522000,1.38855,1.38855,1.38854,1.38854,0,1.38868,1.38868,1.38866,1.38866,0
32525000,1.38854,1.38854,1.38854,1.38854,0,1.38868,1.38868,1.38868,1.38868,0
32527000,1.38855,1.38855,1.38855,1.38855,0,1.38867,1.38867,1.38867,1.38867,0
32533000,1.38857,1.38857,1.38857,1.38857,0,1.38869,1.38870,1.38869,1.38870,0
32542000,1.38860,1.38863,1.38859,1.38863,0,1.38872,1.38878,1.38872,1.38875,0
32544000,1.38862,1.38862,1.38862,1.38862,0,1.38875,1.38875,1.38875,1.38875,0
32557000,1.38863,1.38863,1.38863,1.38863,0,1.38875,1.38875,1.38875,1.38875,0
32558000,1.38863,1.38863,1.38863,1.38863,0,1.38876,1.38876,1.38876,1.38876,0
32559000,1.38864,1.38864,1.38863,1.38863,0,1.38875,1.38876,1.38875,1.38876,0
32568000,1.38864,1.38864,1.38864,1.38864,0,1.38875,1.38875,1.38875,1.38875,0
32569000,1.38863,1.38863,1.38863,1.38863,0,1.38876,1.38876,1.38876,1.38876,0
32570000,1.38863,1.38863,1.38863,1.38863,0,1.38875,1.38875,1.38875,1.38875,0
32574000,1.38864,1.38864,1.38864,1.38864,0,1.38877,1.38877,1.38877,1.38877,0
32576000,1.38862,1.38863,1.38862,1.38863,0,1.38875,1.38875,1.38875,1.38875,0
32577000,1.38864,1.38864,1.38863,1.38863,0,1.38875,1.38877,1.38875,1.38877,0
32580000,1.38864,1.38864,1.38864,1.38864,0,1.38877,1.38877,1.38876,1.38876,0
32582000,1.38865,1.38865,1.38865,1.38865,0,1.38875,1.38875,1.38875,1.38875,0
32587000,1.38863,1.38863,1.38862,1.38863,0,1.38877,1.38877,1.38875,1.38876,0
32597000,1.38865,1.38865,1.38862,1.38863,0,1.38876,1.38877,1.38875,1.38875,0
32598000,1.38861,1.38861,1.38861,1.38861,0,1.38873,1.38873,1.38873,1.38873,0
32602000,1.38861,1.38865,1.38861,1.38865,0,1.38872,1.38875,1.38872,1.38874,0
32607000,1.38865,1.38865,1.38865,1.38865,0,1.38876,1.38876,1.38876,1.38876,0
32610000,1.38864,1.38864,1.38863,1.38864,0,1.38877,1.38877,1.38877,1.38877,0
32611000,1.38862,1.38862,1.38862,1.38862,0,1.38875,1.38875,1.38875,1.38875,0
32613000,1.38860,1.38860,1.38860,1.38860,0,1.38874,1.38874,1.38873,1.38873,0
32615000,1.38858,1.38858,1.38858,1.38858,0,1.38874,1.38874,1.38874,1.38874,0
32616000,1.38859,1.38859,1.38859,1.38859,0,1.38873,1.38873,1.38873,1.38873,0
32620000,1.38862,1.38862,1.38862,1.38862,0,1.38874,1.38874,1.38874,1.38874,0
32629000,1.38861,1.38861,1.38861,1.38861,0,1.38872,1.38872,1.38872,1.38872,0
32633000,1.38859,1.38859,1.38855,1.38855,0,1.38871,1.38872,1.38869,1.38869,0
32634000,1.38857,1.38857,1.38857,1.38857,0,1.38869,1.38869,1.38869,1.38869,0
32635000,1.38857,1.38857,1.38857,1.38857,0,1.38870,1.38870,1.38869,1.38870,0
32636000,1.38857,1.38857,1.38852,1.38854,0,1.38869,1.38869,1.38866,1.38868,0
32642000,1.38852,1.38852,1.38852,1.38852,0,1.38865,1.38865,1.38865,1.38865,0
32643000,1.38849,1.38851,1.38848,1.38851,0,1.38864,1.38864,1.38862,1.38863,0
32647000,1.38851,1.38851,1.38851,1.38851,0,1.38864,1.38864,1.38864,1.38864,0
32651000,1.38852,1.38852,1.38852,1.38852,0,1.38864,1.38864,1.38864,1.38864,0
32660000,1.38854,1.38856,1.38854,1.38855,0,1.38865,1.38868,1.38865,1.38868,0
32662000,1.38856,1.38857,1.38856,1.38857,0,1.38868,1.38868,1.38868,1.38868,0
32668000,1.38857,1.38859,1.38857,1.38857,0,1.38869,1.38872,1.38869,1.38870,0
32669000,1.38855,1.38856,1.38855,1.38855,0,1.38868,1.38868,1.38868,1.38868,0
32670000,1.38856,1.38856,1.38856,1.38856,0,1.38868,1.38868,1.38868,1.38868,0
32676000,1.38854,1.38854,1.38854,1.38854,0,1.38867,1.38867,1.38867,1.38867,0
32684000,1.38855,1.38855,1.38854,1.38854,0,1.38866,1.38867,1.38866,1.38867,0
32685000,1.38854,1.38854,1.38854,1.38854,0,1.38866,1.38866,1.38866,1.38866,0
32692000,1.38854,1.38854,1.38854,1.38854,0,1.38867,1.38867,1.38867,1.38867,0
32717000,1.38853,1.38854,1.38853,1.38854,0,1.38867,1.38867,1.38866,1.38866,0
32733000,1.38854,1.38854,1.38854,1.38854,0,1.38868,1.38868,1.38868,1.38868,0
32734000,1.38855,1.38855,1.38855,1.38855,0,1.38867,1.38867,1.38867,1.38867,0
32769000,1.38853,1.38853,1.38853,1.38853,0,1.38867,1.38867,1.38867,1.38867,0
32778000,1.38855,1.38855,1.38855,1.38855,0,1.38867,1.38867,1.38867,1.38867,0
32789000,1.38852,1.38852,1.38852,1.38852,0,1.38867,1.38867,1.38867,1.38867,0
32792000,1.38854,1.38854,1.38854,1.38854,0,1.38865,1.38865,1.38865,1.38865,0
32796000,1.38852,1.38852,1.38852,1.38852,0,1.38866,1.38866,1.38865,1.38865,0
32797000,1.38852,1.38852,1.38852,1.38852,0,1.38863,1.38863,1.38863,1.38863,0
32814000,1.38851,1.38851,1.38851,1.38851,0,1.38863,1.38863,1.38863,1.38863,0
32821000,1.38851,1.38851,1.38851,1.38851,0,1.38862,1.38862,1.38862,1.38862,0
32868000,1.38848,1.38848,1.38848,1.38848,0,1.38862,1.38862,1.38861,1.38861,0
32869000,1.38846,1.38847,1.38846,1.38846,0,1.38860,1.38860,1.38859,1.38860,0
32871000,1.38848,1.38848,1.38846,1.38846,0,1.38860,1.38860,1.38860,1.38860,0
32872000,1.38848,1.38848,1.38848,1.38848,0,1.38860,1.38860,1.38860,1.38860,0
32920000,1.38849,1.38849,1.38849,1.38849,0,1.38860,1.38860,1.38860,1.38860,0
32925000,1.38849,1.38849,1.38849,1.38849,0,1.38862,1.38862,1.38862,1.38862,0
32930000,1.38852,1.38852,1.38852,1.38852,0,1.38865,1.38865,1.38865,1.38865,0
32931000,1.38853,1.38853,1.38853,1.38853,0,1.38865,1.38865,1.38865,1.38865,0
32936000,1.38854,1.38854,1.38854,1.38854,0,1.38868,1.38868,1.38868,1.38868,0
32939000,1.38855,1.38856,1.38855,1.38856,0,1.38867,1.38867,1.38867,1.38867,0
32941000,1.38854,1.38854,1.38854,1.38854,0,1.38867,1.38867,1.38867,1.38867,0
32943000,1.38853,1.38854,1.38852,1.38852,0,1.38867,1.38867,1.38864,1.38865,0
32944000,1.38853,1.38853,1.38853,1.38853,0,1.38865,1.38865,1.38865,1.38865,0
32954000,1.38854,1.38854,1.38854,1.38854,0,1.38865,1.38865,1.38865,1.38865,0
32965000,1.38853,1.38853,1.38853,1.38853,0,1.38865,1.38865,1.38865,1.38865,0
32966000,1.38852,1.38852,1.38852,1.38852,0,1.38865,1.38865,1.38865,1.38865,0
32969000,1.38853,1.38853,1.38853,1.38853,0,1.38865,1.38865,1.38865,1.38865,0
32978000,1.38854,1.38854,1.38854,1.38854,0,1.38865,1.38865,1.38865,1.38865,0
32981000,1.38852,1.38852,1.38852,1.38852,0,1.38863,1.38863,1.38863,1.38863,0
32982000,1.38850,1.38850,1.38849,1.38849,0,1.38864,1.38864,1.38862,1.38862,0
32983000,1.38850,1.38850,1.38850,1.38850,0,1.38861,1.38861,1.38861,1.38861,0
32990000,1.38850,1.38850,1.38849,1.38849,0,1.38863,1.38863,1.38861,1.38861,0
32992000,1.38848,1.38848,1.38848,1.38848,0,1.38861,1.38861,1.38861,1.38861,0
33009000,1.38850,1.38850,1.38850,1.38850,0,1.38861,1.38861,1.38861,1.38861,0
33024000,1.38848,1.38848,1.38848,1.38848,0,1.38860,1.38860,1.38860,1.38860,0
33025000,1.38847,1.38849,1.38847,1.38849,0,1.38861,1.38861,1.38860,1.38860,0
33034000,1.38851,1.38851,1.38851,1.38851,0,1.38861,1.38861,1.38861,1.38861,0
33081000,1.38850,1.38850,1.38850,1.38850,0,1.38862,1.38862,1.38862,1.38862,0
33136000,1.38849,1.38849,1.38849,1.38849,0,1.38862,1.38862,1.38862,1.38862,0
33141000,1.38849,1.38849,1.38849,1.38849,0,1.38860,1.38860,1.38860,1.38860,0
33167000,1.38848,1.38848,1.38846,1.38847,0,1.38860,1.38860,1.38859,1.38859,0
33168000,1.38846,1.38849,1.38846,1.38849,0,1.38860,1.38861,1.38860,1.38861,0
33202000,1.38849,1.38849,1.38845,1.38845,0,1.38859,1.38860,1.38858,1.38858,0
33206000,1.38845,1.38845,1.38844,1.38844,0,1.38856,1.38856,1.38856,1.38856,0
33207000,1.38847,1.38847,1.38847,1.38847,0,1.38857,1.38857,1.38857,1.38857,0
33216000,1.38846,1.38846,1.38846,1.38846,0,1.38858,1.38858,1.38858,1.38858,0
33226000,1.38845,1.38845,1.38845,1.38845,0,1.38858,1.38858,1.38858,1.38858,0
33229000,1.38843,1.38843,1.38843,1.38843,0,1.38855,1.38855,1.38855,1.38855,0
33241000,1.38843,1.38843,1.38843,1.38843,0,1.38856,1.38856,1.38856,1.38856,0
33247000,1.38844,1.38844,1.38844,1.38844,0,1.38855,1.38855,1.38855,1.38855,0
33259000,1.38842,1.38842,1.38842,1.38842,0,1.38854,1.38854,1.38854,1.38854,0
33261000,1.38843,1.38843,1.38843,1.38843,0,1.38854,1.38854,1.38854,1.38854,0
33262000,1.38842,1.38843,1.38841,1.38843,0,1.38854,1.38854,1.38853,1.38854,0
33265000,1.38841,1.38841,1.38841,1.38841,0,1.38855,1.38855,1.38855,1.38855,0
33266000,1.38842,1.38842,1.38842,1.38842,0,1.38854,1.38854,1.38854,1.38854,0
33292000,1.38841,1.38841,1.38841,1.38841,0,1.38854,1.38854,1.38854,1.38854,0
33300000,1.38843,1.38843,1.38843,1.38843,0,1.38854,1.38854,1.38854,1.38854,0
33302000,1.38842,1.38842,1.38842,1.38842,0,1.38855,1.38855,1.38855,1.38855,0
33311000,1.38843,1.38844,1.38843,1.38844,0,1.38855,1.38855,1.38854,1.38854,0
33312000,1.38842,1.38842,1.38842,1.38842,0,1.38854,1.38854,1.38854,1.38854,0
33316000,1.38843,1.38843,1.38843,1.38843,0,1.38854,1.38854,1.38854,1.38854,0
33323000,1.38844,1.38844,1.38844,1.38844,0,1.38856,1.38856,1.38855,1.38855,0
33330000,1.38842,1.38842,1.38842,1.38842,0,1.38854,1.38854,1.38854,1.38854,0
33383000,1.38844,1.38844,1.38844,1.38844,0,1.38856,1.38856,1.38856,1.38856,0
33386000,1.38844,1.38844,1.38844,1.38844,0,1.38857,1.38857,1.38857,1.38857,0
33405000,1.38843,1.38843,1.38843,1.38843,0,1.38854,1.38854,1.38854,1.38854,0
33416000,1.38844,1.38844,1.38844,1.38844,0,1.38856,1.38856,1.38856,1.38856,0
33417000,1.38846,1.38846,1.38846,1.38846,0,1.38857,1.38857,1.38857,1.38857,0
33422000,1.38846,1.38846,1.38846,1.38846,0,1.38859,1.38859,1.38859,1.38859,0
33433000,1.38846,1.38847,1.38846,1.38847,0,1.38858,1.38858,1.38857,1.38857,0
33434000,1.38846,1.38846,1.38846,1.38846,0,1.38859,1.38859,1.38859,1.38859,0
33448000,1.38844,1.38844,1.38843,1.38843,0,1.38857,1.38858,1.38857,1.38858,0
33449000,1.38841,1.38841,1.38841,1.38841,0,1.38855,1.38855,1.38855,1.38855,0
33452000,1.38843,1.38843,1.38843,1.38843,0,1.38856,1.38856,1.38856,1.38856,0
33454000,1.38846,1.38846,1.38845,1.38845,0,1.38858,1.38859,1.38858,1.38859,0
33455000,1.38846,1.38846,1.38846,1.38846,0,1.38859,1.38859,1.38858,1.38858,0
33459000,1.38847,1.38847,1.38847,1.38847,0,1.38858,1.38858,1.38858,1.38858,0
33463000,1.38846,1.38846,1.38846,1.38846,0,1.38858,1.38858,1.38858,1.38858,0
33468000,1.38845,1.38845,1.38845,1.38845,0,1.38859,1.38859,1.38859,1.38859,0
33472000,1.38846,1.38846,1.38845,1.38845,0,1.38858,1.38859,1.38858,1.38859,0
33477000,1.38846,1.38846,1.38846,1.38846,0,1.38858,1.38858,1.38858,1.38858,0
33482000,1.38846,1.38846,1.38846,1.38846,0,1.38859,1.38859,1.38859,1.38859,0
33489000,1.38846,1.38846,1.38846,1.38846,0,1.38858,1.38858,1.38858,1.38858,0
33490000,1.38846,1.38846,1.38846,1.38846,0,1.38859,1.38859,1.38859,1.38859,0
33494000,1.38845,1.38845,1.38845,1.38845,0,1.38859,1.38859,1.38859,1.38859,0
33495000,1.38846,1.38846,1.38846,1.38846,0,1.38858,1.38858,1.38858,1.38858,0
33501000,1.38845,1.38846,1.38845,1.38846,0,1.38859,1.38859,1.38857,1.38857,0
33502000,1.38845,1.38845,1.38845,1.38845,0,1.38858,1.38858,1.38858,1.38858,0
33503000,1.38846,1.38846,1.38846,1.38846,0,1.38857,1.38857,1.38857,1.38857,0
33507000,1.38845,1.38845,1.38845,1.38845,0,1.38857,1.38857,1.38857,1.38857,0
33527000,1.38844,1.38844,1.38844,1.38844,0,1.38857,1.38857,1.38857,1.38857,0
33528000,1.38843,1.38843,1.38843,1.38843,0,1.38858,1.38858,1.38858,1.38858,0
33529000,1.38845,1.38845,1.38845,1.38845,0,1.38858,1.38858,1.38858,1.38858,0
33530000,1.38843,1.38843,1.38843,1.38843,0,1.38858,1.38858,1.38858,1.38858,0
33533000,1.38845,1.38845,1.38845,1.38845,0,1.38858,1.38858,1.38858,1.38858,0
33542000,1.38843,1.38843,1.38843,1.38843,0,1.38859,1.38859,1.38859,1.38859,0
33543000,1.38845,1.38845,1.38845,1.38845,0,1.38857,1.38857,1.38857,1.38857,0
33544000,1.38844,1.38844,1.38844,1.38844,0,1.38858,1.38858,1.38858,1.38858,0
33553000,1.38845,1.38845,1.38844,1.38845,0,1.38858,1.38858,1.38858,1.38858,0
33574000,1.38846,1.38846,1.38846,1.38846,0,1.38858,1.38858,1.38858,1.38858,0
33584000,1.38846,1.38848,1.38845,1.38848,0,1.38859,1.38863,1.38859,1.38862,0
33585000,1.38849,1.38849,1.38849,1.38849,0,1.38862,1.38862,1.38862,1.38862,0
33589000,1.38847,1.38847,1.38847,1.38847,0,1.38859,1.38859,1.38859,1.38859,0
33590000,1.38848,1.38849,1.38848,1.38849,0,1.38861,1.38861,1.38861,1.38861,0
33591000,1.38847,1.38847,1.38847,1.38847,0,1.38861,1.38861,1.38861,1.38861,0
33604000,1.38848,1.38848,1.38848,1.38848,0,1.38860,1.38860,1.38860,1.38860,0
33607000,1.38847,1.38849,1.38847,1.38849,0,1.38861,1.38861,1.38861,1.38861,0
33627000,1.38845,1.38845,1.38845,1.38845,0,1.38859,1.38859,1.38858,1.38858,0
33631000,1.38845,1.38845,1.38845,1.38845,0,1.38856,1.38856,1.38856,1.38856,0
33649000,1.38842,1.38842,1.38833,1.38837,0,1.38855,1.38855,1.38848,1.38850,0
33653000,1.38839,1.38839,1.38839,1.38839,0,1.38851,1.38851,1.38851,1.38851,0
33689000,1.38837,1.38837,1.38837,1.38837,0,1.38850,1.38850,1.38850,1.38850,0
33709000,1.38836,1.38836,1.38835,1.38835,0,1.38850,1.38850,1.38849,1.38849,0
33710000,1.38835,1.38835,1.38834,1.38835,0,1.38848,1.38848,1.38848,1.38848,0
33711000,1.38837,1.38837,1.38837,1.38837,0,1.38850,1.38850,1.38850,1.38850,0
33715000,1.38837,1.38837,1.38837,1.38837,0,1.38849,1.38850,1.38849,1.38850,0
33716000,1.38836,1.38836,1.38833,1.38834,0,1.38848,1.38848,1.38846,1.38846,0
33720000,1.38833,1.38833,1.38833,1.38833,0,1.38844,1.38844,1.38844,1.38844,0
33721000,1.38832,1.38832,1.38832,1.38832,0,1.38845,1.38845,1.38844,1.38844,0
33724000,1.38831,1.38831,1.38831,1.38831,0,1.38845,1.38845,1.38844,1.38844,0
33725000,1.38832,1.38832,1.38832,1.38832,0,1.38843,1.38843,1.38843,1.38843,0
33736000,1.38830,1.38830,1.38830,1.38830,0,1.38843,1.38843,1.38843,1.38843,0
33741000,1.38832,1.38832,1.38832,1.38832,0,1.38842,1.38842,1.38842,1.38842,0
33747000,1.38831,1.38833,1.38831,1.38833,0,1.38844,1.38844,1.38844,1.38844,0
33751000,1.38832,1.38833,1.38832,1.38833,0,1.38844,1.38844,1.38844,1.38844,0
33752000,1.38832,1.38832,1.38832,1.38832,0,1.38845,1.38845,1.38845,1.38845,0
33754000,1.38833,1.38833,1.38832,1.38832,0,1.38845,1.38845,1.38845,1.38845,0
33766000,1.38832,1.38832,1.38832,1.38832,0,1.38842,1.38842,1.38842,1.38842,0
33768000,1.38831,1.38831,1.38831,1.38831,0,1.38843,1.38843,1.38843,1.38843,0
33771000,1.38832,1.38832,1.38832,1.38832,0,1.38842,1.38842,1.38842,1.38842,0
33774000,1.38831,1.38831,1.38831,1.38831,0,1.38843,1.38843,1.38843,1.38843,0
33799000,1.38831,1.38831,1.38831,1.38831,0,1.38841,1.38841,1.38841,1.38841,0
33827000,1.38829,1.38829,1.38829,1.38829,0,1.38839,1.38839,1.38839,1.38839,0
33828000,1.38829,1.38829,1.38829,1.38829,0,1.38841,1.38841,1.38841,1.38841,0
33829000,1.38830,1.38830,1.38830,1.38830,0,1.38840,1.38840,1.38840,1.38840,0
33831000,1.38829,1.38829,1.38826,1.38827,0,1.38840,1.38841,1.38838,1.38838,0
33832000,1.38828,1.38828,1.38828,1.38828,0,1.38840,1.38840,1.38840,1.38840,0
33840000,1.38827,1.38827,1.38827,1.38827,0,1.38841,1.38841,1.38841,1.38841,0
33841000,1.38828,1.38828,1.38828,1.38828,0,1.38841,1.38841,1.38841,1.38841,0
33863000,1.38828,1.38828,1.38828,1.38828,0,1.38839,1.38839,1.38839,1.38839,0
33864000,1.38826,1.38826,1.38821,1.38821,0,1.38837,1.38838,1.38835,1.38835,0
33865000,1.38822,1.38822,1.38821,1.38821,0,1.38834,1.38834,1.38834,1.38834,0
33867000,1.38819,1.38819,1.38819,1.38819,0,1.38833,1.38833,1.38833,1.38833,0
33868000,1.38820,1.38820,1.38819,1.38819,0,1.38833,1.38833,1.38831,1.38831,0
33875000,1.38819,1.38819,1.38819,1.38819,0,1.38832,1.38832,1.38832,1.38832,0
33886000,1.38820,1.38820,1.38820,1.38820,0,1.38832,1.38832,1.38832,1.38832,0
33888000,1.38819,1.38820,1.38819,1.38820,0,1.38833,1.38833,1.38832,1.38832,0
33890000,1.38821,1.38821,1.38821,1.38821,0,1.38831,1.38831,1.38831,1.38831,0
33891000,1.38820,1.38820,1.38820,1.38820,0,1.38832,1.38832,1.38832,1.38832,0
33893000,1.38820,1.38820,1.38820,1.38820,0,1.38831,1.38831,1.38831,1.38831,0
33901000,1.38819,1.38819,1.38819,1.38819,0,1.38832,1.38832,1.38832,1.38832,0
33912000,1.38817,1.38817,1.38816,1.38816,0,1.38831,1.38831,1.38829,1.38829,0
33913000,1.38816,1.38816,1.38811,1.38812,0,1.38828,1.38828,1.38824,1.38824,0
33914000,1.38813,1.38813,1.38813,1.38813,0,1.38826,1.38826,1.38825,1.38825,0
33915000,1.38813,1.38813,1.38812,1.38813,0,1.38823,1.38824,1.38823,1.38823,0
33916000,1.38812,1.38812,1.38812,1.38812,0,1.38823,1.38823,1.38823,1.38823,0
33917000,1.38811,1.38811,1.38811,1.38811,0,1.38823,1.38823,1.38823,1.38823,0
33918000,1.38811,1.38811,1.38811,1.38811,0,1.38822,1.38824,1.38822,1.38824,0
33919000,1.38810,1.38810,1.38808,1.38810,0,1.38824,1.38824,1.38821,1.38821,0
33920000,1.38806,1.38806,1.38806,1.38806,0,1.38820,1.38820,1.38820,1.38820,0
33921000,1.38807,1.38807,1.38806,1.38806,0,1.38819,1.38820,1.38819,1.38820,0
33922000,1.38808,1.38808,1.38808,1.38808,0,1.38820,1.38820,1.38820,1.38820,0
33923000,1.38807,1.38814,1.38807,1.38813,0,1.38821,1.38830,1.38821,1.38825,0
33924000,1.38812,1.38812,1.38812,1.38812,0,1.38826,1.38826,1.38826,1.38826,0
33926000,1.38812,1.38812,1.38812,1.38812,0,1.38825,1.38825,1.38825,1.38825,0
33934000,1.38810,1.38810,1.38810,1.38810,0,1.38822,1.38822,1.38822,1.38822,0
33935000,1.38810,1.38810,1.38810,1.38810,0,1.38824,1.38824,1.38824,1.38824,0
33936000,1.38811,1.38811,1.38811,1.38811,0,1.38823,1.38823,1.38823,1.38823,0
33941000,1.38810,1.38810,1.38810,1.38810,0,1.38823,1.38823,1.38823,1.38823,0
33947000,1.38812,1.38812,1.38812,1.38812,0,1.38824,1.38824,1.38824,1.38824,0
33960000,1.38813,1.38813,1.38813,1.38813,0,1.38824,1.38824,1.38824,1.38824,0
33971000,1.38813,1.38813,1.38813,1.38813,0,1.38825,1.38825,1.38825,1.38825,0
33990000,1.38813,1.38816,1.38813,1.38816,0,1.38824,1.38830,1.38824,1.38830,0
33991000,1.38819,1.38820,1.38819,1.38819,0,1.38831,1.38832,1.38831,1.38832,0
33992000,1.38822,1.38822,1.38822,1.38822,0,1.38833,1.38833,1.38833,1.38833,0
33993000,1.38821,1.38822,1.38821,1.38822,0,1.38835,1.38835,1.38834,1.38834,0
34024000,1.38821,1.38821,1.38821,1.38821,0,1.38834,1.38834,1.38834,1.38834,0
34030000,1.38818,1.38818,1.38818,1.38818,0,1.38831,1.38831,1.38831,1.38831,0
34032000,1.38819,1.38820,1.38818,1.38820,0,1.38831,1.38833,1.38831,1.38833,0
34033000,1.38821,1.38821,1.38821,1.38821,0,1.38832,1.38832,1.38832,1.38832,0
34045000,1.38821,1.38821,1.38821,1.38821,0,1.38833,1.38833,1.38833,1.38833,0
34057000,1.38822,1.38822,1.38822,1.38822,0,1.38833,1.38833,1.38833,1.38833,0
34072000,1.38821,1.38821,1.38821,1.38821,0,1.38833,1.38833,1.38833,1.38833,0
34082000,1.38818,1.38818,1.38818,1.38818,0,1.38831,1.38831,1.38831,1.38831,0
34110000,1.38817,1.38819,1.38817,1.38819,0,1.38832,1.38834,1.38832,1.38834,0
34111000,1.38820,1.38820,1.38820,1.38820,0,1.38832,1.38832,1.38832,1.38832,0
34153000,1.38820,1.38820,1.38819,1.38819,0,1.38831,1.38832,1.38831,1.38832,0
34155000,1.38821,1.38824,1.38821,1.38824,0,1.38835,1.38835,1.38835,1.38835,0
34163000,1.38824,1.38824,1.38822,1.38822,0,1.38836,1.38836,1.38834,1.38834,0
34172000,1.38820,1.38822,1.38820,1.38822,0,1.38834,1.38836,1.38834,1.38835,0
34173000,1.38824,1.38824,1.38824,1.38824,0,1.38833,1.38833,1.38833,1.38833,0
34179000,1.38824,1.38824,1.38824,1.38824,0,1.38836,1.38837,1.38836,1.38837,0
34190000,1.38826,1.38826,1.38826,1.38826,0,1.38837,1.38837,1.38837,1.38837,0
34210000,1.38826,1.38826,1.38826,1.38826,0,1.38839,1.38839,1.38839,1.38839,0
34211000,1.38826,1.38831,1.38826,1.38831,0,1.38838,1.38843,1.38838,1.38842,0
34212000,1.38831,1.38831,1.38831,1.38831,0,1.38844,1.38844,1.38844,1.38844,0
34215000,1.38831,1.38834,1.38831,1.38834,0,1.38845,1.38848,1.38845,1.38847,0
34216000,1.38835,1.38835,1.38835,1.38835,0,1.38845,1.38845,1.38845,1.38845,0
34218000,1.38834,1.38834,1.38826,1.38826,0,1.38845,1.38845,1.38839,1.38839,0
34221000,1.38827,1.38829,1.38827,1.38829,0,1.38841,1.38843,1.38841,1.38842,0
34223000,1.38828,1.38828,1.38828,1.38828,0,1.38842,1.38842,1.38842,1.38842,0
34224000,1.38830,1.38830,1.38830,1.38830,0,1.38842,1.38842,1.38842,1.38842,0
34227000,1.38828,1.38829,1.38827,1.38827,0,1.38842,1.38842,1.38839,1.38839,0
34228000,1.38827,1.38827,1.38827,1.38827,0,1.38842,1.38842,1.38842,1.38842,0
34229000,1.38829,1.38831,1.38829,1.38831,0,1.38843,1.38843,1.38842,1.38842,0
34230000,1.38830,1.38833,1.38830,1.38833,0,1.38843,1.38844,1.38843,1.38844,0
34233000,1.38832,1.38832,1.38829,1.38830,0,1.38844,1.38844,1.38842,1.38842,0
34235000,1.38830,1.38830,1.38827,1.38827,0,1.38844,1.38844,1.38841,1.38841,0
34236000,1.38828,1.38829,1.38828,1.38829,0,1.38841,1.38841,1.38841,1.38841,0
34239000,1.38830,1.38830,1.38830,1.38830,0,1.38841,1.38841,1.38841,1.38841,0
34254000,1.38831,1.38831,1.38831,1.38831,0,1.38843,1.38843,1.38843,1.38843,0
34260000,1.38829,1.38829,1.38829,1.38829,0,1.38841,1.38841,1.38841,1.38841,0
34272000,1.38830,1.38830,1.38829,1.38829,0,1.38841,1.38841,1.38841,1.38841,0
34273000,1.38827,1.38828,1.38826,1.38826,0,1.38841,1.38841,1.38837,1.38837,0
34274000,1.38825,1.38827,1.38825,1.38827,0,1.38839,1.38839,1.38839,1.38839,0
34277000,1.38827,1.38830,1.38827,1.38830,0,1.38840,1.38843,1.38840,1.38842,0
34281000,1.38830,1.38830,1.38828,1.38829,0,1.38843,1.38843,1.38841,1.38841,0
34283000,1.38829,1.38830,1.38829,1.38830,0,1.38842,1.38842,1.38842,1.38842,0
34300000,1.38830,1.38830,1.38829,1.38829,0,1.38841,1.38842,1.38841,1.38842,0
34301000,1.38830,1.38830,1.38830,1.38830,0,1.38842,1.38842,1.38842,1.38842,0
34304000,1.38829,1.38829,1.38824,1.38826,0,1.38842,1.38842,1.38838,1.38838,0
34305000,1.38827,1.38829,1.38827,1.38829,0,1.38840,1.38840,1.38839,1.38840,0
34313000,1.38830,1.38832,1.38830,1.38831,0,1.38844,1.38844,1.38843,1.38843,0
34316000,1.38832,1.38832,1.38831,1.38831,0,1.38843,1.38843,1.38842,1.38842,0
34322000,1.38831,1.38831,1.38831,1.38831,0,1.38843,1.38843,1.38843,1.38843,0
34325000,1.38834,1.38834,1.38834,1.38834,0,1.38846,1.38846,1.38846,1.38846,0
34349000,1.38833,1.38833,1.38833,1.38833,0,1.38844,1.38844,1.38844,1.38844,0
34362000,1.38831,1.38831,1.38831,1.38831,0,1.38844,1.38844,1.38844,1.38844,0
34368000,1.38832,1.38832,1.38832,1.38832,0,1.38843,1.38843,1.38843,1.38843,0
34369000,1.38831,1.38831,1.38831,1.38831,0,1.38844,1.38844,1.38844,1.38844,0
34388000,1.38831,1.38831,1.38830,1.38830,0,1.38842,1.38843,1.38842,1.38843,0
34398000,1.38830,1.38830,1.38829,1.38829,0,1.38842,1.38842,1.38842,1.38842,0
34401000,1.38831,1.38831,1.38831,1.38831,0,1.38842,1.38842,1.38842,1.38842,0
34403000,1.38829,1.38829,1.38829,1.38829,0,1.38843,1.38843,1.38843,1.38843,0
34404000,1.38831,1.38831,1.38831,1.38831,0,1.38842,1.38842,1.38842,1.38842,0
34406000,1.38829,1.38829,1.38829,1.38829,0,1.38843,1.38843,1.38843,1.38843,0
34407000,1.38831,1.38831,1.38831,1.38831,0,1.38842,1.38842,1.38842,1.38842,0
34408000,1.38831,1.38831,1.38831,1.38831,0,1.38843,1.38843,1.38843,1.38843,0
34432000,1.38833,1.38833,1.38833,1.38833,0,1.38846,1.38846,1.38846,1.38846,0
34433000,1.38836,1.38836,1.38836,1.38836,0,1.38847,1.38847,1.38847,1.38847,0
34434000,1.38835,1.38835,1.38833,1.38833,0,1.38847,1.38847,1.38847,1.38847,0
34435000,1.38833,1.38833,1.38833,1.38833,0,1.38846,1.38846,1.38846,1.38846,0
34436000,1.38833,1.38833,1.38833,1.38833,0,1.38845,1.38845,1.38845,1.38845,0
34441000,1.38833,1.38833,1.38833,1.38833,0,1.38846,1.38846,1.38845,1.38846,0
34442000,1.38833,1.38833,1.38833,1.38833,0,1.38844,1.38844,1.38844,1.38844,0
34448000,1.38831,1.38831,1.38831,1.38831,0,1.38845,1.38845,1.38845,1.38845,0
34451000,1.38832,1.38832,1.38832,1.38832,0,1.38844,1.38844,1.38844,1.38844,0
34461000,1.38831,1.38831,1.38831,1.38831,0,1.38845,1.38845,1.38845,1.38845,0
34463000,1.38832,1.38832,1.38832,1.38832,0,1.38844,1.38844,1.38844,1.38844,0
34472000,1.38829,1.38829,1.38824,1.38824,0,1.38843,1.38844,1.38841,1.38841,0
34473000,1.38824,1.38826,1.38824,1.38826,0,1.38839,1.38839,1.38837,1.38837,0
34474000,1.38825,1.38827,1.38825,1.38827,0,1.38839,1.38839,1.38839,1.38839,0
34484000,1.38829,1.38829,1.38829,1.38829,0,1.38841,1.38841,1.38841,1.38841,0
34491000,1.38828,1.38828,1.38828,1.38828,0,1.38842,1.38842,1.38842,1.38842,0
34493000,1.38829,1.38829,1.38829,1.38829,0,1.38841,1.38841,1.38841,1.38841,0
34498000,1.38830,1.38830,1.38830,1.38830,0,1.38843,1.38843,1.38843,1.38843,0
34500000,1.38831,1.38831,1.38831,1.38831,0,1.38842,1.38842,1.38842,1.38842,0
34501000,1.38829,1.38829,1.38829,1.38829,0,1.38842,1.38842,1.38842,1.38842,0
34502000,1.38830,1.38830,1.38830,1.38830,0,1.38842,1.38843,1.38842,1.38843,0
34510000,1.38830,1.38830,1.38830,1.38830,0,1.38842,1.38842,1.38842,1.38842,0
34530000,1.38830,1.38830,1.38830,1.38830,0,1.38843,1.38843,1.38843,1.38843,0
34548000,1.38830,1.38830,1.38830,1.38830,0,1.38842,1.38842,1.38842,1.38842,0
34565000,1.38830,1.38830,1.38830,1.38830,0,1.38843,1.38843,1.38843,1.38843,0
34566000,1.38830,1.38831,1.38829,1.38831,0,1.38842,1.38843,1.38841,1.38843,0
34586000,1.38828,1.38828,1.38828,1.38828,0,1.38841,1.38841,1.38841,1.38841,0
34587000,1.38826,1.38826,1.38826,1.38826,0,1.38838,1.38838,1.38838,1.38838,0
34589000,1.38826,1.38826,1.38826,1.38826,0,1.38839,1.38839,1.38839,1.38839,0
34597000,1.38826,1.38826,1.38822,1.38822,0,1.38838,1.38838,1.38835,1.38835,0
34606000,1.38823,1.38823,1.38820,1.38820,0,1.38834,1.38834,1.38833,1.38833,0
34614000,1.38821,1.38821,1.38821,1.38821,0,1.38832,1.38832,1.38832,1.38832,0
34615000,1.38820,1.38820,1.38820,1.38820,0,1.38833,1.38833,1.38833,1.38833,0
34630000,1.38821,1.38821,1.38821,1.38821,0,1.38832,1.38832,1.38832,1.38832,0
34662000,1.38821,1.38821,1.38821,1.38821,0,1.38833,1.38833,1.38833,1.38833,0
34669000,1.38821,1.38821,1.38821,1.38821,0,1.38832,1.38832,1.38832,1.38832,0
34673000,1.38818,1.38818,1.38814,1.38815,0,1.38830,1.38830,1.38827,1.38827,0
34675000,1.38815,1.38820,1.38815,1.38820,0,1.38829,1.38832,1.38829,1.38832,0
34681000,1.38820,1.38820,1.38820,1.38820,0,1.38831,1.38833,1.38831,1.38833,0
34688000,1.38818,1.38818,1.38818,1.38818,0,1.38831,1.38831,1.38831,1.38831,0
34697000,1.38820,1.38820,1.38820,1.38820,0,1.38832,1.38832,1.38832,1.38832,0
34710000,1.38819,1.38819,1.38819,1.38819,0,1.38832,1.38832,1.38832,1.38832,0
34711000,1.38819,1.38819,1.38818,1.38818,0,1.38831,1.38831,1.38831,1.38831,0
34712000,1.38818,1.38818,1.38818,1.38818,0,1.38829,1.38829,1.38829,1.38829,0
34716000,1.38817,1.38817,1.38817,1.38817,0,1.38830,1.38830,1.38828,1.38828,0
34718000,1.38815,1.38815,1.38815,1.38815,0,1.38828,1.38828,1.38828,1.38828,0
34720000,1.38815,1.38815,1.38814,1.38815,0,1.38827,1.38827,1.38827,1.38827,0
34743000,1.38814,1.38814,1.38814,1.38814,0,1.38827,1.38827,1.38827,1.38827,0
34744000,1.38815,1.38815,1.38815,1.38815,0,1.38826,1.38826,1.38826,1.38826,0
34746000,1.38815,1.38815,1.38815,1.38815,0,1.38828,1.38828,1.38828,1.38828,0
34747000,1.38812,1.38812,1.38809,1.38809,0,1.38826,1.38826,1.38822,1.38822,0
34748000,1.38810,1.38810,1.38810,1.38810,0,1.38821,1.38823,1.38821,1.38823,0
34749000,1.38810,1.38810,1.38810,1.38810,0,1.38821,1.38821,1.38821,1.38821,0
34752000,1.38809,1.38809,1.38809,1.38809,0,1.38822,1.38822,1.38822,1.38822,0
34755000,1.38812,1.38813,1.38812,1.38813,0,1.38824,1.38826,1.38824,1.38826,0
34756000,1.38813,1.38813,1.38813,1.38813,0,1.38825,1.38825,1.38825,1.38825,0
34766000,1.38813,1.38813,1.38813,1.38813,0,1.38826,1.38826,1.38826,1.38826,0
34767000,1.38814,1.38814,1.38814,1.38814,0,1.38825,1.38825,1.38825,1.38825,0
34770000,1.38812,1.38812,1.38812,1.38812,0,1.38825,1.38825,1.38825,1.38825,0
34773000,1.38814,1.38814,1.38814,1.38814,0,1.38825,1.38825,1.38825,1.38825,0
34774000,1.38812,1.38813,1.38812,1.38813,0,1.38825,1.38825,1.38823,1.38823,0
34786000,1.38813,1.38813,1.38813,1.38813,0,1.38825,1.38825,1.38825,1.38825,0
34801000,1.38813,1.38813,1.38812,1.38812,0,1.38822,1.38823,1.38822,1.38823,0
34810000,1.38813,1.38813,1.38813,1.38813,0,1.38823,1.38823,1.38823,1.38823,0
34815000,1.38811,1.38811,1.38811,1.38811,0,1.38821,1.38821,1.38821,1.38821,0
34825000,1.38813,1.38813,1.38812,1.38812,0,1.38823,1.38823,1.38823,1.38823,0
34833000,1.38811,1.38811,1.38811,1.38811,0,1.38824,1.38824,1.38824,1.38824,0
34859000,1.38812,1.38812,1.38812,1.38812,0,1.38824,1.38824,1.38824,1.38824,0
34878000,1.38812,1.38812,1.38812,1.38812,0,1.38825,1.38825,1.38824,1.38824,0
34879000,1.38813,1.38813,1.38813,1.38813,0,1.38824,1.38824,1.38824,1.38824,0
34890000,1.38812,1.38815,1.38812,1.38814,0,1.38824,1.38829,1.38824,1.38826,0
34891000,1.38813,1.38813,1.38813,1.38813,0,1.38824,1.38824,1.38824,1.38824,0
34910000,1.38812,1.38812,1.38812,1.38812,0,1.38824,1.38824,1.38824,1.38824,0
34912000,1.38811,1.38811,1.38811,1.38811,0,1.38825,1.38825,1.38823,1.38823,0
34921000,1.38813,1.38813,1.38813,1.38813,0,1.38824,1.38824,1.38824,1.38824,0
34925000,1.38812,1.38813,1.38812,1.38813,0,1.38825,1.38825,1.38824,1.38824,0
34937000,1.38812,1.38814,1.38812,1.38814,0,1.38825,1.38825,1.38825,1.38825,0
34939000,1.38814,1.38814,1.38814,1.38814,0,1.38826,1.38826,1.38826,1.38826,0
34949000,1.38813,1.38813,1.38813,1.38813,0,1.38824,1.38824,1.38824,1.38824,0
34952000,1.38813,1.38813,1.38813,1.38813,0,1.38825,1.38825,1.38825,1.38825,0
34955000,1.38813,1.38813,1.38812,1.38812,0,1.38824,1.38824,1.38824,1.38824,0
34975000,1.38813,1.38813,1.38813,1.38813,0,1.38824,1.38824,1.38824,1.38824,0
34979000,1.38811,1.38811,1.38811,1.38811,0,1.38823,1.38823,1.38823,1.38823,0
34985000,1.38812,1.38812,1.38810,1.38810,0,1.38823,1.38823,1.38821,1.38822,0
34986000,1.38810,1.38813,1.38809,1.38813,0,1.38821,1.38822,1.38821,1.38822,0
34987000,1.38811,1.38811,1.38811,1.38811,0,1.38824,1.38824,1.38824,1.38824,0
34995000,1.38812,1.38813,1.38812,1.38813,0,1.38823,1.38823,1.38822,1.38822,0
34997000,1.38812,1.38812,1.38812,1.38812,0,1.38823,1.38823,1.38823,1.38823,0
35000000,1.38812,1.38812,1.38812,1.38812,0,1.38822,1.38822,1.38822,1.38822,0
35003000,1.38812,1.38812,1.38812,1.38812,0,1.38823,1.38823,1.38823,1.38823,0
35029000,1.38813,1.38813,1.38811,1.38812,0,1.38826,1.38826,1.38823,1.38823,0
35030000,1.38813,1.38813,1.38813,1.38813,0,1.38823,1.38823,1.38823,1.38823,0
35034000,1.38812,1.38812,1.38812,1.38812,0,1.38823,1.38823,1.38823,1.38823,0
35066000,1.38810,1.38811,1.38810,1.38811,0,1.38825,1.38825,1.38821,1.38821,0
35067000,1.38810,1.38810,1.38810,1.38810,0,1.38821,1.38821,1.38821,1.38821,0
35068000,1.38810,1.38810,1.38810,1.38810,0,1.38822,1.38824,1.38822,1.38824,0
35072000,1.38807,1.38807,1.38806,1.38806,0,1.38822,1.38822,1.38820,1.38820,0
35073000,1.38805,1.38806,1.38805,1.38806,0,1.38818,1.38818,1.38818,1.38818,0
35075000,1.38806,1.38807,1.38806,1.38807,0,1.38819,1.38819,1.38818,1.38818,0
35076000,1.38806,1.38806,1.38806,1.38806,0,1.38819,1.38819,1.38819,1.38819,0
35077000,1.38807,1.38807,1.38805,1.38807,0,1.38821,1.38821,1.38819,1.38819,0
35078000,1.38808,1.38808,1.38808,1.38808,0,1.38818,1.38818,1.38818,1.38818,0
35080000,1.38807,1.38807,1.38800,1.38801,0,1.38818,1.38819,1.38817,1.38817,0
35081000,1.38801,1.38802,1.38800,1.38802,0,1.38813,1.38814,1.38812,1.38814,0
35083000,1.38801,1.38801,1.38800,1.38800,0,1.38814,1.38815,1.38814,1.38815,0
35084000,1.38801,1.38801,1.38801,1.38801,0,1.38815,1.38815,1.38814,1.38814,0
35085000,1.38802,1.38802,1.38801,1.38801,0,1.38813,1.38815,1.38813,1.38815,0
35086000,1.38801,1.38801,1.38800,1.38800,0,1.38812,1.38813,1.38812,1.38813,0
35087000,1.38802,1.38802,1.38800,1.38800,0,1.38813,1.38815,1.38813,1.38815,0
35088000,1.38800,1.38802,1.38800,1.38801,0,1.38814,1.38814,1.38814,1.38814,0
35089000,1.38802,1.38802,1.38800,1.38800,0,1.38813,1.38813,1.38813,1.38813,0
35090000,1.38800,1.38800,1.38800,1.38800,0,1.38812,1.38812,1.38812,1.38812,0
35091000,1.38799,1.38800,1.38799,1.38800,0,1.38813,1.38813,1.38812,1.38812,0
35093000,1.38797,1.38798,1.38796,1.38796,0,1.38810,1.38810,1.38809,1.38809,0
35094000,1.38797,1.38797,1.38796,1.38796,0,1.38808,1.38809,1.38808,1.38808,0
35096000,1.38799,1.38799,1.38799,1.38799,0,1.38810,1.38810,1.38810,1.38810,0
35097000,1.38798,1.38799,1.38798,1.38799,0,1.38811,1.38811,1.38810,1.38810,0
35099000,1.38798,1.38801,1.38797,1.38798,0,1.38811,1.38815,1.38811,1.38812,0
35100000,1.38798,1.38798,1.38796,1.38796,0,1.38811,1.38812,1.38810,1.38810,0
35106000,1.38797,1.38797,1.38797,1.38797,0,1.38809,1.38809,1.38809,1.38809,0
35107000,1.38796,1.38796,1.38796,1.38796,0,1.38810,1.38810,1.38810,1.38810,0
35112000,1.38797,1.38797,1.38797,1.38797,0,1.38809,1.38809,1.38809,1.38809,0
35113000,1.38797,1.38797,1.38797,1.38797,0,1.38811,1.38811,1.38811,1.38811,0
35114000,1.38797,1.38797,1.38797,1.38797,0,1.38810,1.38810,1.38810,1.38810,0
35115000,1.38798,1.38799,1.38798,1.38799,0,1.38810,1.38810,1.38810,1.38810,0
35116000,1.38799,1.38800,1.38798,1.38800,0,1.38811,1.38814,1.38811,1.38814,0
35117000,1.38801,1.38801,1.38801,1.38801,0,1.38813,1.38813,1.38813,1.38813,0
35120000,1.38799,1.38799,1.38797,1.38797,0,1.38813,1.38813,1.38810,1.38810,0
35121000,1.38798,1.38798,1.38798,1.38798,0,1.38809,1.38809,1.38809,1.38809,0
35133000,1.38798,1.38798,1.38798,1.38798,0,1.38811,1.38811,1.38811,1.38811,0
35135000,1.38799,1.38799,1.38799,1.38799,0,1.38811,1.38811,1.38811,1.38811,0
35145000,1.38799,1.38799,1.38799,1.38799,0,1.38812,1.38812,1.38812,1.38812,0
35146000,1.38799,1.38799,1.38799,1.38799,0,1.38811,1.38811,1.38811,1.38811,0
35149000,1.38799,1.38799,1.38799,1.38799,0,1.38812,1.38812,1.38812,1.38812,0
35151000,1.38800,1.38800,1.38800,1.38800,0,1.38811,1.38811,1.38811,1.38811,0
35155000,1.38800,1.38800,1.38800,1.38800,0,1.38813,1.38813,1.38813,1.38813,0
35157000,1.38800,1.38800,1.38800,1.38800,0,1.38811,1.38811,1.38811,1.38811,0
35158000,1.38800,1.38800,1.38800,1.38800,0,1.38812,1.38812,1.38812,1.38812,0
35170000,1.38800,1.38800,1.38800,1.38800,0,1.38813,1.38813,1.38813,1.38813,0
35171000,1.38802,1.38802,1.38802,1.38802,0,1.38812,1.38813,1.38812,1.38813,0
35174000,1.38801,1.38802,1.38800,1.38802,0,1.38815,1.38816,1.38815,1.38815,0
35175000,1.38805,1.38805,1.38805,1.38805,0,1.38816,1.38816,1.38816,1.38816,0
35183000,1.38804,1.38804,1.38803,1.38803,0,1.38814,1.38817,1.38814,1.38817,0
35186000,1.38804,1.38804,1.38802,1.38802,0,1.38816,1.38817,1.38815,1.38815,0
35192000,1.38802,1.38802,1.38800,1.38800,0,1.38814,1.38814,1.38812,1.38813,0
35212000,1.38798,1.38798,1.38798,1.38798,0,1.38811,1.38811,1.38811,1.38811,0
35221000,1.38799,1.38799,1.38799,1.38799,0,1.38811,1.38811,1.38811,1.38811,0
35229000,1.38799,1.38799,1.38799,1.38799,0,1.38812,1.38812,1.38812,1.38812,0
35234000,1.38799,1.38799,1.38799,1.38799,0,1.38811,1.38811,1.38811,1.38811,0
35251000,1.38799,1.38799,1.38799,1.38799,0,1.38810,1.38810,1.38810,1.38810,0
35257000,1.38799,1.38799,1.38799,1.38799,0,1.38811,1.38811,1.38811,1.38811,0
35259000,1.38799,1.38799,1.38799,1.38799,0,1.38810,1.38810,1.38810,1.38810,0
35260000,1.38798,1.38798,1.38798,1.38798,0,1.38810,1.38810,1.38810,1.38810,0
35261000,1.38795,1.38795,1.38795,1.38795,0,1.38811,1.38811,1.38811,1.38811,0
35262000,1.38796,1.38796,1.38796,1.38796,0,1.38807,1.38807,1.38807,1.38807,0
35264000,1.38795,1.38796,1.38795,1.38796,0,1.38807,1.38807,1.38806,1.38806,0
35265000,1.38795,1.38796,1.38795,1.38796,0,1.38807,1.38808,1.38807,1.38807,0
35266000,1.38797,1.38797,1.38796,1.38796,0,1.38806,1.38807,1.38806,1.38807,0
35269000,1.38795,1.38795,1.38787,1.38789,0,1.38807,1.38807,1.38802,1.38803,0
35270000,1.38787,1.38789,1.38787,1.38789,0,1.38801,1.38802,1.38801,1.38802,0
35271000,1.38788,1.38789,1.38788,1.38789,0,1.38803,1.38803,1.38801,1.38801,0
35286000,1.38788,1.38788,1.38788,1.38788,0,1.38801,1.38801,1.38801,1.38801,0
35289000,1.38790,1.38790,1.38790,1.38790,0,1.38801,1.38801,1.38801,1.38801,0
35290000,1.38789,1.38789,1.38789,1.38789,0,1.38802,1.38802,1.38802,1.38802,0
35293000,1.38788,1.38788,1.38788,1.38788,0,1.38802,1.38802,1.38802,1.38802,0
35294000,1.38787,1.38787,1.38787,1.38787,0,1.38800,1.38800,1.38800,1.38800,0
35296000,1.38788,1.38788,1.38788,1.38788,0,1.38800,1.38800,1.38800,1.38800,0
35299000,1.38788,1.38788,1.38788,1.38788,0,1.38801,1.38801,1.38801,1.38801,0
35301000,1.38789,1.38789,1.38789,1.38789,0,1.38800,1.38800,1.38800,1.38800,0
35317000,1.38792,1.38792,1.38792,1.38792,0,1.38803,1.38803,1.38803,1.38803,0
35327000,1.38790,1.38790,1.38790,1.38790,0,1.38805,1.38805,1.38805,1.38805,0
35328000,1.38789,1.38789,1.38789,1.38789,0,1.38803,1.38803,1.38802,1.38802,0
35333000,1.38788,1.38788,1.38788,1.38788,0,1.38802,1.38802,1.38802,1.38802,0
35334000,1.38790,1.38790,1.38790,1.38790,0,1.38802,1.38802,1.38802,1.38802,0
35336000,1.38789,1.38789,1.38789,1.38789,0,1.38804,1.38804,1.38804,1.38804,0
35337000,1.38789,1.38789,1.38786,1.38786,0,1.38802,1.38802,1.38799,1.38800,0
35338000,1.38787,1.38787,1.38787,1.38787,0,1.38799,1.38799,1.38799,1.38799,0
35341000,1.38786,1.38786,1.38786,1.38786,0,1.38800,1.38800,1.38800,1.38800,0
35342000,1.38789,1.38789,1.38789,1.38789,0,1.38799,1.38799,1.38799,1.38799,0
35343000,1.38787,1.38787,1.38787,1.38787,0,1.38801,1.38801,1.38801,1.38801,0
35344000,1.38788,1.38788,1.38788,1.38788,0,1.38800,1.38800,1.38800,1.38800,0
35352000,1.38785,1.38785,1.38778,1.38779,0,1.38799,1.38799,1.38792,1.38792,0
35354000,1.38776,1.38776,1.38773,1.38773,0,1.38791,1.38791,1.38788,1.38788,0
35355000,1.38772,1.38772,1.38770,1.38770,0,1.38786,1.38786,1.38785,1.38785,0
35356000,1.38771,1.38773,1.38771,1.38772,0,1.38784,1.38786,1.38784,1.38786,0
35357000,1.38773,1.38773,1.38773,1.38773,0,1.38785,1.38785,1.38785,1.38785,0
35358000,1.38775,1.38775,1.38774,1.38774,0,1.38786,1.38787,1.38786,1.38787,0
35361000,1.38771,1.38771,1.38768,1.38768,0,1.38784,1.38786,1.38783,1.38783,0
35362000,1.38765,1.38774,1.38765,1.38774,0,1.38780,1.38785,1.38780,1.38785,0
35363000,1.38775,1.38781,1.38774,1.38781,0,1.38785,1.38794,1.38785,1.38793,0
35364000,1.38783,1.38783,1.38782,1.38782,0,1.38794,1.38796,1.38794,1.38796,0
35365000,1.38784,1.38784,1.38782,1.38782,0,1.38793,1.38793,1.38793,1.38793,0
35373000,1.38780,1.38780,1.38780,1.38780,0,1.38791,1.38791,1.38791,1.38791,0
35374000,1.38777,1.38777,1.38772,1.38776,0,1.38791,1.38791,1.38785,1.38788,0
35375000,1.38777,1.38777,1.38776,1.38776,0,1.38790,1.38790,1.38788,1.38788,0
35376000,1.38776,1.38776,1.38776,1.38776,0,1.38789,1.38789,1.38788,1.38788,0
35379000,1.38777,1.38779,1.38777,1.38778,0,1.38790,1.38790,1.38790,1.38790,0
35382000,1.38779,1.38779,1.38779,1.38779,0,1.38789,1.38789,1.38789,1.38789,0
35385000,1.38778,1.38778,1.38778,1.38778,0,1.38790,1.38790,1.38790,1.38790,0
35402000,1.38779,1.38779,1.38778,1.38778,0,1.38792,1.38792,1.38792,1.38792,0
35405000,1.38780,1.38780,1.38780,1.38780,0,1.38790,1.38790,1.38790,1.38790,0
35407000,1.38780,1.38780,1.38780,1.38780,0,1.38791,1.38791,1.38791,1.38791,0
35410000,1.38780,1.38780,1.38780,1.38780,0,1.38790,1.38790,1.38790,1.38790,0
35427000,1.38780,1.38781,1.38780,1.38781,0,1.38791,1.38792,1.38791,1.38792,0
35431000,1.38780,1.38780,1.38780,1.38780,0,1.38792,1.38792,1.38791,1.38791,0
35432000,1.38779,1.38779,1.38779,1.38779,0,1.38792,1.38792,1.38792,1.38792,0
35434000,1.38779,1.38779,1.38779,1.38779,0,1.38791,1.38791,1.38791,1.38791,0
35448000,1.38779,1.38779,1.38779,1.38779,0,1.38792,1.38792,1.38792,1.38792,0
35450000,1.38778,1.38778,1.38778,1.38778,0,1.38790,1.38790,1.38790,1.38790,0
35464000,1.38780,1.38780,1.38780,1.38780,0,1.38793,1.38793,1.38793,1.38793,0
35474000,1.38782,1.38782,1.38782,1.38782,0,1.38793,1.38793,1.38793,1.38793,0
35513000,1.38783,1.38783,1.38783,1.38783,0,1.38792,1.38792,1.38792,1.38792,0
35514000,1.38782,1.38782,1.38782,1.38782,0,1.38794,1.38795,1.38794,1.38795,0
35515000,1.38784,1.38784,1.38784,1.38784,0,1.38794,1.38794,1.38794,1.38794,0
35519000,1.38783,1.38783,1.38783,1.38783,0,1.38795,1.38795,1.38795,1.38795,0
35521000,1.38784,1.38784,1.38784,1.38784,0,1.38795,1.38795,1.38795,1.38795,0
35525000,1.38784,1.38785,1.38784,1.38785,0,1.38797,1.38797,1.38797,1.38797,0
35531000,1.38786,1.38786,1.38786,1.38786,0,1.38797,1.38797,1.38797,1.38797,0
35533000,1.38786,1.38793,1.38786,1.38793,0,1.38798,1.38808,1.38798,1.38807,0
35534000,1.38794,1.38796,1.38794,1.38796,0,1.38806,1.38807,1.38806,1.38807,0
35538000,1.38796,1.38796,1.38796,1.38796,0,1.38808,1.38808,1.38808,1.38808,0
35547000,1.38799,1.38799,1.38799,1.38799,0,1.38810,1.38810,1.38810,1.38810,0
35551000,1.38799,1.38799,1.38796,1.38796,0,1.38811,1.38811,1.38809,1.38809,0
35552000,1.38798,1.38798,1.38798,1.38798,0,1.38810,1.38810,1.38810,1.38810,0
35567000,1.38797,1.38798,1.38797,1.38798,0,1.38810,1.38810,1.38810,1.38810,0
35578000,1.38800,1.38800,1.38800,1.38800,0,1.38809,1.38809,1.38809,1.38809,0
35580000,1.38800,1.38800,1.38800,1.38800,0,1.38812,1.38812,1.38812,1.38812,0
35585000,1.38800,1.38801,1.38800,1.38801,0,1.38813,1.38813,1.38813,1.38813,0
35595000,1.38799,1.38800,1.38799,1.38800,0,1.38813,1.38813,1.38812,1.38812,0
35611000,1.38802,1.38802,1.38802,1.38802,0,1.38814,1.38816,1.38814,1.38816,0
35616000,1.38801,1.38801,1.38801,1.38801,0,1.38813,1.38813,1.38813,1.38813,0
35628000,1.38800,1.38800,1.38800,1.38800,0,1.38811,1.38811,1.38811,1.38811,0
35632000,1.38801,1.38801,1.38801,1.38801,0,1.38810,1.38810,1.38810,1.38810,0
35633000,1.38800,1.38800,1.38800,1.38800,0,1.38811,1.38811,1.38811,1.38811,0
35649000,1.38799,1.38799,1.38796,1.38796,0,1.38809,1.38810,1.38809,1.38810,0
35655000,1.38794,1.38794,1.38794,1.38794,0,1.38807,1.38807,1.38807,1.38807,0
35660000,1.38796,1.38797,1.38796,1.38797,0,1.38809,1.38809,1.38808,1.38808,0
35662000,1.38799,1.38799,1.38798,1.38798,0,1.38810,1.38811,1.38810,1.38811,0
35663000,1.38800,1.38800,1.38800,1.38800,0,1.38813,1.38813,1.38813,1.38813,0
35665000,1.38800,1.38800,1.38800,1.38800,0,1.38811,1.38811,1.38811,1.38811,0
35668000,1.38800,1.38800,1.38800,1.38800,0,1.38813,1.38813,1.38813,1.38813,0
35672000,1.38800,1.38805,1.38800,1.38802,0,1.38817,1.38821,1.38816,1.38816,0
35676000,1.38801,1.38803,1.38799,1.38803,0,1.38814,1.38818,1.38812,1.38818,0
35677000,1.38803,1.38803,1.38803,1.38803,0,1.38816,1.38816,1.38816,1.38816,0
35678000,1.38803,1.38803,1.38803,1.38803,0,1.38815,1.38815,1.38815,1.38815,0
35681000,1.38803,1.38803,1.38803,1.38803,0,1.38817,1.38817,1.38817,1.38817,0
35682000,1.38804,1.38804,1.38804,1.38804,0,1.38816,1.38816,1.38816,1.38816,0
35684000,1.38803,1.38803,1.38803,1.38803,0,1.38817,1.38817,1.38817,1.38817,0
35685000,1.38804,1.38805,1.38804,1.38805,0,1.38816,1.38816,1.38816,1.38816,0
35686000,1.38805,1.38805,1.38805,1.38805,0,1.38815,1.38815,1.38815,1.38815,0
35689000,1.38805,1.38805,1.38805,1.38805,0,1.38816,1.38816,1.38816,1.38816,0
35692000,1.38807,1.38807,1.38807,1.38807,0,1.38819,1.38819,1.38819,1.38819,0
35701000,1.38808,1.38808,1.38808,1.38808,0,1.38819,1.38819,1.38819,1.38819,0
35704000,1.38808,1.38808,1.38808,1.38808,0,1.38821,1.38821,1.38821,1.38821,0
35707000,1.38806,1.38806,1.38803,1.38803,0,1.38818,1.38818,1.38817,1.38817,0
35708000,1.38804,1.38804,1.38802,1.38803,0,1.38815,1.38817,1.38815,1.38815,0
35709000,1.38803,1.38803,1.38803,1.38803,0,1.38816,1.38816,1.38816,1.38816,0
35710000,1.38804,1.38804,1.38804,1.38804,0,1.38815,1.38815,1.38815,1.38815,0
35713000,1.38804,1.38804,1.38804,1.38804,0,1.38816,1.38816,1.38815,1.38815,0
35714000,1.38804,1.38804,1.38804,1.38804,0,1.38816,1.38816,1.38816,1.38816,0
35715000,1.38805,1.38805,1.38804,1.38804,0,1.38816,1.38817,1.38816,1.38817,0
35729000,1.38805,1.38805,1.38805,1.38805,0,1.38816,1.38816,1.38816,1.38816,0
35736000,1.38803,1.38803,1.38803,1.38803,0,1.38817,1.38817,1.38817,1.38817,0
35737000,1.38803,1.38803,1.38803,1.38803,0,1.38814,1.38814,1.38814,1.38814,0
35738000,1.38802,1.38802,1.38802,1.38802,0,1.38814,1.38814,1.38814,1.38814,0
35766000,1.38802,1.38802,1.38802,1.38802,0,1.38811,1.38811,1.38811,1.38811,0
35770000,1.38801,1.38801,1.38801,1.38801,0,1.38812,1.38812,1.38812,1.38812,0
35778000,1.38799,1.38800,1.38798,1.38800,0,1.38813,1.38814,1.38813,1.38813,0
35781000,1.38802,1.38802,1.38802,1.38802,0,1.38811,1.38811,1.38811,1.38811,0
35796000,1.38801,1.38801,1.38801,1.38801,0,1.38812,1.38812,1.38812,1.38812,0
35803000,1.38802,1.38802,1.38802,1.38802,0,1.38812,1.38812,1.38812,1.38812,0
35863000,1.38802,1.38802,1.38802,1.38802,0,1.38813,1.38813,1.38813,1.38813,0
35905000,1.38801,1.38801,1.38801,1.38801,0,1.38814,1.38814,1.38814,1.38814,0
35920000,1.38802,1.38802,1.38802,1.38802,0,1.38813,1.38813,1.38813,1.38813,0
35940000,1.38803,1.38805,1.38803,1.38805,0,1.38816,1.38817,1.38816,1.38817,0
35941000,1.38806,1.38806,1.38806,1.38806,0,1.38815,1.38815,1.38815,1.38815,0
35953000,1.38804,1.38804,1.38804,1.38804,0,1.38815,1.38815,1.38815,1.38815,0
35971000,1.38802,1.38802,1.38802,1.38802,0,1.38816,1.38816,1.38816,1.38816,0
35980000,1.38804,1.38804,1.38804,1.38804,0,1.38817,1.38817,1.38817,1.38817,0
35981000,1.38803,1.38804,1.38802,1.38802,0,1.38818,1.38818,1.38816,1.38816,0
35987000,1.38802,1.38802,1.38802,1.38802,0,1.38815,1.38815,1.38815,1.38815,0
35995000,1.38802,1.38802,1.38802,1.38802,0,1.38814,1.38814,1.38814,1.38814,0
36003000,1.38803,1.38803,1.38803,1.38803,0,1.38813,1.38813,1.38813,1.38813,0
36015000,1.38802,1.38802,1.38802,1.38802,0,1.38814,1.38814,1.38814,1.38814,0
36031000,1.38801,1.38801,1.38801,1.38801,0,1.38815,1.38815,1.38815,1.38815,0
36050000,1.38801,1.38802,1.38801,1.38802,0,1.38814,1.38814,1.38814,1.38814,0
36052000,1.38800,1.38800,1.38800,1.38800,0,1.38812,1.38812,1.38812,1.38812,0
36056000,1.38799,1.38799,1.38799,1.38799,0,1.38813,1.38813,1.38813,1.38813,0
36059000,1.38801,1.38801,1.38801,1.38801,0,1.38814,1.38814,1.38814,1.38814,0
36070000,1.38799,1.38799,1.38799,1.38799,0,1.38813,1.38813,1.38813,1.38813,0
36072000,1.38797,1.38797,1.38797,1.38797,0,1.38811,1.38811,1.38811,1.38811,0
36073000,1.38797,1.38797,1.38797,1.38797,0,1.38810,1.38810,1.38810,1.38810,0
36078000,1.38795,1.38797,1.38795,1.38797,0,1.38809,1.38810,1.38809,1.38810,0
36085000,1.38798,1.38798,1.38798,1.38798,0,1.38810,1.38810,1.38810,1.38810,0
36093000,1.38796,1.38796,1.38796,1.38796,0,1.38810,1.38810,1.38810,1.38810,0
36094000,1.38794,1.38794,1.38794,1.38794,0,1.38809,1.38809,1.38809,1.38809,0
36095000,1.38793,1.38793,1.38793,1.38793,0,1.38807,1.38807,1.38807,1.38807,0
36097000,1.38795,1.38795,1.38795,1.38795,0,1.38806,1.38806,1.38806,1.38806,0
36100000,1.38793,1.38793,1.38792,1.38792,0,1.38807,1.38807,1.38805,1.38805,0
36108000,1.38792,1.38792,1.38792,1.38792,0,1.38804,1.38804,1.38804,1.38804,0
36110000,1.38793,1.38793,1.38793,1.38793,0,1.38804,1.38805,1.38804,1.38805,0
36123000,1.38793,1.38793,1.38793,1.38793,0,1.38804,1.38804,1.38804,1.38804,0
36132000,1.38792,1.38792,1.38792,1.38792,0,1.38805,1.38805,1.38805,1.38805,0
36135000,1.38795,1.38795,1.38795,1.38795,0,1.38804,1.38804,1.38804,1.38804,0
36143000,1.38794,1.38794,1.38794,1.38794,0,1.38806,1.38806,1.38806,1.38806,0
36144000,1.38792,1.38793,1.38791,1.38792,0,1.38806,1.38806,1.38805,1.38805,0
36147000,1.38792,1.38792,1.38792,1.38792,0,1.38806,1.38806,1.38806,1.38806,0
36149000,1.38795,1.38795,1.38795,1.38795,0,1.38806,1.38806,1.38806,1.38806,0
36170000,1.38792,1.38792,1.38790,1.38791,0,1.38806,1.38806,1.38804,1.38804,0
36193000,1.38789,1.38789,1.38788,1.38788,0,1.38801,1.38801,1.38801,1.38801,0
36194000,1.38788,1.38788,1.38788,1.38788,0,1.38800,1.38800,1.38800,1.38800,0
36195000,1.38789,1.38789,1.38789,1.38789,0,1.38803,1.38803,1.38802,1.38802,0
36214000,1.38790,1.38790,1.38790,1.38790,0,1.38800,1.38800,1.38800,1.38800,0
36244000,1.38788,1.38788,1.38788,1.38788,0,1.38801,1.38801,1.38801,1.38801,0
36252000,1.38788,1.38788,1.38785,1.38785,0,1.38802,1.38802,1.38797,1.38797,0
36253000,1.38786,1.38786,1.38786,1.38786,0,1.38796,1.38796,1.38796,1.38796,0
36268000,1.38784,1.38784,1.38781,1.38782,0,1.38796,1.38797,1.38795,1.38795,0
36272000,1.38783,1.38783,1.38783,1.38783,0,1.38794,1.38794,1.38794,1.38794,0
36278000,1.38782,1.38782,1.38782,1.38782,0,1.38795,1.38795,1.38795,1.38795,0
36288000,1.38783,1.38783,1.38783,1.38783,0,1.38794,1.38794,1.38794,1.38794,0
36289000,1.38782,1.38782,1.38782,1.38782,0,1.38795,1.38795,1.38795,1.38795,0
36324000,1.38783,1.38783,1.38783,1.38783,0,1.38794,1.38794,1.38794,1.38794,0
36327000,1.38781,1.38781,1.38781,1.38781,0,1.38793,1.38793,1.38793,1.38793,0
36356000,1.38780,1.38780,1.38780,1.38780,0,1.38793,1.38793,1.38793,1.38793,0
36362000,1.38780,1.38780,1.38780,1.38780,0,1.38791,1.38791,1.38791,1.38791,0
36363000,1.38779,1.38779,1.38779,1.38779,0,1.38792,1.38792,1.38792,1.38792,0
36375000,1.38779,1.38779,1.38779,1.38779,0,1.38791,1.38791,1.38791,1.38791,0
36380000,1.38778,1.38778,1.38778,1.38778,0,1.38792,1.38792,1.38792,1.38792,0
36385000,1.38779,1.38779,1.38779,1.38779,0,1.38791,1.38791,1.38791,1.38791,0
36389000,1.38778,1.38778,1.38778,1.38778,0,1.38792,1.38792,1.38792,1.38792,0
36398000,1.38779,1.38779,1.38779,1.38779,0,1.38791,1.38791,1.38791,1.38791,0
36419000,1.38778,1.38778,1.38778,1.38778,0,1.38791,1.38791,1.38791,1.38791,0
36421000,1.38778,1.38778,1.38778,1.38778,0,1.38792,1.38792,1.38792,1.38792,0
36422000,1.38779,1.38779,1.38779,1.38779,0,1.38791,1.38791,1.38791,1.38791,0
36513000,1.38780,1.38780,1.38780,1.38780,0,1.38793,1.38793,1.38793,1.38793,0
36523000,1.38782,1.38782,1.38780,1.38780,0,1.38792,1.38794,1.38792,1.38794,0
36529000,1.38781,1.38781,1.38781,1.38781,0,1.38793,1.38793,1.38793,1.38793,0
36537000,1.38782,1.38782,1.38782,1.38782,0,1.38792,1.38792,1.38792,1.38792,0
36539000,1.38780,1.38780,1.38780,1.38780,0,1.38794,1.38794,1.38794,1.38794,0
36541000,1.38782,1.38785,1.38782,1.38785,0,1.38796,1.38796,1.38795,1.38795,0
36544000,1.38785,1.38792,1.38785,1.38792,0,1.38797,1.38806,1.38797,1.38805,0
36545000,1.38792,1.38795,1.38792,1.38795,0,1.38806,1.38807,1.38806,1.38807,0
36546000,1.38793,1.38794,1.38793,1.38794,0,1.38808,1.38808,1.38806,1.38806,0
36549000,1.38794,1.38794,1.38794,1.38794,0,1.38805,1.38805,1.38805,1.38805,0
36559000,1.38793,1.38793,1.38793,1.38793,0,1.38806,1.38806,1.38806,1.38806,0
36566000,1.38794,1.38794,1.38794,1.38794,0,1.38805,1.38805,1.38805,1.38805,0
36584000,1.38794,1.38796,1.38794,1.38796,0,1.38806,1.38807,1.38806,1.38807,0
36593000,1.38794,1.38794,1.38794,1.38794,0,1.38806,1.38806,1.38806,1.38806,0
36625000,1.38796,1.38796,1.38796,1.38796,0,1.38808,1.38808,1.38808,1.38808,0
36626000,1.38799,1.38799,1.38797,1.38798,0,1.38810,1.38811,1.38810,1.38810,0
36627000,1.38796,1.38796,1.38796,1.38796,0,1.38809,1.38809,1.38809,1.38809,0
36628000,1.38796,1.38796,1.38796,1.38796,0,1.38808,1.38808,1.38808,1.38808,0
36635000,1.38799,1.38799,1.38798,1.38798,0,1.38809,1.38809,1.38809,1.38809,0
36643000,1.38797,1.38798,1.38797,1.38798,0,1.38810,1.38810,1.38809,1.38809,0
36646000,1.38798,1.38798,1.38798,1.38798,0,1.38808,1.38808,1.38808,1.38808,0
36647000,1.38797,1.38797,1.38797,1.38797,0,1.38809,1.38809,1.38809,1.38809,0
36664000,1.38795,1.38795,1.38795,1.38795,0,1.38807,1.38807,1.38807,1.38807,0
36665000,1.38796,1.38796,1.38796,1.38796,0,1.38807,1.38807,1.38807,1.38807,0
36687000,1.38797,1.38797,1.38797,1.38797,0,1.38809,1.38809,1.38809,1.38809,0
36697000,1.38796,1.38796,1.38796,1.38796,0,1.38810,1.38810,1.38810,1.38810,0
36698000,1.38797,1.38797,1.38797,1.38797,0,1.38809,1.38809,1.38809,1.38809,0
36701000,1.38799,1.38799,1.38799,1.38799,0,1.38812,1.38812,1.38812,1.38812,0
36704000,1.38799,1.38799,1.38799,1.38799,0,1.38811,1.38811,1.38811,1.38811,0
36706000,1.38801,1.38801,1.38801,1.38801,0,1.38811,1.38811,1.38811,1.38811,0
36715000,1.38801,1.38801,1.38801,1.38801,0,1.38814,1.38814,1.38814,1.38814,0
36716000,1.38803,1.38803,1.38801,1.38803,0,1.38813,1.38817,1.38813,1.38817,0
36732000,1.38801,1.38801,1.38801,1.38801,0,1.38814,1.38814,1.38814,1.38814,0
36733000,1.38802,1.38802,1.38801,1.38801,0,1.38813,1.38814,1.38813,1.38814,0
36734000,1.38802,1.38802,1.38802,1.38802,0,1.38814,1.38814,1.38814,1.38814,0
36740000,1.38800,1.38800,1.38799,1.38799,0,1.38814,1.38814,1.38812,1.38812,0
36741000,1.38800,1.38800,1.38800,1.38800,0,1.38811,1.38811,1.38811,1.38811,0
36746000,1.38800,1.38800,1.38800,1.38800,0,1.38813,1.38813,1.38813,1.38813,0
36747000,1.38803,1.38803,1.38803,1.38803,0,1.38814,1.38814,1.38814,1.38814,0
36752000,1.38801,1.38801,1.38801,1.38801,0,1.38813,1.38813,1.38813,1.38813,0
36777000,1.38801,1.38801,1.38801,1.38801,0,1.38812,1.38812,1.38812,1.38812,0
36793000,1.38801,1.38801,1.38801,1.38801,0,1.38814,1.38814,1.38814,1.38814,0
36794000,1.38799,1.38799,1.38799,1.38799,0,1.38811,1.38811,1.38811,1.38811,0
36795000,1.38797,1.38797,1.38797,1.38797,0,1.38811,1.38811,1.38811,1.38811,0
36801000,1.38799,1.38799,1.38799,1.38799,0,1.38811,1.38811,1.38811,1.38811,0
36837000,1.38799,1.38799,1.38797,1.38797,0,1.38810,1.38811,1.38810,1.38810,0
36838000,1.38798,1.38798,1.38798,1.38798,0,1.38810,1.38810,1.38810,1.38810,0
36839000,1.38797,1.38797,1.38795,1.38795,0,1.38810,1.38810,1.38810,1.38810,0
36843000,1.38796,1.38796,1.38796,1.38796,0,1.38809,1.38809,1.38809,1.38809,0
36850000,1.38797,1.38797,1.38797,1.38797,0,1.38808,1.38808,1.38808,1.38808,0
36892000,1.38796,1.38796,1.38796,1.38796,0,1.38809,1.38809,1.38809,1.38809,0
36904000,1.38797,1.38797,1.38794,1.38794,0,1.38808,1.38809,1.38807,1.38807,0
36906000,1.38793,1.38793,1.38793,1.38793,0,1.38805,1.38805,1.38805,1.38805,0
36912000,1.38793,1.38793,1.38793,1.38793,0,1.38806,1.38806,1.38806,1.38806,0
36921000,1.38794,1.38794,1.38794,1.38794,0,1.38805,1.38805,1.38805,1.38805,0
36926000,1.38794,1.38794,1.38794,1.38794,0,1.38806,1.38806,1.38806,1.38806,0
36939000,1.38796,1.38796,1.38796,1.38796,0,1.38808,1.38808,1.38808,1.38808,0
36960000,1.38796,1.38796,1.38796,1.38796,0,1.38807,1.38807,1.38807,1.38807,0
36964000,1.38795,1.38798,1.38795,1.38798,0,1.38807,1.38810,1.38807,1.38810,0
36965000,1.38797,1.38797,1.38797,1.38797,0,1.38810,1.38810,1.38810,1.38810,0
36971000,1.38796,1.38796,1.38796,1.38796,0,1.38807,1.38807,1.38807,1.38807,0
36974000,1.38795,1.38796,1.38795,1.38796,0,1.38808,1.38808,1.38807,1.38807,0
36989000,1.38795,1.38795,1.38795,1.38795,0,1.38808,1.38808,1.38808,1.38808,0
36992000,1.38796,1.38796,1.38796,1.38796,0,1.38807,1.38807,1.38807,1.38807,0
37013000,1.38794,1.38794,1.38793,1.38793,0,1.38807,1.38808,1.38805,1.38805,0
37014000,1.38793,1.38793,1.38793,1.38793,0,1.38804,1.38804,1.38804,1.38804,0
37059000,1.38791,1.38791,1.38791,1.38791,0,1.38804,1.38804,1.38804,1.38804,0
37065000,1.38793,1.38793,1.38793,1.38793,0,1.38804,1.38804,1.38804,1.38804,0
37082000,1.38795,1.38795,1.38795,1.38795,0,1.38806,1.38806,1.38806,1.38806,0
37100000,1.38793,1.38793,1.38793,1.38793,0,1.38804,1.38804,1.38804,1.38804,0
37101000,1.38792,1.38792,1.38791,1.38791,0,1.38805,1.38805,1.38804,1.38804,0
37104000,1.38790,1.38790,1.38790,1.38790,0,1.38804,1.38804,1.38804,1.38804,0
37108000,1.38791,1.38793,1.38791,1.38793,0,1.38804,1.38806,1.38804,1.38806,0
37109000,1.38795,1.38795,1.38795,1.38795,0,1.38807,1.38807,1.38807,1.38807,0
37110000,1.38794,1.38795,1.38794,1.38795,0,1.38807,1.38807,1.38807,1.38807,0
37124000,1.38794,1.38794,1.38794,1.38794,0,1.38808,1.38808,1.38808,1.38808,0
37137000,1.38796,1.38796,1.38795,1.38795,0,1.38807,1.38808,1.38807,1.38808,0
37140000,1.38796,1.38796,1.38795,1.38795,0,1.38807,1.38808,1.38807,1.38808,0
37143000,1.38797,1.38797,1.38797,1.38797,0,1.38808,1.38808,1.38808,1.38808,0
37144000,1.38798,1.38798,1.38798,1.38798,0,1.38811,1.38811,1.38811,1.38811,0
37149000,1.38798,1.38798,1.38798,1.38798,0,1.38810,1.38810,1.38810,1.38810,0
37161000,1.38797,1.38798,1.38797,1.38798,0,1.38810,1.38810,1.38809,1.38809,0
37164000,1.38797,1.38797,1.38797,1.38797,0,1.38809,1.38809,1.38809,1.38809,0
37169000,1.38798,1.38798,1.38798,1.38798,0,1.38809,1.38809,1.38809,1.38809,0
37206000,1.38795,1.38795,1.38795,1.38795,0,1.38808,1.38808,1.38808,1.38808,0
37221000,1.38795,1.38795,1.38795,1.38795,0,1.38807,1.38807,1.38807,1.38807,0
37226000,1.38794,1.38794,1.38794,1.38794,0,1.38807,1.38807,1.38807,1.38807,0
37227000,1.38796,1.38798,1.38796,1.38798,0,1.38809,1.38812,1.38809,1.38812,0
37229000,1.38797,1.38797,1.38797,1.38797,0,1.38810,1.38810,1.38810,1.38810,0
37230000,1.38796,1.38796,1.38796,1.38796,0,1.38808,1.38808,1.38808,1.38808,0
37237000,1.38794,1.38794,1.38794,1.38794,0,1.38806,1.38806,1.38806,1.38806,0
37243000,1.38795,1.38795,1.38795,1.38795,0,1.38806,1.38806,1.38806,1.38806,0
37295000,1.38795,1.38795,1.38795,1.38795,0,1.38805,1.38805,1.38805,1.38805,0
37301000,1.38794,1.38794,1.38794,1.38794,0,1.38805,1.38805,1.38805,1.38805,0
37342000,1.38793,1.38793,1.38793,1.38793,0,1.38806,1.38806,1.38805,1.38805,0
37343000,1.38794,1.38796,1.38794,1.38796,0,1.38808,1.38809,1.38807,1.38809,0
37345000,1.38794,1.38794,1.38794,1.38794,0,1.38809,1.38809,1.38808,1.38808,0
37346000,1.38793,1.38793,1.38793,1.38793,0,1.38806,1.38806,1.38806,1.38806,0
37354000,1.38794,1.38796,1.38794,1.38796,0,1.38808,1.38810,1.38808,1.38810,0
37464000,1.38798,1.38798,1.38798,1.38798,0,1.38810,1.38810,1.38810,1.38810,0
37470000,1.38796,1.38796,1.38796,1.38796,0,1.38811,1.38811,1.38810,1.38810,0
37475000,1.38798,1.38798,1.38798,1.38798,0,1.38809,1.38809,1.38809,1.38809,0
37479000,1.38797,1.38797,1.38797,1.38797,0,1.38811,1.38811,1.38811,1.38811,0
37493000,1.38797,1.38797,1.38797,1.38797,0,1.38810,1.38810,1.38810,1.38810,0
37500000,1.38798,1.38798,1.38798,1.38798,0,1.38810,1.38810,1.38810,1.38810,0
37516000,1.38796,1.38796,1.38796,1.38796,0,1.38810,1.38810,1.38810,1.38810,0
37521000,1.38797,1.38797,1.38797,1.38797,0,1.38809,1.38809,1.38809,1.38809,0
37528000,1.38797,1.38797,1.38797,1.38797,0,1.38811,1.38811,1.38811,1.38811,0
37529000,1.38798,1.38798,1.38798,1.38798,0,1.38810,1.38810,1.38810,1.38810,0
37536000,1.38797,1.38797,1.38797,1.38797,0,1.38811,1.38811,1.38811,1.38811,0
37540000,1.38799,1.38802,1.38799,1.38802,0,1.38813,1.38815,1.38813,1.38815,0
37544000,1.38802,1.38804,1.38802,1.38804,0,1.38816,1.38817,1.38816,1.38817,0
37546000,1.38802,1.38802,1.38802,1.38802,0,1.38816,1.38816,1.38816,1.38816,0
37547000,1.38802,1.38802,1.38801,1.38801,0,1.38815,1.38815,1.38815,1.38815,0
37548000,1.38801,1.38801,1.38801,1.38801,0,1.38813,1.38813,1.38813,1.38813,0
37552000,1.38800,1.38800,1.38800,1.38800,0,1.38814,1.38814,1.38814,1.38814,0
37562000,1.38799,1.38799,1.38797,1.38797,0,1.38812,1.38812,1.38810,1.38810,0
37563000,1.38795,1.38795,1.38795,1.38795,0,1.38809,1.38809,1.38809,1.38809,0
37564000,1.38792,1.38792,1.38792,1.38792,0,1.38807,1.38807,1.38807,1.38807,0
37583000,1.38792,1.38792,1.38792,1.38792,0,1.38804,1.38804,1.38804,1.38804,0
37589000,1.38791,1.38791,1.38791,1.38791,0,1.38805,1.38805,1.38805,1.38805,0
37591000,1.38792,1.38792,1.38792,1.38792,0,1.38804,1.38804,1.38804,1.38804,0
37621000,1.38790,1.38790,1.38790,1.38790,0,1.38803,1.38803,1.38803,1.38803,0
37623000,1.38786,1.38786,1.38784,1.38785,0,1.38802,1.38802,1.38800,1.38800,0
37624000,1.38786,1.38786,1.38786,1.38786,0,1.38799,1.38799,1.38799,1.38799,0
37634000,1.38786,1.38786,1.38786,1.38786,0,1.38801,1.38801,1.38801,1.38801,0
37644000,1.38787,1.38787,1.38787,1.38787,0,1.38800,1.38800,1.38800,1.38800,0
37648000,1.38788,1.38788,1.38788,1.38788,0,1.38800,1.38800,1.38800,1.38800,0
37649000,1.38788,1.38788,1.38788,1.38788,0,1.38802,1.38802,1.38802,1.38802,0
37655000,1.38789,1.38789,1.38789,1.38789,0,1.38801,1.38801,1.38801,1.38801,0
37663000,1.38789,1.38789,1.38789,1.38789,0,1.38802,1.38802,1.38802,1.38802,0
37701000,1.38789,1.38789,1.38789,1.38789,0,1.38803,1.38803,1.38803,1.38803,0
37702000,1.38790,1.38790,1.38790,1.38790,0,1.38802,1.38802,1.38802,1.38802,0
37703000,1.38789,1.38789,1.38789,1.38789,0,1.38803,1.38803,1.38803,1.38803,0
37704000,1.38791,1.38791,1.38791,1.38791,0,1.38803,1.38803,1.38803,1.38803,0
37710000,1.38790,1.38790,1.38780,1.38780,0,1.38803,1.38803,1.38794,1.38794,0
37711000,1.38782,1.38782,1.38782,1.38782,0,1.38796,1.38796,1.38795,1.38795,0
37716000,1.38781,1.38781,1.38781,1.38781,0,1.38795,1.38795,1.38795,1.38795,0
37721000,1.38778,1.38779,1.38778,1.38779,0,1.38793,1.38793,1.38793,1.38793,0
37724000,1.38779,1.38779,1.38778,1.38778,0,1.38792,1.38792,1.38791,1.38791,0
37727000,1.38778,1.38778,1.38778,1.38778,0,1.38790,1.38790,1.38790,1.38790,0
37735000,1.38778,1.38778,1.38777,1.38778,0,1.38791,1.38791,1.38791,1.38791,0
37736000,1.38778,1.38779,1.38778,1.38779,0,1.38790,1.38791,1.38790,1.38791,0
37743000,1.38779,1.38781,1.38778,1.38781,0,1.38792,1.38795,1.38792,1.38795,0
37744000,1.38783,1.38785,1.38783,1.38784,0,1.38798,1.38800,1.38797,1.38797,0
37747000,1.38782,1.38782,1.38782,1.38782,0,1.38796,1.38796,1.38795,1.38795,0
37752000,1.38782,1.38782,1.38782,1.38782,0,1.38793,1.38793,1.38793,1.38793,0
37753000,1.38781,1.38781,1.38781,1.38781,0,1.38795,1.38795,1.38795,1.38795,0
37756000,1.38784,1.38784,1.38784,1.38784,0,1.38798,1.38798,1.38798,1.38798,0
37757000,1.38784,1.38784,1.38784,1.38784,0,1.38797,1.38797,1.38797,1.38797,0
37758000,1.38785,1.38785,1.38779,1.38779,0,1.38797,1.38797,1.38795,1.38795,0
37759000,1.38781,1.38781,1.38781,1.38781,0,1.38795,1.38795,1.38795,1.38795,0
37761000,1.38781,1.38782,1.38781,1.38782,0,1.38797,1.38797,1.38797,1.38797,0
37762000,1.38783,1.38785,1.38783,1.38785,0,1.38796,1.38798,1.38795,1.38798,0
37771000,1.38786,1.38786,1.38786,1.38786,0,1.38798,1.38798,1.38798,1.38798,0
37772000,1.38783,1.38783,1.38783,1.38783,0,1.38797,1.38797,1.38797,1.38797,0
37773000,1.38781,1.38781,1.38780,1.38780,0,1.38794,1.38794,1.38794,1.38794,0
37787000,1.38779,1.38779,1.38779,1.38779,0,1.38792,1.38792,1.38792,1.38792,0
37799000,1.38782,1.38782,1.38782,1.38782,0,1.38795,1.38795,1.38795,1.38795,0
37824000,1.38783,1.38785,1.38783,1.38785,0,1.38797,1.38799,1.38797,1.38799,0
37825000,1.38785,1.38785,1.38783,1.38784,0,1.38798,1.38799,1.38797,1.38797,0
37826000,1.38786,1.38786,1.38786,1.38786,0,1.38798,1.38799,1.38798,1.38799,0
37827000,1.38789,1.38789,1.38788,1.38789,0,1.38802,1.38802,1.38802,1.38802,0
37828000,1.38788,1.38788,1.38786,1.38787,0,1.38802,1.38802,1.38800,1.38800,0
37830000,1.38784,1.38784,1.38784,1.38784,0,1.38797,1.38797,1.38797,1.38797,0
37849000,1.38786,1.38789,1.38786,1.38789,0,1.38799,1.38802,1.38799,1.38802,0
37850000,1.38787,1.38789,1.38785,1.38786,0,1.38800,1.38802,1.38800,1.38800,0
37851000,1.38788,1.38788,1.38788,1.38788,0,1.38800,1.38800,1.38800,1.38800,0
37854000,1.38787,1.38787,1.38786,1.38786,0,1.38801,1.38801,1.38799,1.38799,0
37856000,1.38788,1.38788,1.38785,1.38786,0,1.38800,1.38800,1.38799,1.38799,0
37862000,1.38789,1.38789,1.38789,1.38789,0,1.38802,1.38802,1.38802,1.38802,0
37883000,1.38787,1.38789,1.38786,1.38789,0,1.38800,1.38802,1.38798,1.38801,0
37889000,1.38789,1.38789,1.38789,1.38789,0,1.38802,1.38802,1.38802,1.38802,0
37891000,1.38789,1.38790,1.38789,1.38790,0,1.38801,1.38803,1.38801,1.38803,0
37896000,1.38792,1.38792,1.38792,1.38792,0,1.38803,1.38803,1.38803,1.38803,0
37897000,1.38791,1.38791,1.38791,1.38791,0,1.38804,1.38804,1.38804,1.38804,0
37921000,1.38792,1.38792,1.38792,1.38792,0,1.38804,1.38805,1.38804,1.38805,0
37928000,1.38793,1.38793,1.38793,1.38793,0,1.38805,1.38805,1.38805,1.38805,0
37941000,1.38794,1.38794,1.38794,1.38794,0,1.38807,1.38807,1.38807,1.38807,0
37961000,1.38795,1.38795,1.38795,1.38795,0,1.38806,1.38806,1.38806,1.38806,0
37964000,1.38795,1.38795,1.38795,1.38795,0,1.38808,1.38808,1.38808,1.38808,0
37965000,1.38796,1.38796,1.38796,1.38796,0,1.38807,1.38807,1.38807,1.38807,0
37974000,1.38792,1.38792,1.38792,1.38792,0,1.38806,1.38806,1.38805,1.38805,0
37975000,1.38792,1.38792,1.38792,1.38792,0,1.38804,1.38804,1.38804,1.38804,0
38007000,1.38788,1.38788,1.38788,1.38788,0,1.38802,1.38802,1.38802,1.38802,0
38011000,1.38789,1.38789,1.38789,1.38789,0,1.38801,1.38801,1.38801,1.38801,0
38016000,1.38788,1.38788,1.38788,1.38788,0,1.38802,1.38802,1.38802,1.38802,0
38017000,1.38789,1.38789,1.38789,1.38789,0,1.38801,1.38801,1.38801,1.38801,0
38024000,1.38791,1.38791,1.38790,1.38790,0,1.38803,1.38804,1.38803,1.38804,0
38025000,1.38791,1.38791,1.38791,1.38791,0,1.38803,1.38803,1.38803,1.38803,0
38033000,1.38789,1.38789,1.38789,1.38789,0,1.38803,1.38803,1.38803,1.38803,0
38039000,1.38789,1.38789,1.38789,1.38789,0,1.38802,1.38802,1.38802,1.38802,0
38062000,1.38792,1.38792,1.38792,1.38792,0,1.38804,1.38804,1.38804,1.38804,0
38069000,1.38790,1.38790,1.38790,1.38790,0,1.38804,1.38804,1.38804,1.38804,0
38070000,1.38791,1.38791,1.38791,1.38791,0,1.38803,1.38803,1.38803,1.38803,0
38077000,1.38791,1.38791,1.38791,1.38791,0,1.38802,1.38802,1.38802,1.38802,0
38084000,1.38790,1.38790,1.38789,1.38789,0,1.38802,1.38803,1.38802,1.38803,0
38104000,1.38789,1.38789,1.38789,1.38789,0,1.38802,1.38802,1.38802,1.38802,0
38112000,1.38791,1.38791,1.38791,1.38791,0,1.38802,1.38802,1.38802,1.38802,0
38116000,1.38790,1.38790,1.38790,1.38790,0,1.38802,1.38802,1.38802,1.38802,0
38121000,1.38791,1.38791,1.38791,1.38791,0,1.38802,1.38802,1.38802,1.38802,0
38141000,1.38791,1.38791,1.38791,1.38791,0,1.38803,1.38803,1.38803,1.38803,0
38147000,1.38788,1.38788,1.38782,1.38784,0,1.38802,1.38802,1.38795,1.38795,0
38148000,1.38784,1.38784,1.38784,1.38784,0,1.38796,1.38796,1.38796,1.38796,0
38152000,1.38784,1.38784,1.38784,1.38784,0,1.38795,1.38795,1.38795,1.38795,0
38163000,1.38784,1.38784,1.38784,1.38784,0,1.38796,1.38796,1.38796,1.38796,0
38165000,1.38782,1.38782,1.38782,1.38782,0,1.38796,1.38796,1.38796,1.38796,0
38170000,1.38780,1.38780,1.38780,1.38780,0,1.38794,1.38794,1.38794,1.38794,0
38174000,1.38782,1.38782,1.38782,1.38782,0,1.38794,1.38794,1.38794,1.38794,0
38194000,1.38780,1.38780,1.38778,1.38778,0,1.38792,1.38792,1.38792,1.38792,0
38195000,1.38775,1.38775,1.38773,1.38773,0,1.38790,1.38790,1.38787,1.38787,0
38196000,1.38772,1.38772,1.38767,1.38772,0,1.38785,1.38785,1.38783,1.38784,0
38211000,1.38772,1.38772,1.38770,1.38770,0,1.38785,1.38785,1.38783,1.38783,0
38212000,1.38771,1.38771,1.38771,1.38771,0,1.38783,1.38783,1.38783,1.38783,0
38214000,1.38771,1.38772,1.38771,1.38772,0,1.38784,1.38784,1.38783,1.38783,0
38218000,1.38771,1.38771,1.38767,1.38769,0,1.38784,1.38784,1.38781,1.38781,0
38220000,1.38769,1.38769,1.38769,1.38769,0,1.38782,1.38782,1.38782,1.38782,0
38223000,1.38769,1.38769,1.38769,1.38769,0,1.38781,1.38781,1.38781,1.38781,0
38226000,1.38768,1.38768,1.38768,1.38768,0,1.38782,1.38782,1.38782,1.38782,0
38227000,1.38769,1.38769,1.38769,1.38769,0,1.38781,1.38781,1.38781,1.38781,0
38241000,1.38767,1.38767,1.38767,1.38767,0,1.38779,1.38779,1.38779,1.38779,0
38253000,1.38769,1.38769,1.38769,1.38769,0,1.38781,1.38781,1.38781,1.38781,0
38256000,1.38768,1.38768,1.38768,1.38768,0,1.38781,1.38782,1.38781,1.38782,0
38257000,1.38766,1.38766,1.38766,1.38766,0,1.38780,1.38780,1.38780,1.38780,0
38279000,1.38763,1.38763,1.38760,1.38760,0,1.38778,1.38778,1.38774,1.38774,0
38280000,1.38762,1.38765,1.38762,1.38765,0,1.38776,1.38779,1.38776,1.38779,0
38286000,1.38767,1.38767,1.38767,1.38767,0,1.38779,1.38779,1.38779,1.38779,0
38295000,1.38766,1.38766,1.38766,1.38766,0,1.38780,1.38780,1.38780,1.38780,0
38298000,1.38767,1.38767,1.38767,1.38767,0,1.38780,1.38780,1.38780,1.38780,0
38307000,1.38765,1.38765,1.38763,1.38763,0,1.38779,1.38779,1.38778,1.38778,0
38308000,1.38765,1.38765,1.38765,1.38765,0,1.38778,1.38778,1.38778,1.38778,0
38309000,1.38765,1.38765,1.38758,1.38765,0,1.38779,1.38779,1.38774,1.38779,0
38312000,1.38768,1.38768,1.38768,1.38768,0,1.38780,1.38781,1.38780,1.38781,0
38319000,1.38771,1.38771,1.38771,1.38771,0,1.38782,1.38782,1.38782,1.38782,0
38345000,1.38770,1.38770,1.38770,1.38770,0,1.38782,1.38782,1.38782,1.38782,0
38347000,1.38769,1.38769,1.38769,1.38769,0,1.38783,1.38783,1.38783,1.38783,0
38359000,1.38767,1.38768,1.38767,1.38768,0,1.38781,1.38781,1.38780,1.38780,0
38367000,1.38769,1.38769,1.38769,1.38769,0,1.38780,1.38780,1.38780,1.38780,0
38383000,1.38768,1.38768,1.38768,1.38768,0,1.38781,1.38781,1.38781,1.38781,0
38389000,1.38769,1.38769,1.38767,1.38767,0,1.38781,1.38781,1.38780,1.38780,0
38403000,1.38768,1.38768,1.38768,1.38768,0,1.38780,1.38780,1.38780,1.38780,0
38412000,1.38766,1.38766,1.38759,1.38759,0,1.38778,1.38778,1.38773,1.38773,0
38414000,1.38761,1.38761,1.38761,1.38761,0,1.38773,1.38773,1.38773,1.38773,0
38416000,1.38762,1.38762,1.38762,1.38762,0,1.38773,1.38773,1.38773,1.38773,0
38417000,1.38762,1.38762,1.38760,1.38760,0,1.38774,1.38774,1.38773,1.38773,0
38422000,1.38758,1.38758,1.38750,1.38752,0,1.38772,1.38772,1.38766,1.38766,0
38423000,1.38752,1.38752,1.38751,1.38751,0,1.38764,1.38765,1.38764,1.38765,0
38427000,1.38752,1.38752,1.38751,1.38751,0,1.38763,1.38764,1.38763,1.38764,0
38428000,1.38751,1.38751,1.38750,1.38750,0,1.38763,1.38763,1.38763,1.38763,0
38430000,1.38749,1.38749,1.38749,1.38749,0,1.38763,1.38763,1.38763,1.38763,0
38431000,1.38750,1.38750,1.38750,1.38750,0,1.38763,1.38763,1.38763,1.38763,0
38451000,1.38751,1.38751,1.38751,1.38751,0,1.38763,1.38763,1.38763,1.38763,0
38457000,1.38750,1.38750,1.38750,1.38750,0,1.38763,1.38763,1.38763,1.38763,0
38467000,1.38750,1.38750,1.38750,1.38750,0,1.38761,1.38761,1.38761,1.38761,0
38469000,1.38749,1.38749,1.38749,1.38749,0,1.38761,1.38761,1.38761,1.38761,0
38470000,1.38749,1.38752,1.38749,1.38751,0,1.38762,1.38763,1.38762,1.38763,0
38475000,1.38754,1.38754,1.38754,1.38754,0,1.38764,1.38764,1.38764,1.38764,0
38476000,1.38753,1.38753,1.38753,1.38753,0,1.38764,1.38767,1.38764,1.38766,0
38477000,1.38754,1.38754,1.38754,1.38754,0,1.38765,1.38765,1.38765,1.38765,0
38478000,1.38752,1.38752,1.38752,1.38752,0,1.38763,1.38763,1.38763,1.38763,0
38482000,1.38751,1.38755,1.38751,1.38755,0,1.38765,1.38767,1.38764,1.38767,0
38483000,1.38754,1.38754,1.38754,1.38754,0,1.38768,1.38768,1.38768,1.38768,0
38485000,1.38755,1.38755,1.38755,1.38755,0,1.38768,1.38768,1.38767,1.38768,0
38486000,1.38753,1.38758,1.38753,1.38758,0,1.38766,1.38771,1.38766,1.38771,0
38489000,1.38759,1.38759,1.38752,1.38752,0,1.38770,1.38771,1.38766,1.38766,0
38490000,1.38752,1.38752,1.38752,1.38752,0,1.38763,1.38765,1.38763,1.38765,0
38491000,1.38752,1.38752,1.38752,1.38752,0,1.38764,1.38764,1.38764,1.38764,0
38492000,1.38755,1.38758,1.38754,1.38758,0,1.38766,1.38771,1.38766,1.38771,0
38493000,1.38756,1.38756,1.38756,1.38756,0,1.38769,1.38769,1.38769,1.38769,0
38494000,1.38753,1.38753,1.38752,1.38752,0,1.38766,1.38766,1.38763,1.38763,0
38496000,1.38753,1.38755,1.38753,1.38753,0,1.38765,1.38768,1.38765,1.38766,0
38497000,1.38754,1.38754,1.38754,1.38754,0,1.38766,1.38766,1.38766,1.38766,0
38498000,1.38753,1.38753,1.38750,1.38750,0,1.38767,1.38767,1.38765,1.38765,0
38499000,1.38750,1.38752,1.38750,1.38752,0,1.38764,1.38764,1.38762,1.38762,0
38501000,1.38751,1.38754,1.38751,1.38754,0,1.38764,1.38766,1.38764,1.38766,0
38505000,1.38753,1.38753,1.38753,1.38753,0,1.38767,1.38767,1.38764,1.38764,0
38507000,1.38752,1.38754,1.38752,1.38754,0,1.38765,1.38766,1.38765,1.38766,0
38512000,1.38756,1.38756,1.38756,1.38756,0,1.38768,1.38769,1.38768,1.38769,0
38519000,1.38758,1.38758,1.38758,1.38758,0,1.38771,1.38771,1.38771,1.38771,0
38521000,1.38757,1.38757,1.38753,1.38754,0,1.38771,1.38771,1.38767,1.38767,0
38525000,1.38754,1.38757,1.38754,1.38757,0,1.38766,1.38772,1.38766,1.38770,0
38528000,1.38759,1.38759,1.38759,1.38759,0,1.38772,1.38772,1.38771,1.38771,0
38531000,1.38762,1.38762,1.38760,1.38762,0,1.38773,1.38774,1.38773,1.38774,0
38536000,1.38760,1.38760,1.38760,1.38760,0,1.38773,1.38773,1.38771,1.38771,0
38537000,1.38758,1.38759,1.38757,1.38759,0,1.38771,1.38773,1.38771,1.38773,0
38541000,1.38760,1.38760,1.38760,1.38760,0,1.38772,1.38772,1.38772,1.38772,0
38542000,1.38758,1.38761,1.38758,1.38761,0,1.38772,1.38774,1.38772,1.38773,0
38544000,1.38758,1.38758,1.38758,1.38758,0,1.38770,1.38770,1.38770,1.38770,0
38547000,1.38758,1.38760,1.38758,1.38760,0,1.38771,1.38773,1.38771,1.38773,0
38549000,1.38761,1.38761,1.38761,1.38761,0,1.38773,1.38773,1.38773,1.38773,0
38551000,1.38762,1.38762,1.38762,1.38762,0,1.38775,1.38775,1.38775,1.38775,0
38552000,1.38764,1.38770,1.38764,1.38770,0,1.38778,1.38783,1.38778,1.38782,0
38556000,1.38768,1.38768,1.38766,1.38768,0,1.38782,1.38782,1.38778,1.38781,0
38557000,1.38768,1.38768,1.38768,1.38768,0,1.38782,1.38782,1.38782,1.38782,0
38559000,1.38767,1.38767,1.38763,1.38763,0,1.38782,1.38782,1.38776,1.38776,0
38560000,1.38764,1.38764,1.38764,1.38764,0,1.38776,1.38776,1.38776,1.38776,0
38561000,1.38764,1.38764,1.38764,1.38764,0,1.38775,1.38775,1.38775,1.38775,0
38567000,1.38763,1.38765,1.38763,1.38765,0,1.38777,1.38777,1.38777,1.38777,0
38576000,1.38762,1.38762,1.38762,1.38762,0,1.38774,1.38774,1.38774,1.38774,0
38587000,1.38760,1.38760,1.38758,1.38759,0,1.38773,1.38773,1.38771,1.38772,0
38588000,1.38758,1.38758,1.38758,1.38758,0,1.38770,1.38770,1.38770,1.38770,0
38600000,1.38761,1.38761,1.38761,1.38761,0,1.38773,1.38773,1.38773,1.38773,0
38606000,1.38760,1.38760,1.38760,1.38760,0,1.38774,1.38774,1.38774,1.38774,0
38607000,1.38761,1.38761,1.38761,1.38761,0,1.38773,1.38773,1.38773,1.38773,0
38610000,1.38760,1.38760,1.38760,1.38760,0,1.38774,1.38774,1.38774,1.38774,0
38612000,1.38761,1.38761,1.38761,1.38761,0,1.38774,1.38774,1.38774,1.38774,0
38624000,1.38761,1.38767,1.38761,1.38767,0,1.38777,1.38780,1.38777,1.38778,0
38628000,1.38767,1.38769,1.38767,1.38769,0,1.38779,1.38782,1.38779,1.38782,0
38629000,1.38769,1.38769,1.38769,1.38769,0,1.38781,1.38781,1.38781,1.38781,0
38633000,1.38767,1.38767,1.38762,1.38763,0,1.38781,1.38781,1.38775,1.38775,0
38652000,1.38763,1.38763,1.38763,1.38763,0,1.38777,1.38777,1.38777,1.38777,0
38654000,1.38764,1.38764,1.38764,1.38764,0,1.38775,1.38775,1.38775,1.38775,0
38669000,1.38762,1.38762,1.38762,1.38762,0,1.38775,1.38775,1.38775,1.38775,0
38671000,1.38763,1.38763,1.38763,1.38763,0,1.38774,1.38774,1.38774,1.38774,0
38688000,1.38762,1.38762,1.38762,1.38762,0,1.38775,1.38775,1.38775,1.38775,0
38691000,1.38763,1.38763,1.38763,1.38763,0,1.38774,1.38774,1.38774,1.38774,0
38701000,1.38761,1.38761,1.38761,1.38761,0,1.38774,1.38774,1.38773,1.38773,0
38706000,1.38762,1.38762,1.38762,1.38762,0,1.38775,1.38775,1.38775,1.38775,0
38717000,1.38763,1.38763,1.38763,1.38763,0,1.38777,1.38777,1.38777,1.38777,0
38718000,1.38763,1.38766,1.38763,1.38766,0,1.38779,1.38779,1.38778,1.38778,0
38719000,1.38767,1.38767,1.38767,1.38767,0,1.38777,1.38777,1.38777,1.38777,0
38721000,1.38766,1.38766,1.38766,1.38766,0,1.38777,1.38778,1.38777,1.38778,0
38725000,1.38768,1.38768,1.38766,1.38766,0,1.38778,1.38778,1.38778,1.38778,0
38726000,1.38766,1.38766,1.38766,1.38766,0,1.38777,1.38777,1.38777,1.38777,0
38728000,1.38766,1.38772,1.38766,1.38772,0,1.38778,1.38786,1.38778,1.38785,0
38732000,1.38775,1.38775,1.38775,1.38775,0,1.38787,1.38787,1.38787,1.38787,0
38733000,1.38774,1.38774,1.38774,1.38774,0,1.38787,1.38787,1.38787,1.38787,0
38737000,1.38771,1.38771,1.38771,1.38771,0,1.38784,1.38784,1.38784,1.38784,0
38741000,1.38773,1.38773,1.38773,1.38773,0,1.38786,1.38786,1.38786,1.38786,0
38745000,1.38775,1.38775,1.38775,1.38775,0,1.38787,1.38787,1.38787,1.38787,0
38746000,1.38774,1.38775,1.38774,1.38775,0,1.38787,1.38787,1.38787,1.38787,0
38749000,1.38773,1.38773,1.38773,1.38773,0,1.38785,1.38785,1.38785,1.38785,0
38766000,1.38771,1.38771,1.38769,1.38769,0,1.38785,1.38785,1.38782,1.38782,0
38769000,1.38769,1.38769,1.38769,1.38769,0,1.38781,1.38781,1.38781,1.38781,0
38777000,1.38770,1.38770,1.38770,1.38770,0,1.38780,1.38780,1.38780,1.38780,0
38779000,1.38768,1.38768,1.38768,1.38768,0,1.38781,1.38781,1.38781,1.38781,0
38780000,1.38769,1.38769,1.38769,1.38769,0,1.38781,1.38781,1.38781,1.38781,0
38782000,1.38771,1.38771,1.38771,1.38771,0,1.38781,1.38781,1.38781,1.38781,0
38789000,1.38770,1.38770,1.38770,1.38770,0,1.38782,1.38782,1.38782,1.38782,0
38791000,1.38772,1.38772,1.38771,1.38771,0,1.38785,1.38788,1.38785,1.38788,0
38792000,1.38773,1.38775,1.38773,1.38775,0,1.38788,1.38788,1.38787,1.38787,0
38805000,1.38776,1.38778,1.38776,1.38776,0,1.38789,1.38791,1.38789,1.38789,0
38809000,1.38779,1.38779,1.38779,1.38779,0,1.38790,1.38790,1.38790,1.38790,0
38815000,1.38777,1.38777,1.38777,1.38777,0,1.38791,1.38791,1.38791,1.38791,0
38818000,1.38778,1.38778,1.38778,1.38778,0,1.38791,1.38791,1.38791,1.38791,0
38833000,1.38779,1.38779,1.38779,1.38779,0,1.38790,1.38790,1.38790,1.38790,0
38834000,1.38778,1.38778,1.38774,1.38774,0,1.38791,1.38791,1.38787,1.38787,0
38835000,1.38772,1.38772,1.38772,1.38772,0,1.38786,1.38786,1.38786,1.38786,0
38854000,1.38773,1.38773,1.38773,1.38773,0,1.38785,1.38785,1.38785,1.38785,0
38877000,1.38770,1.38770,1.38769,1.38769,0,1.38782,1.38783,1.38782,1.38783,0
38880000,1.38770,1.38770,1.38770,1.38770,0,1.38781,1.38781,1.38781,1.38781,0
38894000,1.38770,1.38770,1.38770,1.38770,0,1.38782,1.38782,1.38782,1.38782,0
38901000,1.38770,1.38770,1.38769,1.38769,0,1.38781,1.38782,1.38781,1.38782,0
38918000,1.38767,1.38767,1.38767,1.38767,0,1.38780,1.38781,1.38780,1.38780,0
38927000,1.38765,1.38765,1.38761,1.38764,0,1.38777,1.38777,1.38774,1.38776,0
38930000,1.38763,1.38763,1.38760,1.38760,0,1.38777,1.38777,1.38774,1.38774,0
38940000,1.38762,1.38762,1.38762,1.38762,0,1.38775,1.38775,1.38775,1.38775,0
38942000,1.38760,1.38760,1.38760,1.38760,0,1.38773,1.38773,1.38773,1.38773,0
38943000,1.38761,1.38761,1.38760,1.38760,0,1.38773,1.38773,1.38773,1.38773,0
38950000,1.38760,1.38760,1.38760,1.38760,0,1.38771,1.38771,1.38771,1.38771,0
38975000,1.38758,1.38761,1.38758,1.38761,0,1.38772,1.38772,1.38772,1.38772,0
38984000,1.38760,1.38760,1.38760,1.38760,0,1.38772,1.38772,1.38772,1.38772,0
38985000,1.38761,1.38761,1.38761,1.38761,0,1.38772,1.38772,1.38772,1.38772,0
38990000,1.38759,1.38760,1.38759,1.38760,0,1.38773,1.38773,1.38772,1.38772,0
38991000,1.38761,1.38761,1.38761,1.38761,0,1.38771,1.38771,1.38771,1.38771,0
38992000,1.38759,1.38759,1.38759,1.38759,0,1.38773,1.38773,1.38773,1.38773,0
38995000,1.38760,1.38761,1.38760,1.38761,0,1.38772,1.38772,1.38772,1.38772,0
39002000,1.38760,1.38760,1.38760,1.38760,0,1.38772,1.38772,1.38772,1.38772,0
39004000,1.38761,1.38761,1.38761,1.38761,0,1.38772,1.38772,1.38772,1.38772,0
39008000,1.38760,1.38760,1.38759,1.38760,0,1.38772,1.38773,1.38772,1.38772,0
39017000,1.38762,1.38762,1.38762,1.38762,0,1.38773,1.38773,1.38773,1.38773,0
39023000,1.38761,1.38762,1.38761,1.38762,0,1.38775,1.38776,1.38775,1.38776,0
39024000,1.38763,1.38763,1.38761,1.38762,0,1.38774,1.38775,1.38773,1.38773,0
39040000,1.38760,1.38760,1.38760,1.38760,0,1.38774,1.38774,1.38774,1.38774,0
39042000,1.38762,1.38763,1.38762,1.38763,0,1.38775,1.38775,1.38774,1.38774,0
39043000,1.38762,1.38762,1.38762,1.38762,0,1.38775,1.38775,1.38775,1.38775,0
39044000,1.38763,1.38763,1.38761,1.38761,0,1.38774,1.38775,1.38774,1.38774,0
39045000,1.38761,1.38761,1.38761,1.38761,0,1.38773,1.38773,1.38773,1.38773,0
39070000,1.38760,1.38765,1.38760,1.38765,0,1.38774,1.38778,1.38774,1.38777,0
39083000,1.38763,1.38764,1.38763,1.38764,0,1.38776,1.38776,1.38776,1.38776,0
39084000,1.38766,1.38766,1.38766,1.38766,0,1.38776,1.38776,1.38776,1.38776,0
39108000,1.38766,1.38766,1.38766,1.38766,0,1.38778,1.38779,1.38778,1.38779,0
39109000,1.38766,1.38766,1.38766,1.38766,0,1.38778,1.38778,1.38778,1.38778,0
39110000,1.38766,1.38766,1.38766,1.38766,0,1.38779,1.38779,1.38779,1.38779,0
39114000,1.38765,1.38765,1.38765,1.38765,0,1.38777,1.38777,1.38777,1.38777,0
39131000,1.38763,1.38766,1.38763,1.38766,0,1.38776,1.38780,1.38776,1.38780,0
39132000,1.38767,1.38770,1.38766,1.38767,0,1.38780,1.38782,1.38779,1.38780,0
39134000,1.38769,1.38769,1.38769,1.38769,0,1.38782,1.38783,1.38781,1.38783,0
39138000,1.38770,1.38770,1.38770,1.38770,0,1.38781,1.38781,1.38781,1.38781,0
39140000,1.38769,1.38769,1.38769,1.38769,0,1.38782,1.38782,1.38782,1.38782,0
39154000,1.38767,1.38767,1.38767,1.38767,0,1.38780,1.38780,1.38780,1.38780,0
39155000,1.38768,1.38768,1.38766,1.38766,0,1.38779,1.38780,1.38779,1.38780,0
39157000,1.38767,1.38767,1.38767,1.38767,0,1.38778,1.38778,1.38778,1.38778,0
39158000,1.38767,1.38767,1.38766,1.38766,0,1.38779,1.38779,1.38779,1.38779,0
39167000,1.38767,1.38767,1.38767,1.38767,0,1.38779,1.38779,1.38779,1.38779,0
39175000,1.38766,1.38766,1.38766,1.38766,0,1.38779,1.38779,1.38779,1.38779,0
39195000,1.38767,1.38767,1.38767,1.38767,0,1.38779,1.38779,1.38779,1.38779,0
39210000,1.38766,1.38766,1.38765,1.38765,0,1.38777,1.38779,1.38777,1.38779,0
39211000,1.38766,1.38766,1.38766,1.38766,0,1.38778,1.38779,1.38778,1.38779,0
39217000,1.38766,1.38766,1.38766,1.38766,0,1.38778,1.38778,1.38777,1.38777,0
39242000,1.38767,1.38767,1.38767,1.38767,0,1.38779,1.38779,1.38779,1.38779,0
39244000,1.38765,1.38765,1.38764,1.38764,0,1.38779,1.38779,1.38776,1.38777,0
39279000,1.38761,1.38761,1.38760,1.38760,0,1.38774,1.38775,1.38773,1.38773,0
39293000,1.38758,1.38758,1.38758,1.38758,0,1.38772,1.38772,1.38772,1.38772,0
39300000,1.38756,1.38756,1.38756,1.38756,0,1.38770,1.38770,1.38770,1.38770,0
39302000,1.38757,1.38757,1.38757,1.38757,0,1.38770,1.38770,1.38770,1.38770,0
39307000,1.38756,1.38756,1.38756,1.38756,0,1.38767,1.38769,1.38767,1.38769,0
39320000,1.38753,1.38753,1.38753,1.38753,0,1.38768,1.38768,1.38768,1.38768,0
39321000,1.38752,1.38752,1.38752,1.38752,0,1.38766,1.38766,1.38766,1.38766,0
39323000,1.38752,1.38752,1.38752,1.38752,0,1.38763,1.38763,1.38763,1.38763,0
39327000,1.38751,1.38751,1.38751,1.38751,0,1.38763,1.38763,1.38763,1.38763,0
39332000,1.38749,1.38750,1.38749,1.38750,0,1.38763,1.38763,1.38762,1.38762,0
39333000,1.38751,1.38751,1.38751,1.38751,0,1.38762,1.38762,1.38762,1.38762,0
39347000,1.38749,1.38749,1.38749,1.38749,0,1.38764,1.38764,1.38764,1.38764,0
39353000,1.38751,1.38751,1.38751,1.38751,0,1.38766,1.38766,1.38766,1.38766,0
39357000,1.38753,1.38753,1.38753,1.38753,0,1.38766,1.38766,1.38766,1.38766,0
39358000,1.38755,1.38755,1.38755,1.38755,0,1.38765,1.38765,1.38765,1.38765,0
39362000,1.38754,1.38754,1.38754,1.38754,0,1.38766,1.38766,1.38766,1.38766,0
39374000,1.38752,1.38752,1.38752,1.38752,0,1.38766,1.38766,1.38766,1.38766,0
39379000,1.38752,1.38752,1.38752,1.38752,0,1.38767,1.38767,1.38767,1.38767,0
39381000,1.38754,1.38754,1.38753,1.38754,0,1.38766,1.38767,1.38766,1.38767,0
39382000,1.38754,1.38754,1.38754,1.38754,0,1.38766,1.38766,1.38766,1.38766,0
39383000,1.38753,1.38753,1.38752,1.38752,0,1.38767,1.38767,1.38764,1.38764,0
39389000,1.38750,1.38750,1.38750,1.38750,0,1.38764,1.38764,1.38763,1.38763,0
39390000,1.38751,1.38751,1.38751,1.38751,0,1.38762,1.38762,1.38762,1.38762,0
39393000,1.38749,1.38750,1.38749,1.38750,0,1.38763,1.38763,1.38762,1.38762,0
39394000,1.38751,1.38751,1.38751,1.38751,0,1.38762,1.38762,1.38762,1.38762,0
39423000,1.38750,1.38750,1.38750,1.38750,0,1.38762,1.38762,1.38762,1.38762,0
39428000,1.38751,1.38751,1.38751,1.38751,0,1.38761,1.38761,1.38761,1.38761,0
39429000,1.38751,1.38758,1.38751,1.38758,0,1.38762,1.38771,1.38762,1.38771,0
39432000,1.38757,1.38757,1.38757,1.38757,0,1.38773,1.38773,1.38773,1.38773,0
39433000,1.38761,1.38761,1.38761,1.38761,0,1.38771,1.38771,1.38771,1.38771,0
39483000,1.38760,1.38760,1.38760,1.38760,0,1.38771,1.38771,1.38771,1.38771,0
39487000,1.38759,1.38759,1.38759,1.38759,0,1.38772,1.38772,1.38772,1.38772,0
39488000,1.38759,1.38759,1.38759,1.38759,0,1.38771,1.38771,1.38771,1.38771,0
39495000,1.38761,1.38761,1.38761,1.38761,0,1.38771,1.38771,1.38771,1.38771,0
39499000,1.38759,1.38759,1.38759,1.38759,0,1.38772,1.38772,1.38772,1.38772,0
39500000,1.38760,1.38760,1.38760,1.38760,0,1.38771,1.38771,1.38771,1.38771,0
39502000,1.38759,1.38759,1.38759,1.38759,0,1.38772,1.38772,1.38772,1.38772,0
39503000,1.38761,1.38761,1.38761,1.38761,0,1.38773,1.38773,1.38773,1.38773,0
39507000,1.38760,1.38760,1.38758,1.38758,0,1.38773,1.38773,1.38771,1.38771,0
39508000,1.38759,1.38759,1.38758,1.38759,0,1.38771,1.38771,1.38771,1.38771,0
39509000,1.38758,1.38759,1.38758,1.38759,0,1.38771,1.38771,1.38771,1.38771,0
39529000,1.38761,1.38761,1.38761,1.38761,0,1.38774,1.38774,1.38774,1.38774,0
39531000,1.38762,1.38762,1.38762,1.38762,0,1.38774,1.38774,1.38774,1.38774,0
39546000,1.38760,1.38760,1.38757,1.38758,0,1.38773,1.38773,1.38769,1.38769,0
39555000,1.38757,1.38757,1.38757,1.38757,0,1.38769,1.38769,1.38769,1.38769,0
39564000,1.38757,1.38757,1.38755,1.38755,0,1.38771,1.38771,1.38767,1.38767,0
39572000,1.38755,1.38755,1.38753,1.38754,0,1.38768,1.38768,1.38766,1.38767,0
39575000,1.38755,1.38755,1.38755,1.38755,0,1.38766,1.38766,1.38766,1.38766,0
39578000,1.38754,1.38754,1.38754,1.38754,0,1.38767,1.38767,1.38767,1.38767,0
39582000,1.38753,1.38757,1.38753,1.38757,0,1.38767,1.38769,1.38767,1.38768,0
39583000,1.38756,1.38756,1.38756,1.38756,0,1.38768,1.38768,1.38768,1.38768,0
39587000,1.38756,1.38756,1.38756,1.38756,0,1.38766,1.38766,1.38766,1.38766,0
39588000,1.38754,1.38754,1.38754,1.38754,0,1.38766,1.38768,1.38766,1.38768,0
39589000,1.38754,1.38754,1.38754,1.38754,0,1.38767,1.38767,1.38767,1.38767,0
39591000,1.38754,1.38754,1.38754,1.38754,0,1.38766,1.38766,1.38766,1.38766,0
39593000,1.38753,1.38753,1.38750,1.38750,0,1.38763,1.38765,1.38763,1.38763,0
39594000,1.38751,1.38751,1.38751,1.38751,0,1.38763,1.38763,1.38763,1.38763,0
39595000,1.38751,1.38751,1.38751,1.38751,0,1.38761,1.38761,1.38761,1.38761,0
39597000,1.38750,1.38750,1.38749,1.38749,0,1.38762,1.38762,1.38762,1.38762,0
39610000,1.38748,1.38748,1.38748,1.38748,0,1.38760,1.38760,1.38760,1.38760,0
39612000,1.38750,1.38750,1.38750,1.38750,0,1.38760,1.38760,1.38760,1.38760,0
39621000,1.38750,1.38750,1.38750,1.38750,0,1.38762,1.38762,1.38762,1.38762,0
39625000,1.38750,1.38750,1.38748,1.38748,0,1.38760,1.38760,1.38760,1.38760,0
39626000,1.38750,1.38750,1.38750,1.38750,0,1.38762,1.38762,1.38761,1.38761,0
39634000,1.38750,1.38750,1.38749,1.38749,0,1.38762,1.38763,1.38762,1.38763,0
39635000,1.38751,1.38751,1.38751,1.38751,0,1.38763,1.38763,1.38763,1.38763,0
39639000,1.38752,1.38752,1.38752,1.38752,0,1.38763,1.38763,1.38763,1.38763,0
39641000,1.38750,1.38750,1.38750,1.38750,0,1.38764,1.38764,1.38764,1.38764,0
39643000,1.38750,1.38750,1.38750,1.38750,0,1.38763,1.38763,1.38763,1.38763,0
39644000,1.38751,1.38751,1.38750,1.38750,0,1.38762,1.38763,1.38762,1.38763,0
39645000,1.38752,1.38752,1.38751,1.38751,0,1.38763,1.38763,1.38763,1.38763,0
39646000,1.38752,1.38753,1.38752,1.38753,0,1.38766,1.38766,1.38764,1.38764,0
39654000,1.38755,1.38755,1.38754,1.38754,0,1.38767,1.38767,1.38767,1.38767,0
39655000,1.38755,1.38755,1.38753,1.38753,0,1.38767,1.38769,1.38766,1.38766,0
39656000,1.38754,1.38754,1.38754,1.38754,0,1.38768,1.38768,1.38768,1.38768,0
39657000,1.38755,1.38755,1.38754,1.38754,0,1.38766,1.38767,1.38766,1.38767,0
39658000,1.38754,1.38754,1.38753,1.38753,0,1.38765,1.38765,1.38765,1.38765,0
39665000,1.38755,1.38755,1.38755,1.38755,0,1.38766,1.38766,1.38766,1.38766,0
39671000,1.38754,1.38754,1.38754,1.38754,0,1.38767,1.38767,1.38767,1.38767,0
39672000,1.38754,1.38754,1.38754,1.38754,0,1.38765,1.38765,1.38765,1.38765,0
39674000,1.38753,1.38753,1.38752,1.38752,0,1.38765,1.38766,1.38765,1.38766,0
39675000,1.38752,1.38752,1.38752,1.38752,0,1.38764,1.38764,1.38764,1.38764,0
39677000,1.38750,1.38752,1.38750,1.38752,0,1.38764,1.38765,1.38764,1.38765,0
39680000,1.38755,1.38759,1.38755,1.38759,0,1.38767,1.38771,1.38767,1.38771,0
39696000,1.38759,1.38759,1.38757,1.38759,0,1.38772,1.38772,1.38770,1.38771,0
39716000,1.38762,1.38762,1.38762,1.38762,0,1.38774,1.38774,1.38774,1.38774,0
39720000,1.38761,1.38761,1.38761,1.38761,0,1.38774,1.38774,1.38774,1.38774,0
39728000,1.38762,1.38762,1.38762,1.38762,0,1.38773,1.38773,1.38773,1.38773,0
39744000,1.38762,1.38762,1.38762,1.38762,0,1.38774,1.38774,1.38774,1.38774,0
39781000,1.38762,1.38762,1.38762,1.38762,0,1.38773,1.38773,1.38773,1.38773,0
39785000,1.38761,1.38761,1.38761,1.38761,0,1.38773,1.38773,1.38773,1.38773,0
39790000,1.38760,1.38760,1.38751,1.38753,0,1.38773,1.38773,1.38764,1.38764,0
39794000,1.38751,1.38751,1.38751,1.38751,0,1.38762,1.38762,1.38761,1.38761,0
39796000,1.38751,1.38751,1.38751,1.38751,0,1.38763,1.38764,1.38763,1.38764,0
39804000,1.38752,1.38752,1.38752,1.38752,0,1.38764,1.38764,1.38764,1.38764,0
39814000,1.38752,1.38752,1.38752,1.38752,0,1.38763,1.38763,1.38763,1.38763,0
39825000,1.38752,1.38752,1.38752,1.38752,0,1.38764,1.38764,1.38764,1.38764,0
39836000,1.38755,1.38755,1.38753,1.38753,0,1.38767,1.38767,1.38765,1.38765,0
39861000,1.38755,1.38755,1.38754,1.38754,0,1.38765,1.38766,1.38765,1.38766,0
39865000,1.38754,1.38754,1.38753,1.38753,0,1.38764,1.38767,1.38764,1.38767,0
39866000,1.38750,1.38750,1.38750,1.38750,0,1.38764,1.38764,1.38764,1.38764,0
39867000,1.38751,1.38751,1.38751,1.38751,0,1.38763,1.38763,1.38763,1.38763,0
39875000,1.38751,1.38751,1.38751,1.38751,0,1.38764,1.38764,1.38764,1.38764,0
39876000,1.38751,1.38751,1.38751,1.38751,0,1.38763,1.38763,1.38763,1.38763,0
39878000,1.38752,1.38752,1.38752,1.38752,0,1.38766,1.38766,1.38766,1.38766,0
39891000,1.38753,1.38753,1.38753,1.38753,0,1.38765,1.38765,1.38765,1.38765,0
39899000,1.38752,1.38752,1.38752,1.38752,0,1.38766,1.38766,1.38766,1.38766,0
39912000,1.38754,1.38754,1.38751,1.38751,0,1.38765,1.38765,1.38763,1.38763,0
39913000,1.38751,1.38751,1.38751,1.38751,0,1.38764,1.38764,1.38764,1.38764,0
39914000,1.38751,1.38751,1.38751,1.38751,0,1.38763,1.38763,1.38763,1.38763,0
39931000,1.38750,1.38750,1.38750,1.38750,0,1.38764,1.38764,1.38764,1.38764,0
39946000,1.38750,1.38750,1.38750,1.38750,0,1.38762,1.38762,1.38762,1.38762,0
39962000,1.38749,1.38750,1.38749,1.38749,0,1.38762,1.38762,1.38761,1.38762,0
40013000,1.38751,1.38751,1.38751,1.38751,0,1.38762,1.38762,1.38762,1.38762,0
40014000,1.38753,1.38753,1.38753,1.38753,0,1.38764,1.38764,1.38764,1.38764,0
40022000,1.38753,1.38753,1.38753,1.38753,0,1.38765,1.38765,1.38765,1.38765,0
40032000,1.38754,1.38754,1.38754,1.38754,0,1.38765,1.38765,1.38765,1.38765,0
40041000,1.38753,1.38753,1.38750,1.38750,0,1.38766,1.38767,1.38762,1.38762,0
40042000,1.38749,1.38749,1.38749,1.38749,0,1.38762,1.38762,1.38762,1.38762,0
40044000,1.38751,1.38751,1.38751,1.38751,0,1.38764,1.38764,1.38764,1.38764,0
40045000,1.38751,1.38757,1.38751,1.38757,0,1.38763,1.38770,1.38763,1.38770,0
40046000,1.38758,1.38758,1.38758,1.38758,0,1.38770,1.38770,1.38770,1.38770,0
40048000,1.38756,1.38757,1.38756,1.38757,0,1.38771,1.38771,1.38770,1.38770,0
40049000,1.38758,1.38758,1.38758,1.38758,0,1.38769,1.38769,1.38769,1.38769,0
40050000,1.38756,1.38756,1.38753,1.38753,0,1.38770,1.38770,1.38767,1.38767,0
40063000,1.38755,1.38755,1.38755,1.38755,0,1.38768,1.38769,1.38768,1.38769,0
40069000,1.38757,1.38757,1.38757,1.38757,0,1.38770,1.38770,1.38770,1.38770,0
40073000,1.38756,1.38757,1.38756,1.38757,0,1.38770,1.38770,1.38769,1.38769,0
40074000,1.38758,1.38758,1.38758,1.38758,0,1.38769,1.38769,1.38769,1.38769,0
40077000,1.38757,1.38757,1.38756,1.38757,0,1.38769,1.38770,1.38769,1.38770,0
40078000,1.38758,1.38758,1.38758,1.38758,0,1.38769,1.38769,1.38769,1.38769,0
40083000,1.38757,1.38757,1.38753,1.38754,0,1.38770,1.38770,1.38767,1.38767,0
40084000,1.38757,1.38757,1.38757,1.38757,0,1.38769,1.38769,1.38769,1.38769,0
40085000,1.38756,1.38756,1.38756,1.38756,0,1.38769,1.38769,1.38769,1.38769,0
40123000,1.38753,1.38753,1.38753,1.38753,0,1.38766,1.38766,1.38766,1.38766,0
40124000,1.38752,1.38752,1.38752,1.38752,0,1.38764,1.38764,1.38764,1.38764,0
40130000,1.38750,1.38751,1.38750,1.38751,0,1.38764,1.38764,1.38763,1.38763,0
40138000,1.38750,1.38753,1.38750,1.38753,0,1.38764,1.38766,1.38764,1.38766,0
40139000,1.38754,1.38754,1.38752,1.38752,0,1.38766,1.38766,1.38763,1.38763,0
40140000,1.38751,1.38751,1.38751,1.38751,0,1.38764,1.38764,1.38764,1.38764,0
40159000,1.38751,1.38751,1.38751,1.38751,0,1.38763,1.38763,1.38763,1.38763,0
40200000,1.38751,1.38751,1.38750,1.38750,0,1.38761,1.38762,1.38761,1.38762,0
40209000,1.38749,1.38749,1.38749,1.38749,0,1.38760,1.38760,1.38760,1.38760,0
40218000,1.38749,1.38749,1.38749,1.38749,0,1.38761,1.38761,1.38761,1.38761,0
40220000,1.38749,1.38749,1.38749,1.38749,0,1.38762,1.38762,1.38762,1.38762,0
40222000,1.38750,1.38750,1.38750,1.38750,0,1.38762,1.38762,1.38762,1.38762,0
40225000,1.38749,1.38749,1.38749,1.38749,0,1.38763,1.38763,1.38763,1.38763,0
40242000,1.38749,1.38749,1.38749,1.38749,0,1.38760,1.38760,1.38760,1.38760,0
40246000,1.38749,1.38749,1.38749,1.38749,0,1.38763,1.38763,1.38763,1.38763,0
40268000,1.38750,1.38750,1.38750,1.38750,0,1.38761,1.38761,1.38761,1.38761,0
40274000,1.38750,1.38750,1.38750,1.38750,0,1.38763,1.38763,1.38763,1.38763,0
40295000,1.38750,1.38750,1.38749,1.38750,0,1.38761,1.38763,1.38761,1.38763,0
40307000,1.38752,1.38752,1.38752,1.38752,0,1.38763,1.38763,1.38763,1.38763,0
40319000,1.38750,1.38750,1.38750,1.38750,0,1.38765,1.38765,1.38765,1.38765,0
40322000,1.38751,1.38751,1.38751,1.38751,0,1.38764,1.38764,1.38764,1.38764,0
40323000,1.38752,1.38752,1.38752,1.38752,0,1.38763,1.38763,1.38763,1.38763,0
40326000,1.38750,1.38750,1.38749,1.38749,0,1.38765,1.38765,1.38763,1.38763,0
40327000,1.38750,1.38750,1.38750,1.38750,0,1.38761,1.38762,1.38761,1.38762,0
40349000,1.38749,1.38749,1.38749,1.38749,0,1.38762,1.38762,1.38762,1.38762,0
40379000,1.38749,1.38749,1.38749,1.38749,0,1.38761,1.38761,1.38761,1.38761,0
40380000,1.38750,1.38750,1.38750,1.38750,0,1.38764,1.38764,1.38764,1.38764,0
40386000,1.38751,1.38751,1.38751,1.38751,0,1.38764,1.38764,1.38764,1.38764,0
40399000,1.38749,1.38749,1.38749,1.38749,0,1.38762,1.38762,1.38762,1.38762,0
40416000,1.38750,1.38750,1.38749,1.38749,0,1.38762,1.38763,1.38762,1.38763,0
40426000,1.38748,1.38748,1.38747,1.38747,0,1.38761,1.38761,1.38761,1.38761,0
40429000,1.38749,1.38749,1.38749,1.38749,0,1.38761,1.38761,1.38761,1.38761,0
40439000,1.38748,1.38748,1.38748,1.38748,0,1.38762,1.38762,1.38762,1.38762,0
40455000,1.38749,1.38749,1.38749,1.38749,0,1.38761,1.38761,1.38761,1.38761,0
40481000,1.38749,1.38749,1.38748,1.38748,0,1.38762,1.38763,1.38762,1.38763,0
40482000,1.38750,1.38750,1.38750,1.38750,0,1.38762,1.38762,1.38762,1.38762,0
40493000,1.38747,1.38747,1.38747,1.38747,0,1.38761,1.38761,1.38761,1.38761,0
40534000,1.38748,1.38749,1.38748,1.38749,0,1.38761,1.38761,1.38760,1.38760,0
40535000,1.38748,1.38748,1.38748,1.38748,0,1.38761,1.38761,1.38761,1.38761,0
40552000,1.38750,1.38750,1.38750,1.38750,0,1.38761,1.38761,1.38761,1.38761,0
40557000,1.38749,1.38750,1.38749,1.38750,0,1.38761,1.38761,1.38761,1.38761,0
40560000,1.38749,1.38749,1.38749,1.38749,0,1.38762,1.38762,1.38762,1.38762,0
40584000,1.38749,1.38749,1.38749,1.38749,0,1.38760,1.38760,1.38760,1.38760,0
40591000,1.38748,1.38748,1.38743,1.38743,0,1.38761,1.38761,1.38756,1.38756,0
40592000,1.38745,1.38745,1.38745,1.38745,0,1.38758,1.38758,1.38757,1.38757,0
40595000,1.38744,1.38744,1.38744,1.38744,0,1.38757,1.38757,1.38757,1.38757,0
40596000,1.38745,1.38745,1.38745,1.38745,0,1.38757,1.38757,1.38757,1.38757,0
40601000,1.38745,1.38745,1.38745,1.38745,0,1.38758,1.38758,1.38758,1.38758,0
40602000,1.38746,1.38746,1.38746,1.38746,0,1.38760,1.38760,1.38758,1.38758,0
40603000,1.38745,1.38745,1.38745,1.38745,0,1.38759,1.38759,1.38759,1.38759,0
40605000,1.38744,1.38745,1.38744,1.38745,0,1.38757,1.38757,1.38757,1.38757,0
40616000,1.38745,1.38745,1.38743,1.38743,0,1.38758,1.38758,1.38756,1.38756,0
40617000,1.38742,1.38742,1.38742,1.38742,0,1.38754,1.38754,1.38754,1.38754,0
40622000,1.38742,1.38742,1.38741,1.38741,0,1.38755,1.38755,1.38753,1.38754,0
40625000,1.38738,1.38738,1.38736,1.38737,0,1.38751,1.38752,1.38749,1.38750,0
40630000,1.38739,1.38744,1.38739,1.38743,0,1.38752,1.38758,1.38752,1.38757,0
40633000,1.38742,1.38742,1.38742,1.38742,0,1.38755,1.38755,1.38755,1.38755,0
40636000,1.38741,1.38741,1.38741,1.38741,0,1.38755,1.38755,1.38754,1.38754,0
40637000,1.38741,1.38741,1.38741,1.38741,0,1.38752,1.38752,1.38752,1.38752,0
40643000,1.38739,1.38739,1.38739,1.38739,0,1.38753,1.38753,1.38753,1.38753,0
40644000,1.38738,1.38738,1.38738,1.38738,0,1.38751,1.38751,1.38751,1.38751,0
40654000,1.38741,1.38741,1.38741,1.38741,0,1.38753,1.38753,1.38753,1.38753,0
40669000,1.38740,1.38741,1.38740,1.38741,0,1.38754,1.38754,1.38754,1.38754,0
40672000,1.38740,1.38740,1.38740,1.38740,0,1.38754,1.38754,1.38754,1.38754,0
40680000,1.38741,1.38741,1.38741,1.38741,0,1.38754,1.38754,1.38754,1.38754,0
40681000,1.38740,1.38740,1.38740,1.38740,0,1.38755,1.38755,1.38755,1.38755,0
40687000,1.38740,1.38740,1.38740,1.38740,0,1.38754,1.38754,1.38754,1.38754,0
40698000,1.38741,1.38741,1.38741,1.38741,0,1.38754,1.38754,1.38754,1.38754,0
40714000,1.38743,1.38748,1.38743,1.38748,0,1.38757,1.38762,1.38757,1.38761,0
40715000,1.38748,1.38748,1.38748,1.38748,0,1.38760,1.38760,1.38760,1.38760,0
40717000,1.38748,1.38748,1.38748,1.38748,0,1.38762,1.38762,1.38762,1.38762,0
40723000,1.38749,1.38749,1.38749,1.38749,0,1.38761,1.38761,1.38761,1.38761,0
40729000,1.38752,1.38752,1.38752,1.38752,0,1.38762,1.38762,1.38762,1.38762,0
40734000,1.38749,1.38751,1.38749,1.38751,0,1.38762,1.38764,1.38762,1.38764,0
40744000,1.38752,1.38752,1.38752,1.38752,0,1.38764,1.38764,1.38764,1.38764,0
40778000,1.38750,1.38750,1.38750,1.38750,0,1.38764,1.38764,1.38764,1.38764,0
40784000,1.38751,1.38754,1.38751,1.38752,0,1.38763,1.38769,1.38763,1.38766,0
40785000,1.38753,1.38753,1.38753,1.38753,0,1.38765,1.38765,1.38765,1.38765,0
40790000,1.38753,1.38753,1.38753,1.38753,0,1.38763,1.38763,1.38763,1.38763,0
40799000,1.38753,1.38753,1.38753,1.38753,0,1.38765,1.38767,1.38765,1.38767,0
40804000,1.38754,1.38754,1.38753,1.38753,0,1.38766,1.38767,1.38766,1.38767,0
40805000,1.38754,1.38754,1.38754,1.38754,0,1.38766,1.38766,1.38766,1.38766,0
40806000,1.38753,1.38753,1.38753,1.38753,0,1.38767,1.38767,1.38766,1.38766,0
40808000,1.38754,1.38760,1.38754,1.38760,0,1.38766,1.38773,1.38766,1.38772,0
40810000,1.38759,1.38759,1.38756,1.38756,0,1.38773,1.38773,1.38769,1.38770,0
40811000,1.38758,1.38758,1.38758,1.38758,0,1.38769,1.38769,1.38769,1.38769,0
40814000,1.38758,1.38758,1.38758,1.38758,0,1.38771,1.38772,1.38771,1.38772,0
40820000,1.38758,1.38758,1.38757,1.38757,0,1.38770,1.38771,1.38770,1.38771,0
40822000,1.38758,1.38758,1.38758,1.38758,0,1.38770,1.38770,1.38770,1.38770,0
40824000,1.38757,1.38758,1.38757,1.38758,0,1.38772,1.38772,1.38772,1.38772,0
40825000,1.38759,1.38760,1.38759,1.38760,0,1.38772,1.38772,1.38771,1.38771,0
40828000,1.38758,1.38758,1.38758,1.38758,0,1.38772,1.38772,1.38772,1.38772,0
40829000,1.38759,1.38760,1.38758,1.38759,0,1.38770,1.38770,1.38769,1.38770,0
40836000,1.38758,1.38759,1.38758,1.38758,0,1.38770,1.38773,1.38770,1.38773,0
40837000,1.38759,1.38759,1.38759,1.38759,0,1.38772,1.38772,1.38772,1.38772,0
40864000,1.38757,1.38757,1.38757,1.38757,0,1.38770,1.38770,1.38770,1.38770,0
40869000,1.38759,1.38759,1.38759,1.38759,0,1.38772,1.38772,1.38772,1.38772,0
40891000,1.38757,1.38757,1.38756,1.38756,0,1.38770,1.38771,1.38770,1.38771,0
40893000,1.38758,1.38758,1.38758,1.38758,0,1.38770,1.38770,1.38770,1.38770,0
40898000,1.38758,1.38758,1.38758,1.38758,0,1.38772,1.38772,1.38772,1.38772,0
40904000,1.38758,1.38758,1.38758,1.38758,0,1.38771,1.38771,1.38771,1.38771,0
40905000,1.38756,1.38756,1.38753,1.38754,0,1.38769,1.38769,1.38766,1.38766,0
40906000,1.38752,1.38752,1.38750,1.38750,0,1.38765,1.38765,1.38763,1.38763,0
40907000,1.38749,1.38750,1.38749,1.38750,0,1.38764,1.38764,1.38764,1.38764,0
40908000,1.38752,1.38752,1.38751,1.38751,0,1.38763,1.38764,1.38763,1.38764,0
40918000,1.38752,1.38752,1.38752,1.38752,0,1.38763,1.38763,1.38763,1.38763,0
40926000,1.38752,1.38752,1.38750,1.38750,0,1.38764,1.38767,1.38764,1.38766,0
40927000,1.38752,1.38752,1.38752,1.38752,0,1.38768,1.38768,1.38766,1.38766,0
40928000,1.38753,1.38754,1.38753,1.38754,0,1.38765,1.38765,1.38764,1.38764,0
40929000,1.38752,1.38752,1.38752,1.38752,0,1.38764,1.38764,1.38764,1.38764,0
40932000,1.38749,1.38751,1.38749,1.38751,0,1.38767,1.38767,1.38765,1.38765,0
40936000,1.38753,1.38753,1.38753,1.38753,0,1.38764,1.38764,1.38764,1.38764,0
40939000,1.38751,1.38753,1.38751,1.38753,0,1.38765,1.38765,1.38764,1.38764,0
40940000,1.38753,1.38755,1.38753,1.38755,0,1.38765,1.38767,1.38765,1.38767,0
40941000,1.38753,1.38753,1.38753,1.38753,0,1.38767,1.38767,1.38767,1.38767,0
40942000,1.38755,1.38755,1.38755,1.38755,0,1.38766,1.38766,1.38766,1.38766,0
40947000,1.38753,1.38753,1.38753,1.38753,0,1.38768,1.38768,1.38768,1.38768,0
40948000,1.38754,1.38754,1.38754,1.38754,0,1.38768,1.38768,1.38768,1.38768,0
40949000,1.38754,1.38754,1.38754,1.38754,0,1.38767,1.38767,1.38767,1.38767,0
40969000,1.38754,1.38754,1.38754,1.38754,0,1.38765,1.38765,1.38765,1.38765,0
40990000,1.38753,1.38753,1.38753,1.38753,0,1.38766,1.38766,1.38766,1.38766,0
40995000,1.38753,1.38755,1.38753,1.38755,0,1.38767,1.38768,1.38767,1.38768,0
40996000,1.38755,1.38755,1.38755,1.38755,0,1.38767,1.38767,1.38767,1.38767,0
40997000,1.38753,1.38753,1.38753,1.38753,0,1.38767,1.38767,1.38767,1.38767,0
41000000,1.38753,1.38753,1.38753,1.38753,0,1.38766,1.38766,1.38766,1.38766,0
41002000,1.38754,1.38754,1.38754,1.38754,0,1.38766,1.38766,1.38766,1.38766,0
41005000,1.38753,1.38753,1.38753,1.38753,0,1.38767,1.38767,1.38767,1.38767,0
41006000,1.38753,1.38753,1.38753,1.38753,0,1.38766,1.38766,1.38766,1.38766,0
41026000,1.38755,1.38761,1.38755,1.38759,0,1.38768,1.38774,1.38768,1.38771,0
41028000,1.38760,1.38760,1.38760,1.38760,0,1.38770,1.38770,1.38770,1.38770,0
41029000,1.38759,1.38759,1.38759,1.38759,0,1.38771,1.38771,1.38771,1.38771,0
41032000,1.38759,1.38759,1.38757,1.38757,0,1.38770,1.38770,1.38768,1.38768,0
41037000,1.38758,1.38758,1.38758,1.38758,0,1.38767,1.38767,1.38767,1.38767,0
41040000,1.38756,1.38756,1.38756,1.38756,0,1.38770,1.38770,1.38770,1.38770,0
41042000,1.38758,1.38758,1.38758,1.38758,0,1.38768,1.38768,1.38768,1.38768,0
41046000,1.38757,1.38758,1.38757,1.38758,0,1.38770,1.38770,1.38770,1.38770,0
41047000,1.38758,1.38758,1.38757,1.38757,0,1.38771,1.38772,1.38771,1.38771,0
41048000,1.38758,1.38758,1.38758,1.38758,0,1.38771,1.38771,1.38771,1.38771,0
41050000,1.38758,1.38759,1.38758,1.38759,0,1.38772,1.38772,1.38771,1.38771,0
41076000,1.38758,1.38758,1.38758,1.38758,0,1.38771,1.38771,1.38771,1.38771,0
41077000,1.38757,1.38757,1.38757,1.38757,0,1.38771,1.38771,1.38771,1.38771,0
41078000,1.38757,1.38757,1.38757,1.38757,0,1.38769,1.38769,1.38768,1.38768,0
41079000,1.38756,1.38756,1.38756,1.38756,0,1.38770,1.38770,1.38770,1.38770,0
41080000,1.38757,1.38758,1.38757,1.38758,0,1.38769,1.38769,1.38768,1.38768,0
41081000,1.38756,1.38756,1.38756,1.38756,0,1.38770,1.38770,1.38770,1.38770,0
41083000,1.38757,1.38757,1.38757,1.38757,0,1.38769,1.38769,1.38769,1.38769,0
41104000,1.38757,1.38757,1.38757,1.38757,0,1.38768,1.38768,1.38768,1.38768,0
41131000,1.38758,1.38759,1.38758,1.38759,0,1.38771,1.38771,1.38771,1.38771,0
41133000,1.38759,1.38759,1.38759,1.38759,0,1.38772,1.38772,1.38770,1.38770,0
41141000,1.38759,1.38759,1.38759,1.38759,0,1.38772,1.38772,1.38772,1.38772,0
41148000,1.38759,1.38759,1.38759,1.38759,0,1.38770,1.38770,1.38770,1.38770,0
41167000,1.38759,1.38759,1.38759,1.38759,0,1.38771,1.38771,1.38771,1.38771,0
41202000,1.38762,1.38762,1.38762,1.38762,0,1.38773,1.38773,1.38773,1.38773,0
41205000,1.38763,1.38763,1.38763,1.38763,0,1.38775,1.38775,1.38774,1.38774,0
41215000,1.38761,1.38764,1.38761,1.38764,0,1.38774,1.38776,1.38774,1.38776,0
41216000,1.38766,1.38766,1.38765,1.38765,0,1.38775,1.38776,1.38775,1.38776,0
41220000,1.38763,1.38763,1.38763,1.38763,0,1.38777,1.38777,1.38777,1.38777,0
41221000,1.38765,1.38765,1.38764,1.38765,0,1.38779,1.38779,1.38779,1.38779,0
41222000,1.38764,1.38764,1.38764,1.38764,0,1.38779,1.38779,1.38779,1.38779,0
41224000,1.38765,1.38765,1.38765,1.38765,0,1.38777,1.38777,1.38777,1.38777,0
41227000,1.38766,1.38767,1.38766,1.38767,0,1.38780,1.38780,1.38780,1.38780,0
41235000,1.38768,1.38768,1.38768,1.38768,0,1.38780,1.38780,1.38780,1.38780,0
41243000,1.38767,1.38771,1.38767,1.38771,0,1.38780,1.38783,1.38780,1.38783,0
41244000,1.38772,1.38772,1.38771,1.38771,0,1.38782,1.38784,1.38782,1.38784,0
41245000,1.38772,1.38772,1.38772,1.38772,0,1.38784,1.38784,1.38784,1.38784,0
41251000,1.38772,1.38772,1.38772,1.38772,0,1.38785,1.38785,1.38784,1.38784,0
41252000,1.38773,1.38773,1.38773,1.38773,0,1.38783,1.38784,1.38783,1.38784,0
41263000,1.38771,1.38771,1.38771,1.38771,0,1.38784,1.38784,1.38784,1.38784,0
41272000,1.38772,1.38772,1.38772,1.38772,0,1.38784,1.38784,1.38784,1.38784,0
41280000,1.38770,1.38770,1.38770,1.38770,0,1.38783,1.38783,1.38783,1.38783,0
41283000,1.38771,1.38773,1.38771,1.38773,0,1.38783,1.38786,1.38783,1.38785,0
41290000,1.38774,1.38774,1.38771,1.38771,0,1.38785,1.38786,1.38784,1.38784,0
41291000,1.38771,1.38771,1.38771,1.38771,0,1.38781,1.38781,1.38781,1.38781,0
41295000,1.38771,1.38771,1.38769,1.38769,0,1.38782,1.38783,1.38782,1.38783,0
41307000,1.38772,1.38772,1.38772,1.38772,0,1.38783,1.38783,1.38783,1.38783,0
41308000,1.38771,1.38771,1.38771,1.38771,0,1.38783,1.38783,1.38783,1.38783,0
41332000,1.38771,1.38771,1.38771,1.38771,0,1.38785,1.38785,1.38784,1.38784,0
41333000,1.38772,1.38772,1.38772,1.38772,0,1.38783,1.38783,1.38783,1.38783,0
41340000,1.38770,1.38770,1.38770,1.38770,0,1.38781,1.38781,1.38781,1.38781,0
41370000,1.38772,1.38772,1.38772,1.38772,0,1.38784,1.38784,1.38784,1.38784,0
41402000,1.38772,1.38772,1.38771,1.38771,0,1.38783,1.38785,1.38783,1.38785,0
41405000,1.38772,1.38772,1.38772,1.38772,0,1.38782,1.38782,1.38782,1.38782,0
41407000,1.38771,1.38771,1.38771,1.38771,0,1.38782,1.38782,1.38782,1.38782,0
41423000,1.38767,1.38768,1.38767,1.38768,0,1.38783,1.38783,1.38781,1.38781,0
41425000,1.38768,1.38768,1.38768,1.38768,0,1.38780,1.38780,1.38780,1.38780,0
41428000,1.38767,1.38767,1.38767,1.38767,0,1.38781,1.38781,1.38781,1.38781,0
41432000,1.38769,1.38769,1.38769,1.38769,0,1.38781,1.38781,1.38781,1.38781,0
41436000,1.38769,1.38769,1.38769,1.38769,0,1.38780,1.38780,1.38780,1.38780,0
41444000,1.38768,1.38768,1.38768,1.38768,0,1.38782,1.38782,1.38782,1.38782,0
41445000,1.38769,1.38769,1.38769,1.38769,0,1.38781,1.38781,1.38781,1.38781,0
41448000,1.38768,1.38768,1.38768,1.38768,0,1.38782,1.38782,1.38782,1.38782,0
41453000,1.38769,1.38769,1.38768,1.38768,0,1.38781,1.38781,1.38781,1.38781,0
41459000,1.38766,1.38766,1.38765,1.38765,0,1.38778,1.38778,1.38777,1.38778,0
41463000,1.38766,1.38766,1.38766,1.38766,0,1.38777,1.38777,1.38777,1.38777,0
41474000,1.38763,1.38763,1.38763,1.38763,0,1.38777,1.38777,1.38775,1.38775,0
41476000,1.38763,1.38763,1.38763,1.38763,0,1.38774,1.38774,1.38774,1.38774,0
41477000,1.38761,1.38761,1.38761,1.38761,0,1.38774,1.38774,1.38774,1.38774,0
41479000,1.38762,1.38762,1.38762,1.38762,0,1.38773,1.38773,1.38773,1.38773,0
41482000,1.38760,1.38761,1.38760,1.38761,0,1.38774,1.38774,1.38773,1.38773,0
41483000,1.38762,1.38762,1.38762,1.38762,0,1.38772,1.38772,1.38772,1.38772,0
41489000,1.38761,1.38761,1.38761,1.38761,0,1.38773,1.38773,1.38773,1.38773,0
41494000,1.38758,1.38758,1.38758,1.38758,0,1.38772,1.38772,1.38772,1.38772,0
41497000,1.38758,1.38758,1.38758,1.38758,0,1.38771,1.38771,1.38771,1.38771,0
41510000,1.38756,1.38756,1.38754,1.38754,0,1.38769,1.38769,1.38767,1.38767,0
41515000,1.38752,1.38752,1.38752,1.38752,0,1.38767,1.38767,1.38766,1.38766,0
41516000,1.38753,1.38754,1.38753,1.38754,0,1.38765,1.38765,1.38765,1.38765,0
41517000,1.38752,1.38752,1.38752,1.38752,0,1.38766,1.38766,1.38766,1.38766,0
41518000,1.38754,1.38754,1.38754,1.38754,0,1.38766,1.38767,1.38766,1.38766,0
41520000,1.38752,1.38752,1.38752,1.38752,0,1.38765,1.38765,1.38765,1.38765,0
41521000,1.38750,1.38750,1.38750,1.38750,0,1.38763,1.38763,1.38763,1.38763,0
41530000,1.38750,1.38750,1.38750,1.38750,0,1.38761,1.38761,1.38761,1.38761,0
41536000,1.38749,1.38749,1.38747,1.38747,0,1.38761,1.38761,1.38759,1.38759,0
41537000,1.38749,1.38749,1.38749,1.38749,0,1.38762,1.38762,1.38761,1.38761,0
41538000,1.38749,1.38749,1.38749,1.38749,0,1.38762,1.38762,1.38762,1.38762,0
41545000,1.38751,1.38751,1.38751,1.38751,0,1.38763,1.38763,1.38763,1.38763,0
41550000,1.38748,1.38748,1.38748,1.38748,0,1.38762,1.38762,1.38762,1.38762,0
41551000,1.38749,1.38751,1.38749,1.38751,0,1.38761,1.38764,1.38761,1.38764,0
41568000,1.38748,1.38748,1.38748,1.38748,0,1.38761,1.38761,1.38761,1.38761,0
41570000,1.38748,1.38748,1.38748,1.38748,0,1.38760,1.38760,1.38760,1.38760,0
41575000,1.38747,1.38747,1.38745,1.38746,0,1.38760,1.38761,1.38759,1.38760,0
41582000,1.38745,1.38745,1.38741,1.38741,0,1.38758,1.38758,1.38755,1.38755,0
41593000,1.38742,1.38742,1.38742,1.38742,0,1.38754,1.38754,1.38754,1.38754,0
41598000,1.38742,1.38742,1.38742,1.38742,0,1.38753,1.38753,1.38753,1.38753,0
41601000,1.38740,1.38740,1.38740,1.38740,0,1.38752,1.38752,1.38752,1.38752,0
41602000,1.38738,1.38739,1.38738,1.38739,0,1.38752,1.38752,1.38751,1.38751,0
41617000,1.38739,1.38740,1.38739,1.38740,0,1.38752,1.38752,1.38752,1.38752,0
41618000,1.38742,1.38742,1.38742,1.38742,0,1.38755,1.38755,1.38754,1.38754,0
41621000,1.38742,1.38742,1.38742,1.38742,0,1.38755,1.38755,1.38755,1.38755,0
41625000,1.38742,1.38742,1.38742,1.38742,0,1.38754,1.38754,1.38754,1.38754,0
41626000,1.38743,1.38744,1.38743,1.38744,0,1.38757,1.38757,1.38757,1.38757,0
41627000,1.38746,1.38746,1.38746,1.38746,0,1.38757,1.38757,1.38757,1.38757,0
41641000,1.38746,1.38746,1.38745,1.38745,0,1.38758,1.38759,1.38758,1.38758,0
41642000,1.38745,1.38745,1.38745,1.38745,0,1.38757,1.38757,1.38757,1.38757,0
41643000,1.38745,1.38745,1.38745,1.38745,0,1.38756,1.38757,1.38756,1.38757,0
41645000,1.38747,1.38747,1.38747,1.38747,0,1.38757,1.38757,1.38757,1.38757,0
41648000,1.38746,1.38746,1.38743,1.38744,0,1.38758,1.38759,1.38757,1.38757,0
41649000,1.38744,1.38745,1.38743,1.38743,0,1.38755,1.38757,1.38754,1.38757,0
41653000,1.38745,1.38745,1.38745,1.38745,0,1.38759,1.38759,1.38759,1.38759,0
41654000,1.38746,1.38747,1.38746,1.38747,0,1.38758,1.38759,1.38757,1.38759,0
41666000,1.38746,1.38748,1.38746,1.38748,0,1.38759,1.38762,1.38758,1.38761,0
41667000,1.38750,1.38750,1.38750,1.38750,0,1.38761,1.38761,1.38760,1.38760,0
41673000,1.38751,1.38753,1.38750,1.38752,0,1.38762,1.38768,1.38762,1.38766,0
41675000,1.38754,1.38754,1.38753,1.38753,0,1.38764,1.38765,1.38764,1.38765,0
41676000,1.38752,1.38752,1.38752,1.38752,0,1.38766,1.38766,1.38766,1.38766,0
41685000,1.38753,1.38753,1.38753,1.38753,0,1.38765,1.38765,1.38765,1.38765,0
41690000,1.38754,1.38754,1.38754,1.38754,0,1.38764,1.38764,1.38764,1.38764,0
41691000,1.38753,1.38753,1.38753,1.38753,0,1.38765,1.38765,1.38765,1.38765,0
41692000,1.38752,1.38753,1.38752,1.38753,0,1.38766,1.38766,1.38765,1.38765,0
41700000,1.38752,1.38752,1.38750,1.38751,0,1.38767,1.38767,1.38764,1.38764,0
41701000,1.38752,1.38752,1.38752,1.38752,0,1.38764,1.38764,1.38764,1.38764,0
41705000,1.38752,1.38752,1.38750,1.38752,0,1.38765,1.38767,1.38764,1.38764,0
41710000,1.38755,1.38755,1.38755,1.38755,0,1.38767,1.38767,1.38767,1.38767,0
41711000,1.38755,1.38755,1.38753,1.38754,0,1.38768,1.38768,1.38766,1.38766,0
41745000,1.38753,1.38753,1.38753,1.38753,0,1.38766,1.38768,1.38766,1.38768,0
41746000,1.38754,1.38754,1.38754,1.38754,0,1.38767,1.38767,1.38767,1.38767,0
41762000,1.38752,1.38752,1.38748,1.38748,0,1.38764,1.38765,1.38761,1.38761,0
41763000,1.38750,1.38750,1.38750,1.38750,0,1.38761,1.38761,1.38761,1.38761,0
41766000,1.38749,1.38749,1.38749,1.38749,0,1.38762,1.38762,1.38762,1.38762,0
41771000,1.38751,1.38751,1.38751,1.38751,0,1.38763,1.38763,1.38763,1.38763,0
41772000,1.38752,1.38752,1.38752,1.38752,0,1.38762,1.38762,1.38762,1.38762,0
41773000,1.38751,1.38751,1.38751,1.38751,0,1.38763,1.38763,1.38763,1.38763,0
41778000,1.38754,1.38754,1.38754,1.38754,0,1.38766,1.38766,1.38766,1.38766,0
41783000,1.38754,1.38754,1.38754,1.38754,0,1.38767,1.38767,1.38767,1.38767,0
41787000,1.38755,1.38755,1.38755,1.38755,0,1.38767,1.38767,1.38767,1.38767,0
41791000,1.38753,1.38753,1.38753,1.38753,0,1.38765,1.38765,1.38765,1.38765,0
41794000,1.38754,1.38754,1.38754,1.38754,0,1.38765,1.38765,1.38765,1.38765,0
41797000,1.38752,1.38752,1.38752,1.38752,0,1.38766,1.38766,1.38766,1.38766,0
41798000,1.38753,1.38753,1.38753,1.38753,0,1.38765,1.38765,1.38765,1.38765,0
41807000,1.38754,1.38754,1.38754,1.38754,0,1.38765,1.38765,1.38765,1.38765,0
41820000,1.38753,1.38755,1.38753,1.38755,0,1.38766,1.38768,1.38766,1.38767,0
41821000,1.38755,1.38755,1.38755,1.38755,0,1.38766,1.38766,1.38766,1.38766,0
41832000,1.38756,1.38756,1.38756,1.38756,0,1.38768,1.38768,1.38768,1.38768,0
41874000,1.38757,1.38757,1.38757,1.38757,0,1.38768,1.38768,1.38768,1.38768,0
41883000,1.38757,1.38757,1.38756,1.38756,0,1.38767,1.38768,1.38767,1.38768,0
41884000,1.38757,1.38757,1.38757,1.38757,0,1.38767,1.38767,1.38767,1.38767,0
41899000,1.38756,1.38756,1.38756,1.38756,0,1.38768,1.38768,1.38768,1.38768,0
41903000,1.38754,1.38754,1.38751,1.38751,0,1.38766,1.38766,1.38764,1.38764,0
41905000,1.38752,1.38752,1.38752,1.38752,0,1.38763,1.38763,1.38763,1.38763,0
41909000,1.38750,1.38750,1.38750,1.38750,0,1.38764,1.38764,1.38764,1.38764,0
41912000,1.38751,1.38751,1.38751,1.38751,0,1.38763,1.38763,1.38763,1.38763,0
41913000,1.38751,1.38753,1.38751,1.38753,0,1.38765,1.38768,1.38765,1.38768,0
41914000,1.38753,1.38754,1.38753,1.38754,0,1.38767,1.38767,1.38766,1.38766,0
41916000,1.38754,1.38754,1.38754,1.38754,0,1.38764,1.38764,1.38764,1.38764,0
41917000,1.38752,1.38752,1.38752,1.38752,0,1.38765,1.38765,1.38764,1.38764,0
41918000,1.38751,1.38751,1.38751,1.38751,0,1.38764,1.38764,1.38764,1.38764,0
41921000,1.38750,1.38750,1.38750,1.38750,0,1.38764,1.38764,1.38764,1.38764,0
41923000,1.38751,1.38752,1.38751,1.38752,0,1.38763,1.38763,1.38763,1.38763,0
41928000,1.38750,1.38753,1.38750,1.38753,0,1.38766,1.38769,1.38765,1.38765,0
41935000,1.38753,1.38753,1.38753,1.38753,0,1.38767,1.38767,1.38767,1.38767,0
41936000,1.38754,1.38754,1.38754,1.38754,0,1.38766,1.38766,1.38766,1.38766,0
41937000,1.38753,1.38753,1.38753,1.38753,0,1.38767,1.38767,1.38767,1.38767,0
41938000,1.38754,1.38754,1.38754,1.38754,0,1.38766,1.38766,1.38766,1.38766,0
41940000,1.38755,1.38756,1.38755,1.38756,0,1.38765,1.38767,1.38765,1.38767,0
41962000,1.38753,1.38753,1.38749,1.38750,0,1.38766,1.38766,1.38764,1.38764,0
41963000,1.38751,1.38751,1.38751,1.38751,0,1.38762,1.38764,1.38762,1.38764,0
41975000,1.38753,1.38753,1.38753,1.38753,0,1.38763,1.38763,1.38763,1.38763,0
41981000,1.38752,1.38752,1.38752,1.38752,0,1.38766,1.38766,1.38766,1.38766,0
41982000,1.38753,1.38753,1.38753,1.38753,0,1.38765,1.38765,1.38765,1.38765,0
41987000,1.38750,1.38750,1.38742,1.38744,0,1.38763,1.38763,1.38756,1.38756,0
41988000,1.38743,1.38743,1.38743,1.38743,0,1.38757,1.38757,1.38755,1.38755,0
41991000,1.38744,1.38744,1.38744,1.38744,0,1.38755,1.38755,1.38755,1.38755,0
41999000,1.38743,1.38745,1.38743,1.38745,0,1.38756,1.38757,1.38756,1.38757,0
42008000,1.38745,1.38745,1.38744,1.38744,0,1.38756,1.38757,1.38756,1.38757,0
42009000,1.38744,1.38744,1.38744,1.38744,0,1.38756,1.38756,1.38756,1.38756,0
42013000,1.38741,1.38741,1.38741,1.38741,0,1.38755,1.38755,1.38755,1.38755,0
42014000,1.38741,1.38742,1.38741,1.38742,0,1.38754,1.38754,1.38754,1.38754,0
42061000,1.38742,1.38742,1.38742,1.38742,0,1.38753,1.38753,1.38753,1.38753,0
42095000,1.38741,1.38741,1.38741,1.38741,0,1.38754,1.38754,1.38754,1.38754,0
42096000,1.38742,1.38742,1.38742,1.38742,0,1.38754,1.38754,1.38754,1.38754,0
42098000,1.38742,1.38742,1.38742,1.38742,0,1.38753,1.38753,1.38753,1.38753,0
42111000,1.38739,1.38739,1.38739,1.38739,0,1.38753,1.38753,1.38753,1.38753,0
42112000,1.38736,1.38736,1.38736,1.38736,0,1.38750,1.38750,1.38749,1.38749,0
42113000,1.38736,1.38736,1.38736,1.38736,0,1.38750,1.38750,1.38750,1.38750,0
42115000,1.38738,1.38738,1.38738,1.38738,0,1.38752,1.38752,1.38752,1.38752,0
42116000,1.38739,1.38739,1.38738,1.38738,0,1.38751,1.38753,1.38751,1.38753,0
42119000,1.38739,1.38739,1.38739,1.38739,0,1.38751,1.38751,1.38751,1.38751,0
42120000,1.38738,1.38738,1.38736,1.38736,0,1.38752,1.38752,1.38750,1.38750,0
42122000,1.38736,1.38736,1.38735,1.38735,0,1.38749,1.38749,1.38747,1.38748,0
42123000,1.38735,1.38735,1.38727,1.38727,0,1.38747,1.38747,1.38742,1.38742,0
42129000,1.38728,1.38728,1.38728,1.38728,0,1.38740,1.38740,1.38740,1.38740,0
42147000,1.38727,1.38727,1.38727,1.38727,0,1.38740,1.38740,1.38740,1.38740,0
42148000,1.38728,1.38728,1.38727,1.38727,0,1.38739,1.38739,1.38739,1.38739,0
42150000,1.38724,1.38724,1.38708,1.38708,0,1.38736,1.38736,1.38723,1.38723,0
42151000,1.38706,1.38706,1.38703,1.38703,0,1.38720,1.38721,1.38719,1.38719,0
42153000,1.38705,1.38706,1.38705,1.38706,0,1.38719,1.38721,1.38719,1.38720,0
42155000,1.38708,1.38708,1.38708,1.38708,0,1.38722,1.38722,1.38722,1.38722,0
42156000,1.38706,1.38706,1.38706,1.38706,0,1.38720,1.38720,1.38720,1.38720,0
42158000,1.38708,1.38708,1.38708,1.38708,0,1.38721,1.38721,1.38721,1.38721,0
42170000,1.38706,1.38706,1.38706,1.38706,0,1.38719,1.38719,1.38719,1.38719,0
42173000,1.38704,1.38706,1.38704,1.38706,0,1.38718,1.38719,1.38718,1.38719,0
42175000,1.38703,1.38704,1.38702,1.38704,0,1.38718,1.38718,1.38715,1.38715,0
42176000,1.38702,1.38702,1.38702,1.38702,0,1.38715,1.38715,1.38715,1.38715,0
42179000,1.38703,1.38703,1.38702,1.38702,0,1.38714,1.38715,1.38714,1.38715,0
42183000,1.38699,1.38699,1.38699,1.38699,0,1.38713,1.38714,1.38713,1.38714,0
42184000,1.38696,1.38701,1.38696,1.38701,0,1.38711,1.38713,1.38709,1.38713,0
42185000,1.38699,1.38700,1.38699,1.38700,0,1.38711,1.38711,1.38710,1.38710,0
42187000,1.38697,1.38697,1.38695,1.38696,0,1.38710,1.38710,1.38708,1.38708,0
42188000,1.38693,1.38693,1.38692,1.38692,0,1.38707,1.38707,1.38705,1.38706,0
42189000,1.38692,1.38692,1.38692,1.38692,0,1.38705,1.38705,1.38705,1.38705,0
42190000,1.38693,1.38693,1.38693,1.38693,0,1.38705,1.38705,1.38705,1.38705,0
42192000,1.38694,1.38694,1.38694,1.38694,0,1.38705,1.38705,1.38705,1.38705,0
42193000,1.38693,1.38693,1.38693,1.38693,0,1.38706,1.38706,1.38706,1.38706,0
42197000,1.38692,1.38692,1.38692,1.38692,0,1.38706,1.38706,1.38706,1.38706,0
42198000,1.38693,1.38693,1.38693,1.38693,0,1.38705,1.38705,1.38705,1.38705,0
42200000,1.38693,1.38693,1.38693,1.38693,0,1.38706,1.38706,1.38706,1.38706,0
42206000,1.38696,1.38704,1.38696,1.38704,0,1.38709,1.38717,1.38709,1.38717,0
42210000,1.38704,1.38704,1.38704,1.38704,0,1.38716,1.38716,1.38716,1.38716,0
42215000,1.38701,1.38701,1.38699,1.38700,0,1.38714,1.38714,1.38712,1.38712,0
42216000,1.38700,1.38701,1.38700,1.38701,0,1.38714,1.38714,1.38713,1.38713,0
42217000,1.38701,1.38701,1.38701,1.38701,0,1.38714,1.38714,1.38714,1.38714,0
42218000,1.38700,1.38700,1.38700,1.38700,0,1.38715,1.38715,1.38715,1.38715,0
42220000,1.38701,1.38701,1.38701,1.38701,0,1.38715,1.38715,1.38715,1.38715,0
42221000,1.38701,1.38701,1.38701,1.38701,0,1.38714,1.38714,1.38714,1.38714,0
42222000,1.38703,1.38703,1.38703,1.38703,0,1.38714,1.38714,1.38714,1.38714,0
42223000,1.38701,1.38704,1.38701,1.38704,0,1.38715,1.38717,1.38715,1.38717,0
42227000,1.38707,1.38707,1.38707,1.38707,0,1.38718,1.38718,1.38718,1.38718,0
42228000,1.38706,1.38712,1.38706,1.38712,0,1.38719,1.38728,1.38719,1.38727,0
42229000,1.38713,1.38714,1.38713,1.38714,0,1.38727,1.38727,1.38726,1.38727,0
42230000,1.38715,1.38715,1.38715,1.38715,0,1.38726,1.38726,1.38726,1.38726,0
42233000,1.38713,1.38713,1.38713,1.38713,0,1.38726,1.38726,1.38726,1.38726,0
42234000,1.38714,1.38714,1.38714,1.38714,0,1.38726,1.38726,1.38726,1.38726,0
42237000,1.38713,1.38713,1.38713,1.38713,0,1.38726,1.38726,1.38726,1.38726,0
42257000,1.38711,1.38711,1.38711,1.38711,0,1.38723,1.38723,1.38723,1.38723,0
42267000,1.38711,1.38711,1.38709,1.38709,0,1.38724,1.38724,1.38722,1.38722,0
42268000,1.38710,1.38710,1.38710,1.38710,0,1.38722,1.38722,1.38722,1.38722,0
42269000,1.38710,1.38710,1.38710,1.38710,0,1.38723,1.38723,1.38723,1.38723,0
42271000,1.38710,1.38710,1.38710,1.38710,0,1.38721,1.38721,1.38721,1.38721,0
42274000,1.38710,1.38711,1.38710,1.38710,0,1.38723,1.38723,1.38722,1.38723,0
42275000,1.38709,1.38710,1.38709,1.38710,0,1.38723,1.38723,1.38722,1.38722,0
42300000,1.38708,1.38708,1.38705,1.38707,0,1.38721,1.38721,1.38719,1.38721,0
42301000,1.38705,1.38706,1.38705,1.38706,0,1.38718,1.38718,1.38718,1.38718,0
42307000,1.38703,1.38703,1.38703,1.38703,0,1.38716,1.38716,1.38716,1.38716,0
42313000,1.38704,1.38704,1.38704,1.38704,0,1.38716,1.38716,1.38716,1.38716,0
42321000,1.38703,1.38703,1.38703,1.38703,0,1.38716,1.38716,1.38716,1.38716,0
42322000,1.38705,1.38705,1.38704,1.38704,0,1.38715,1.38716,1.38715,1.38716,0
42337000,1.38704,1.38706,1.38704,1.38706,0,1.38717,1.38719,1.38717,1.38719,0
42344000,1.38704,1.38704,1.38704,1.38704,0,1.38718,1.38718,1.38718,1.38718,0
42345000,1.38705,1.38705,1.38705,1.38705,0,1.38717,1.38717,1.38717,1.38717,0
42356000,1.38707,1.38711,1.38707,1.38711,0,1.38719,1.38725,1.38719,1.38725,0
42357000,1.38712,1.38713,1.38712,1.38712,0,1.38724,1.38725,1.38724,1.38725,0
42358000,1.38712,1.38712,1.38712,1.38712,0,1.38724,1.38724,1.38724,1.38724,0
42360000,1.38712,1.38712,1.38712,1.38712,0,1.38725,1.38725,1.38725,1.38725,0
42362000,1.38712,1.38712,1.38712,1.38712,0,1.38724,1.38724,1.38724,1.38724,0
42366000,1.38709,1.38710,1.38707,1.38710,0,1.38723,1.38724,1.38721,1.38722,0
42367000,1.38711,1.38711,1.38711,1.38711,0,1.38722,1.38722,1.38722,1.38722,0
42368000,1.38710,1.38712,1.38710,1.38710,0,1.38723,1.38723,1.38723,1.38723,0
42371000,1.38712,1.38714,1.38712,1.38713,0,1.38725,1.38725,1.38725,1.38725,0
42378000,1.38712,1.38712,1.38712,1.38712,0,1.38725,1.38725,1.38725,1.38725,0
42388000,1.38713,1.38713,1.38713,1.38713,0,1.38725,1.38725,1.38725,1.38725,0
42390000,1.38715,1.38715,1.38715,1.38715,0,1.38728,1.38728,1.38728,1.38728,0
42393000,1.38717,1.38717,1.38717,1.38717,0,1.38729,1.38729,1.38729,1.38729,0
42396000,1.38716,1.38716,1.38716,1.38716,0,1.38730,1.38730,1.38730,1.38730,0
42401000,1.38717,1.38717,1.38717,1.38717,0,1.38730,1.38730,1.38730,1.38730,0
42405000,1.38714,1.38721,1.38714,1.38721,0,1.38729,1.38735,1.38729,1.38735,0
42406000,1.38723,1.38725,1.38723,1.38725,0,1.38736,1.38740,1.38736,1.38740,0
42408000,1.38725,1.38725,1.38725,1.38725,0,1.38739,1.38739,1.38739,1.38739,0
42409000,1.38726,1.38726,1.38726,1.38726,0,1.38738,1.38738,1.38738,1.38738,0
42410000,1.38726,1.38726,1.38725,1.38725,0,1.38737,1.38738,1.38737,1.38738,0
42421000,1.38728,1.38728,1.38728,1.38728,0,1.38741,1.38741,1.38741,1.38741,0
42422000,1.38727,1.38733,1.38727,1.38733,0,1.38742,1.38746,1.38742,1.38746,0
42425000,1.38732,1.38732,1.38732,1.38732,0,1.38747,1.38747,1.38747,1.38747,0
42430000,1.38732,1.38732,1.38732,1.38732,0,1.38745,1.38745,1.38745,1.38745,0
42436000,1.38735,1.38735,1.38735,1.38735,0,1.38748,1.38748,1.38748,1.38748,0
42439000,1.38734,1.38734,1.38734,1.38734,0,1.38749,1.38749,1.38749,1.38749,0
42444000,1.38735,1.38736,1.38733,1.38733,0,1.38749,1.38749,1.38746,1.38746,0
42446000,1.38732,1.38732,1.38732,1.38732,0,1.38744,1.38744,1.38744,1.38744,0
42448000,1.38731,1.38731,1.38731,1.38731,0,1.38744,1.38744,1.38744,1.38744,0
42455000,1.38730,1.38730,1.38727,1.38728,0,1.38745,1.38745,1.38741,1.38741,0
42456000,1.38727,1.38727,1.38727,1.38727,0,1.38741,1.38741,1.38740,1.38740,0
42457000,1.38724,1.38725,1.38723,1.38725,0,1.38737,1.38738,1.38737,1.38737,0
42458000,1.38723,1.38723,1.38723,1.38723,0,1.38737,1.38737,1.38736,1.38736,0
42459000,1.38724,1.38724,1.38723,1.38723,0,1.38735,1.38735,1.38735,1.38735,0
42460000,1.38724,1.38724,1.38722,1.38722,0,1.38735,1.38735,1.38735,1.38735,0
42461000,1.38722,1.38722,1.38722,1.38722,0,1.38733,1.38733,1.38733,1.38733,0
42465000,1.38722,1.38722,1.38721,1.38722,0,1.38735,1.38736,1.38735,1.38735,0
42466000,1.38721,1.38721,1.38721,1.38721,0,1.38736,1.38736,1.38736,1.38736,0
42470000,1.38722,1.38722,1.38722,1.38722,0,1.38735,1.38735,1.38735,1.38735,0
42475000,1.38723,1.38723,1.38723,1.38723,0,1.38735,1.38735,1.38735,1.38735,0
42477000,1.38722,1.38722,1.38722,1.38722,0,1.38736,1.38736,1.38736,1.38736,0
42478000,1.38723,1.38723,1.38723,1.38723,0,1.38735,1.38735,1.38735,1.38735,0
42480000,1.38722,1.38722,1.38722,1.38722,0,1.38736,1.38736,1.38736,1.38736,0
42498000,1.38719,1.38719,1.38719,1.38719,0,1.38734,1.38734,1.38734,1.38734,0
42499000,1.38719,1.38719,1.38719,1.38719,0,1.38733,1.38733,1.38733,1.38733,0
42501000,1.38720,1.38721,1.38719,1.38721,0,1.38731,1.38733,1.38731,1.38733,0
42502000,1.38722,1.38723,1.38722,1.38723,0,1.38735,1.38735,1.38735,1.38735,0
42504000,1.38722,1.38722,1.38722,1.38722,0,1.38736,1.38736,1.38736,1.38736,0
42505000,1.38721,1.38722,1.38721,1.38722,0,1.38734,1.38734,1.38733,1.38733,0
42507000,1.38720,1.38720,1.38720,1.38720,0,1.38733,1.38733,1.38731,1.38731,0
42517000,1.38720,1.38720,1.38719,1.38719,0,1.38733,1.38734,1.38733,1.38734,0
42518000,1.38721,1.38721,1.38721,1.38721,0,1.38734,1.38734,1.38734,1.38734,0
42522000,1.38719,1.38719,1.38719,1.38719,0,1.38731,1.38731,1.38731,1.38731,0
42541000,1.38719,1.38719,1.38719,1.38719,0,1.38733,1.38733,1.38733,1.38733,0
42555000,1.38720,1.38720,1.38720,1.38720,0,1.38731,1.38731,1.38731,1.38731,0
42584000,1.38719,1.38719,1.38719,1.38719,0,1.38732,1.38732,1.38732,1.38732,0
42600000,1.38719,1.38719,1.38719,1.38719,0,1.38731,1.38731,1.38731,1.38731,0
42601000,1.38719,1.38719,1.38719,1.38719,0,1.38732,1.38732,1.38732,1.38732,0
42603000,1.38721,1.38721,1.38721,1.38721,0,1.38732,1.38732,1.38732,1.38732,0
42607000,1.38720,1.38723,1.38720,1.38723,0,1.38733,1.38735,1.38733,1.38735,0
42613000,1.38724,1.38726,1.38724,1.38726,0,1.38739,1.38739,1.38739,1.38739,0
42618000,1.38726,1.38726,1.38726,1.38726,0,1.38737,1.38737,1.38737,1.38737,0
42620000,1.38726,1.38726,1.38723,1.38724,0,1.38735,1.38737,1.38734,1.38734,0
42623000,1.38722,1.38722,1.38722,1.38722,0,1.38736,1.38736,1.38736,1.38736,0
42625000,1.38724,1.38724,1.38724,1.38724,0,1.38734,1.38734,1.38734,1.38734,0
42628000,1.38723,1.38723,1.38723,1.38723,0,1.38737,1.38737,1.38737,1.38737,0
42630000,1.38720,1.38720,1.38720,1.38720,0,1.38734,1.38734,1.38734,1.38734,0
42631000,1.38720,1.38720,1.38720,1.38720,0,1.38732,1.38732,1.38732,1.38732,0
42632000,1.38720,1.38720,1.38720,1.38720,0,1.38731,1.38731,1.38730,1.38730,0
42634000,1.38720,1.38720,1.38720,1.38720,0,1.38731,1.38731,1.38731,1.38731,0
42663000,1.38718,1.38718,1.38718,1.38718,0,1.38731,1.38731,1.38731,1.38731,0
42666000,1.38718,1.38718,1.38718,1.38718,0,1.38730,1.38730,1.38730,1.38730,0
42668000,1.38716,1.38716,1.38716,1.38716,0,1.38730,1.38730,1.38729,1.38729,0
42669000,1.38717,1.38717,1.38716,1.38717,0,1.38728,1.38729,1.38728,1.38729,0
42679000,1.38718,1.38718,1.38718,1.38718,0,1.38732,1.38732,1.38731,1.38731,0
42680000,1.38720,1.38720,1.38718,1.38718,0,1.38731,1.38731,1.38729,1.38729,0
42697000,1.38718,1.38720,1.38717,1.38720,0,1.38731,1.38733,1.38731,1.38733,0
42698000,1.38720,1.38720,1.38720,1.38720,0,1.38734,1.38734,1.38734,1.38734,0
42700000,1.38721,1.38721,1.38721,1.38721,0,1.38734,1.38734,1.38734,1.38734,0
42703000,1.38722,1.38725,1.38722,1.38725,0,1.38736,1.38738,1.38736,1.38736,0
42721000,1.38726,1.38726,1.38726,1.38726,0,1.38739,1.38739,1.38739,1.38739,0
42723000,1.38727,1.38727,1.38727,1.38727,0,1.38739,1.38739,1.38739,1.38739,0
42727000,1.38725,1.38725,1.38725,1.38725,0,1.38738,1.38738,1.38738,1.38738,0
42728000,1.38725,1.38725,1.38725,1.38725,0,1.38737,1.38737,1.38737,1.38737,0
42732000,1.38726,1.38726,1.38722,1.38722,0,1.38739,1.38739,1.38736,1.38736,0
42733000,1.38720,1.38720,1.38720,1.38720,0,1.38735,1.38735,1.38735,1.38735,0
42734000,1.38720,1.38722,1.38720,1.38722,0,1.38734,1.38734,1.38733,1.38733,0
42743000,1.38721,1.38721,1.38721,1.38721,0,1.38735,1.38735,1.38734,1.38734,0
42744000,1.38722,1.38722,1.38721,1.38721,0,1.38733,1.38734,1.38733,1.38734,0
42745000,1.38723,1.38723,1.38723,1.38723,0,1.38734,1.38734,1.38734,1.38734,0
42750000,1.38722,1.38722,1.38722,1.38722,0,1.38734,1.38734,1.38734,1.38734,0
42751000,1.38723,1.38723,1.38723,1.38723,0,1.38734,1.38734,1.38734,1.38734,0
42752000,1.38722,1.38723,1.38722,1.38723,0,1.38735,1.38735,1.38734,1.38734,0
42755000,1.38724,1.38724,1.38724,1.38724,0,1.38734,1.38734,1.38734,1.38734,0
42771000,1.38723,1.38723,1.38722,1.38722,0,1.38734,1.38734,1.38733,1.38733,0
42775000,1.38723,1.38723,1.38722,1.38722,0,1.38732,1.38733,1.38732,1.38733,0
42779000,1.38721,1.38721,1.38721,1.38721,0,1.38735,1.38735,1.38733,1.38733,0
42788000,1.38720,1.38720,1.38720,1.38720,0,1.38733,1.38733,1.38733,1.38733,0
42793000,1.38720,1.38720,1.38720,1.38720,0,1.38734,1.38734,1.38734,1.38734,0
42795000,1.38722,1.38722,1.38721,1.38721,0,1.38734,1.38735,1.38734,1.38735,0
42796000,1.38724,1.38724,1.38723,1.38724,0,1.38735,1.38736,1.38735,1.38736,0
42797000,1.38722,1.38723,1.38722,1.38723,0,1.38735,1.38735,1.38735,1.38735,0
42799000,1.38721,1.38721,1.38721,1.38721,0,1.38735,1.38735,1.38735,1.38735,0
42802000,1.38723,1.38723,1.38723,1.38723,0,1.38735,1.38735,1.38735,1.38735,0
42804000,1.38721,1.38721,1.38721,1.38721,0,1.38735,1.38735,1.38735,1.38735,0
42807000,1.38723,1.38723,1.38723,1.38723,0,1.38735,1.38735,1.38735,1.38735,0
42808000,1.38724,1.38724,1.38723,1.38723,0,1.38734,1.38735,1.38734,1.38735,0
42816000,1.38722,1.38722,1.38722,1.38722,0,1.38736,1.38736,1.38736,1.38736,0
42818000,1.38723,1.38723,1.38722,1.38722,0,1.38735,1.38735,1.38735,1.38735,0
42819000,1.38722,1.38722,1.38721,1.38721,0,1.38734,1.38735,1.38734,1.38735,0
42821000,1.38720,1.38720,1.38720,1.38720,0,1.38735,1.38735,1.38735,1.38735,0
42822000,1.38720,1.38720,1.38720,1.38720,0,1.38734,1.38734,1.38733,1.38733,0
42824000,1.38718,1.38719,1.38718,1.38719,0,1.38733,1.38733,1.38731,1.38731,0
42825000,1.38717,1.38717,1.38717,1.38717,0,1.38732,1.38732,1.38732,1.38732,0
42827000,1.38718,1.38718,1.38718,1.38718,0,1.38731,1.38731,1.38731,1.38731,0
42829000,1.38718,1.38719,1.38718,1.38719,0,1.38730,1.38730,1.38729,1.38729,0
42836000,1.38717,1.38717,1.38717,1.38717,0,1.38730,1.38730,1.38730,1.38730,0
42837000,1.38719,1.38719,1.38719,1.38719,0,1.38730,1.38730,1.38730,1.38730,0
42839000,1.38717,1.38719,1.38717,1.38719,0,1.38731,1.38731,1.38730,1.38730,0
42843000,1.38718,1.38718,1.38718,1.38718,0,1.38731,1.38731,1.38731,1.38731,0
42846000,1.38719,1.38719,1.38719,1.38719,0,1.38730,1.38730,1.38730,1.38730,0
42856000,1.38718,1.38718,1.38718,1.38718,0,1.38731,1.38731,1.38731,1.38731,0
42857000,1.38719,1.38721,1.38719,1.38721,0,1.38733,1.38735,1.38733,1.38734,0
42860000,1.38721,1.38721,1.38721,1.38721,0,1.38733,1.38733,1.38733,1.38733,0
42865000,1.38723,1.38725,1.38722,1.38725,0,1.38735,1.38738,1.38735,1.38738,0
42868000,1.38724,1.38725,1.38724,1.38725,0,1.38736,1.38736,1.38736,1.38736,0
42884000,1.38726,1.38726,1.38726,1.38726,0,1.38738,1.38740,1.38738,1.38740,0
42889000,1.38725,1.38725,1.38725,1.38725,0,1.38738,1.38738,1.38738,1.38738,0
42891000,1.38727,1.38727,1.38727,1.38727,0,1.38738,1.38738,1.38738,1.38738,0
42895000,1.38725,1.38726,1.38725,1.38726,0,1.38738,1.38738,1.38737,1.38737,0
42896000,1.38725,1.38725,1.38725,1.38725,0,1.38738,1.38738,1.38738,1.38738,0
42898000,1.38726,1.38730,1.38726,1.38730,0,1.38740,1.38743,1.38740,1.38743,0
42899000,1.38732,1.38732,1.38731,1.38731,0,1.38743,1.38743,1.38743,1.38743,0
42903000,1.38730,1.38730,1.38730,1.38730,0,1.38745,1.38745,1.38745,1.38745,0
42904000,1.38730,1.38730,1.38730,1.38730,0,1.38744,1.38744,1.38744,1.38744,0
42905000,1.38732,1.38732,1.38732,1.38732,0,1.38744,1.38744,1.38744,1.38744,0
42985000,1.38735,1.38735,1.38735,1.38735,0,1.38747,1.38747,1.38747,1.38747,0
42996000,1.38734,1.38734,1.38734,1.38734,0,1.38748,1.38748,1.38747,1.38747,0
43001000,1.38734,1.38734,1.38734,1.38734,0,1.38745,1.38745,1.38745,1.38745,0
43002000,1.38733,1.38733,1.38733,1.38733,0,1.38747,1.38747,1.38746,1.38746,0
43003000,1.38734,1.38734,1.38734,1.38734,0,1.38746,1.38746,1.38746,1.38746,0
43013000,1.38734,1.38734,1.38734,1.38734,0,1.38747,1.38747,1.38746,1.38746,0
43024000,1.38733,1.38733,1.38733,1.38733,0,1.38747,1.38747,1.38747,1.38747,0
43028000,1.38736,1.38736,1.38736,1.38736,0,1.38748,1.38748,1.38748,1.38748,0
43031000,1.38739,1.38739,1.38739,1.38739,0,1.38751,1.38751,1.38751,1.38751,0
43032000,1.38738,1.38738,1.38738,1.38738,0,1.38753,1.38753,1.38753,1.38753,0
43034000,1.38741,1.38741,1.38739,1.38739,0,1.38753,1.38754,1.38753,1.38754,0
43035000,1.38740,1.38740,1.38740,1.38740,0,1.38753,1.38753,1.38753,1.38753,0
43036000,1.38741,1.38741,1.38741,1.38741,0,1.38753,1.38753,1.38753,1.38753,0
43040000,1.38739,1.38739,1.38739,1.38739,0,1.38754,1.38754,1.38754,1.38754,0
43041000,1.38740,1.38740,1.38740,1.38740,0,1.38754,1.38754,1.38754,1.38754,0
43042000,1.38742,1.38742,1.38742,1.38742,0,1.38754,1.38754,1.38754,1.38754,0
43049000,1.38742,1.38743,1.38742,1.38743,0,1.38756,1.38756,1.38754,1.38754,0
43053000,1.38741,1.38741,1.38741,1.38741,0,1.38754,1.38754,1.38754,1.38754,0
43055000,1.38742,1.38742,1.38742,1.38742,0,1.38754,1.38754,1.38754,1.38754,0
43059000,1.38742,1.38742,1.38742,1.38742,0,1.38756,1.38756,1.38756,1.38756,0
43062000,1.38742,1.38742,1.38742,1.38742,0,1.38754,1.38754,1.38754,1.38754,0
43064000,1.38740,1.38740,1.38740,1.38740,0,1.38752,1.38752,1.38752,1.38752,0
43065000,1.38739,1.38740,1.38738,1.38740,0,1.38753,1.38753,1.38751,1.38753,0
43067000,1.38742,1.38742,1.38742,1.38742,0,1.38755,1.38755,1.38755,1.38755,0
43071000,1.38742,1.38742,1.38742,1.38742,0,1.38754,1.38755,1.38754,1.38755,0
43073000,1.38743,1.38743,1.38743,1.38743,0,1.38754,1.38754,1.38754,1.38754,0
43074000,1.38742,1.38742,1.38742,1.38742,0,1.38756,1.38756,1.38756,1.38756,0
43077000,1.38742,1.38742,1.38742,1.38742,0,1.38754,1.38754,1.38754,1.38754,0
43109000,1.38743,1.38743,1.38743,1.38743,0,1.38756,1.38756,1.38756,1.38756,0
43111000,1.38745,1.38747,1.38744,1.38747,0,1.38758,1.38761,1.38758,1.38761,0
43112000,1.38750,1.38750,1.38750,1.38750,0,1.38763,1.38763,1.38763,1.38763,0
43116000,1.38749,1.38749,1.38749,1.38749,0,1.38763,1.38763,1.38763,1.38763,0
43118000,1.38748,1.38748,1.38748,1.38748,0,1.38761,1.38761,1.38761,1.38761,0
43152000,1.38748,1.38748,1.38747,1.38747,0,1.38760,1.38760,1.38760,1.38760,0
43155000,1.38749,1.38749,1.38749,1.38749,0,1.38760,1.38760,1.38760,1.38760,0
43157000,1.38748,1.38748,1.38748,1.38748,0,1.38761,1.38761,1.38761,1.38761,0
43159000,1.38748,1.38748,1.38748,1.38748,0,1.38759,1.38759,1.38759,1.38759,0
43163000,1.38745,1.38745,1.38743,1.38744,0,1.38758,1.38758,1.38756,1.38756,0
43164000,1.38743,1.38744,1.38743,1.38744,0,1.38757,1.38757,1.38757,1.38757,0
43170000,1.38744,1.38744,1.38744,1.38744,0,1.38756,1.38756,1.38756,1.38756,0
43177000,1.38743,1.38743,1.38743,1.38743,0,1.38756,1.38756,1.38756,1.38756,0
43181000,1.38744,1.38744,1.38744,1.38744,0,1.38756,1.38756,1.38756,1.38756,0
43182000,1.38743,1.38743,1.38743,1.38743,0,1.38756,1.38756,1.38756,1.38756,0
43191000,1.38744,1.38744,1.38744,1.38744,0,1.38755,1.38755,1.38755,1.38755,0
43201000,1.38743,1.38743,1.38742,1.38742,0,1.38756,1.38756,1.38754,1.38754,0
43202000,1.38745,1.38745,1.38745,1.38745,0,1.38756,1.38756,1.38756,1.38756,0
43203000,1.38744,1.38744,1.38744,1.38744,0,1.38756,1.38756,1.38756,1.38756,0
43204000,1.38745,1.38745,1.38744,1.38744,0,1.38756,1.38756,1.38756,1.38756,0
43207000,1.38744,1.38751,1.38744,1.38751,0,1.38758,1.38764,1.38758,1.38764,0
43210000,1.38751,1.38751,1.38751,1.38751,0,1.38763,1.38763,1.38763,1.38763,0
43211000,1.38751,1.38751,1.38751,1.38751,0,1.38764,1.38764,1.38764,1.38764,0
43221000,1.38751,1.38751,1.38751,1.38751,0,1.38763,1.38763,1.38763,1.38763,0
43222000,1.38750,1.38750,1.38750,1.38750,0,1.38763,1.38763,1.38763,1.38763,0
43224000,1.38751,1.38751,1.38751,1.38751,0,1.38762,1.38762,1.38762,1.38762,0
43231000,1.38753,1.38753,1.38753,1.38753,0,1.38764,1.38764,1.38764,1.38764,0
43236000,1.38753,1.38753,1.38753,1.38753,0,1.38765,1.38765,1.38765,1.38765,0
43246000,1.38754,1.38754,1.38754,1.38754,0,1.38765,1.38765,1.38765,1.38765,0
43251000,1.38755,1.38755,1.38755,1.38755,0,1.38765,1.38765,1.38765,1.38765,0
43253000,1.38757,1.38757,1.38757,1.38757,0,1.38767,1.38767,1.38767,1.38767,0
43254000,1.38754,1.38754,1.38754,1.38754,0,1.38766,1.38766,1.38766,1.38766,0
43255000,1.38753,1.38753,1.38753,1.38753,0,1.38766,1.38766,1.38766,1.38766,0
43256000,1.38754,1.38754,1.38753,1.38753,0,1.38766,1.38766,1.38766,1.38766,0
43258000,1.38752,1.38752,1.38752,1.38752,0,1.38764,1.38764,1.38764,1.38764,0
43259000,1.38750,1.38750,1.38750,1.38750,0,1.38763,1.38763,1.38763,1.38763,0
43267000,1.38752,1.38752,1.38752,1.38752,0,1.38763,1.38763,1.38763,1.38763,0
43270000,1.38752,1.38752,1.38752,1.38752,0,1.38766,1.38766,1.38766,1.38766,0
43271000,1.38754,1.38754,1.38754,1.38754,0,1.38766,1.38766,1.38766,1.38766,0
43277000,1.38753,1.38753,1.38753,1.38753,0,1.38766,1.38766,1.38766,1.38766,0
43283000,1.38754,1.38754,1.38754,1.38754,0,1.38766,1.38766,1.38766,1.38766,0
43288000,1.38753,1.38753,1.38753,1.38753,0,1.38767,1.38767,1.38767,1.38767,0
43295000,1.38752,1.38752,1.38751,1.38751,0,1.38765,1.38765,1.38765,1.38765,0
43296000,1.38753,1.38753,1.38753,1.38753,0,1.38765,1.38765,1.38765,1.38765,0
43297000,1.38751,1.38751,1.38751,1.38751,0,1.38765,1.38765,1.38765,1.38765,0
43301000,1.38753,1.38753,1.38753,1.38753,0,1.38765,1.38765,1.38765,1.38765,0
43302000,1.38751,1.38751,1.38751,1.38751,0,1.38765,1.38765,1.38765,1.38765,0
43303000,1.38753,1.38753,1.38753,1.38753,0,1.38765,1.38765,1.38765,1.38765,0
43320000,1.38752,1.38752,1.38752,1.38752,0,1.38766,1.38766,1.38766,1.38766,0
43321000,1.38754,1.38754,1.38753,1.38753,0,1.38764,1.38765,1.38764,1.38765,0
43326000,1.38755,1.38755,1.38755,1.38755,0,1.38768,1.38768,1.38768,1.38768,0
43330000,1.38753,1.38753,1.38753,1.38753,0,1.38765,1.38765,1.38765,1.38765,0
43331000,1.38754,1.38754,1.38754,1.38754,0,1.38765,1.38765,1.38765,1.38765,0
43332000,1.38756,1.38756,1.38756,1.38756,0,1.38766,1.38766,1.38766,1.38766,0
43334000,1.38756,1.38756,1.38755,1.38755,0,1.38767,1.38769,1.38767,1.38769,0
43335000,1.38757,1.38758,1.38756,1.38758,0,1.38770,1.38770,1.38770,1.38770,0
43336000,1.38756,1.38756,1.38756,1.38756,0,1.38769,1.38769,1.38768,1.38768,0
43337000,1.38756,1.38756,1.38756,1.38756,0,1.38769,1.38769,1.38769,1.38769,0
43341000,1.38757,1.38757,1.38757,1.38757,0,1.38768,1.38768,1.38768,1.38768,0
43342000,1.38756,1.38756,1.38756,1.38756,0,1.38769,1.38769,1.38769,1.38769,0
43344000,1.38756,1.38756,1.38756,1.38756,0,1.38767,1.38767,1.38767,1.38767,0
43348000,1.38754,1.38754,1.38754,1.38754,0,1.38768,1.38768,1.38768,1.38768,0
43349000,1.38754,1.38754,1.38754,1.38754,0,1.38767,1.38767,1.38767,1.38767,0
43363000,1.38751,1.38751,1.38751,1.38751,0,1.38764,1.38764,1.38764,1.38764,0
43369000,1.38751,1.38751,1.38751,1.38751,0,1.38765,1.38765,1.38765,1.38765,0
43370000,1.38752,1.38752,1.38752,1.38752,0,1.38764,1.38764,1.38764,1.38764,0
43379000,1.38752,1.38752,1.38752,1.38752,0,1.38765,1.38765,1.38765,1.38765,0
43380000,1.38752,1.38752,1.38751,1.38751,0,1.38764,1.38764,1.38764,1.38764,0
43386000,1.38750,1.38750,1.38750,1.38750,0,1.38764,1.38764,1.38764,1.38764,0
43395000,1.38753,1.38753,1.38753,1.38753,0,1.38765,1.38765,1.38765,1.38765,0
43417000,1.38751,1.38751,1.38747,1.38747,0,1.38767,1.38767,1.38760,1.38761,0
43418000,1.38745,1.38745,1.38740,1.38740,0,1.38758,1.38759,1.38753,1.38753,0
43424000,1.38740,1.38740,1.38740,1.38740,0,1.38751,1.38751,1.38751,1.38751,0
43429000,1.38739,1.38739,1.38739,1.38739,0,1.38751,1.38751,1.38751,1.38751,0
43433000,1.38741,1.38741,1.38739,1.38739,0,1.38753,1.38753,1.38751,1.38751,0
43440000,1.38740,1.38740,1.38732,1.38732,0,1.38750,1.38750,1.38746,1.38746,0
43448000,1.38734,1.38737,1.38734,1.38737,0,1.38748,1.38751,1.38748,1.38750,0
43449000,1.38737,1.38737,1.38737,1.38737,0,1.38749,1.38749,1.38749,1.38749,0
43455000,1.38737,1.38737,1.38735,1.38735,0,1.38751,1.38751,1.38748,1.38748,0
43456000,1.38733,1.38734,1.38733,1.38734,0,1.38746,1.38746,1.38745,1.38745,0
43457000,1.38734,1.38735,1.38734,1.38735,0,1.38747,1.38747,1.38746,1.38746,0
43458000,1.38734,1.38734,1.38732,1.38732,0,1.38747,1.38747,1.38746,1.38747,0
43459000,1.38732,1.38732,1.38732,1.38732,0,1.38746,1.38746,1.38744,1.38744,0
43472000,1.38732,1.38732,1.38732,1.38732,0,1.38745,1.38745,1.38745,1.38745,0
43478000,1.38734,1.38736,1.38732,1.38732,0,1.38746,1.38751,1.38746,1.38747,0
43479000,1.38734,1.38734,1.38734,1.38734,0,1.38747,1.38747,1.38747,1.38747,0
43480000,1.38734,1.38735,1.38734,1.38735,0,1.38749,1.38749,1.38749,1.38749,0
43481000,1.38732,1.38732,1.38732,1.38732,0,1.38746,1.38746,1.38746,1.38746,0
43484000,1.38733,1.38733,1.38733,1.38733,0,1.38745,1.38745,1.38745,1.38745,0
43492000,1.38735,1.38735,1.38735,1.38735,0,1.38747,1.38747,1.38747,1.38747,0
43500000,1.38733,1.38734,1.38733,1.38734,0,1.38747,1.38747,1.38747,1.38747,0
43501000,1.38734,1.38734,1.38734,1.38734,0,1.38745,1.38745,1.38745,1.38745,0
43502000,1.38733,1.38733,1.38733,1.38733,0,1.38746,1.38746,1.38746,1.38746,0
43506000,1.38735,1.38735,1.38734,1.38734,0,1.38748,1.38748,1.38748,1.38748,0
43507000,1.38733,1.38733,1.38733,1.38733,0,1.38746,1.38746,1.38746,1.38746,0
43520000,1.38734,1.38734,1.38734,1.38734,0,1.38745,1.38745,1.38745,1.38745,0
43527000,1.38733,1.38734,1.38733,1.38734,0,1.38746,1.38747,1.38746,1.38747,0
43528000,1.38737,1.38737,1.38737,1.38737,0,1.38750,1.38750,1.38750,1.38750,0
43530000,1.38739,1.38739,1.38739,1.38739,0,1.38752,1.38752,1.38752,1.38752,0
43533000,1.38741,1.38741,1.38741,1.38741,0,1.38753,1.38753,1.38753,1.38753,0
43537000,1.38740,1.38740,1.38740,1.38740,0,1.38753,1.38753,1.38753,1.38753,0
43539000,1.38741,1.38741,1.38740,1.38740,0,1.38752,1.38752,1.38752,1.38752,0
43544000,1.38739,1.38739,1.38739,1.38739,0,1.38752,1.38752,1.38752,1.38752,0
43547000,1.38740,1.38740,1.38740,1.38740,0,1.38752,1.38752,1.38752,1.38752,0
43548000,1.38742,1.38742,1.38742,1.38742,0,1.38754,1.38754,1.38754,1.38754,0
43550000,1.38742,1.38742,1.38742,1.38742,0,1.38755,1.38755,1.38755,1.38755,0
43552000,1.38742,1.38742,1.38741,1.38741,0,1.38753,1.38754,1.38753,1.38754,0
43553000,1.38741,1.38742,1.38740,1.38742,0,1.38752,1.38754,1.38752,1.38754,0
43557000,1.38741,1.38741,1.38741,1.38741,0,1.38755,1.38755,1.38754,1.38754,0
43562000,1.38742,1.38745,1.38742,1.38743,0,1.38753,1.38758,1.38753,1.38756,0
43563000,1.38742,1.38742,1.38742,1.38742,0,1.38754,1.38754,1.38754,1.38754,0
43573000,1.38742,1.38745,1.38742,1.38745,0,1.38755,1.38758,1.38755,1.38757,0
43575000,1.38746,1.38746,1.38746,1.38746,0,1.38759,1.38759,1.38759,1.38759,0
43577000,1.38749,1.38749,1.38749,1.38749,0,1.38762,1.38762,1.38762,1.38762,0
43579000,1.38748,1.38748,1.38746,1.38748,0,1.38760,1.38760,1.38758,1.38760,0
43580000,1.38747,1.38747,1.38747,1.38747,0,1.38760,1.38760,1.38760,1.38760,0
43582000,1.38748,1.38753,1.38748,1.38752,0,1.38760,1.38765,1.38760,1.38765,0
43584000,1.38754,1.38754,1.38754,1.38754,0,1.38765,1.38765,1.38765,1.38765,0
43585000,1.38753,1.38753,1.38752,1.38753,0,1.38765,1.38766,1.38765,1.38765,0
43593000,1.38751,1.38759,1.38751,1.38759,0,1.38765,1.38770,1.38765,1.38770,0
43594000,1.38757,1.38757,1.38754,1.38754,0,1.38769,1.38769,1.38767,1.38767,0
43597000,1.38755,1.38755,1.38755,1.38755,0,1.38767,1.38767,1.38767,1.38767,0
43598000,1.38754,1.38755,1.38754,1.38755,0,1.38768,1.38768,1.38768,1.38768,0
43600000,1.38756,1.38758,1.38756,1.38758,0,1.38770,1.38772,1.38770,1.38772,0
43601000,1.38759,1.38759,1.38759,1.38759,0,1.38772,1.38772,1.38771,1.38772,0
43602000,1.38760,1.38760,1.38760,1.38760,0,1.38771,1.38771,1.38771,1.38771,0
43603000,1.38759,1.38759,1.38759,1.38759,0,1.38772,1.38772,1.38772,1.38772,0
43611000,1.38760,1.38760,1.38759,1.38759,0,1.38771,1.38772,1.38771,1.38772,0
43613000,1.38760,1.38760,1.38760,1.38760,0,1.38771,1.38771,1.38771,1.38771,0
43620000,1.38760,1.38761,1.38760,1.38761,0,1.38773,1.38773,1.38773,1.38773,0
43629000,1.38761,1.38761,1.38761,1.38761,0,1.38774,1.38774,1.38773,1.38773,0
43633000,1.38758,1.38758,1.38758,1.38758,0,1.38771,1.38771,1.38771,1.38771,0
43634000,1.38758,1.38758,1.38753,1.38753,0,1.38770,1.38770,1.38765,1.38765,0
43637000,1.38754,1.38754,1.38754,1.38754,0,1.38765,1.38765,1.38765,1.38765,0
43641000,1.38754,1.38754,1.38754,1.38754,0,1.38767,1.38767,1.38767,1.38767,0
43650000,1.38756,1.38756,1.38755,1.38755,0,1.38767,1.38769,1.38767,1.38769,0
43659000,1.38757,1.38757,1.38757,1.38757,0,1.38769,1.38769,1.38769,1.38769,0
43660000,1.38756,1.38756,1.38756,1.38756,0,1.38769,1.38769,1.38769,1.38769,0
43661000,1.38757,1.38757,1.38757,1.38757,0,1.38769,1.38769,1.38769,1.38769,0
43688000,1.38757,1.38757,1.38756,1.38756,0,1.38768,1.38768,1.38768,1.38768,0
43689000,1.38755,1.38755,1.38752,1.38752,0,1.38769,1.38769,1.38766,1.38766,0
43690000,1.38754,1.38754,1.38754,1.38754,0,1.38766,1.38766,1.38766,1.38766,0
43702000,1.38753,1.38753,1.38753,1.38753,0,1.38766,1.38766,1.38766,1.38766,0
43711000,1.38752,1.38752,1.38751,1.38751,0,1.38767,1.38767,1.38764,1.38764,0
43712000,1.38752,1.38752,1.38752,1.38752,0,1.38763,1.38763,1.38763,1.38763,0
43713000,1.38753,1.38755,1.38752,1.38754,0,1.38765,1.38767,1.38765,1.38767,0
43717000,1.38755,1.38755,1.38755,1.38755,0,1.38767,1.38767,1.38767,1.38767,0
43718000,1.38755,1.38755,1.38754,1.38754,0,1.38766,1.38766,1.38766,1.38766,0
43726000,1.38753,1.38753,1.38753,1.38753,0,1.38766,1.38766,1.38766,1.38766,0
43727000,1.38755,1.38755,1.38755,1.38755,0,1.38766,1.38766,1.38766,1.38766,0
43728000,1.38754,1.38756,1.38754,1.38755,0,1.38766,1.38768,1.38766,1.38766,0
43733000,1.38754,1.38754,1.38754,1.38754,0,1.38766,1.38766,1.38766,1.38766,0
43740000,1.38753,1.38753,1.38753,1.38753,0,1.38763,1.38763,1.38763,1.38763,0
43741000,1.38752,1.38753,1.38751,1.38753,0,1.38764,1.38769,1.38764,1.38769,0
43742000,1.38753,1.38754,1.38753,1.38754,0,1.38768,1.38768,1.38768,1.38768,0
43743000,1.38754,1.38755,1.38754,1.38755,0,1.38766,1.38766,1.38766,1.38766,0
43772000,1.38752,1.38752,1.38752,1.38752,0,1.38766,1.38766,1.38766,1.38766,0
43773000,1.38752,1.38752,1.38752,1.38752,0,1.38764,1.38764,1.38764,1.38764,0
43793000,1.38752,1.38752,1.38751,1.38751,0,1.38763,1.38764,1.38763,1.38764,0
43794000,1.38752,1.38753,1.38751,1.38753,0,1.38763,1.38765,1.38763,1.38765,0
43795000,1.38753,1.38753,1.38753,1.38753,0,1.38763,1.38763,1.38763,1.38763,0
43799000,1.38752,1.38752,1.38752,1.38752,0,1.38764,1.38764,1.38764,1.38764,0
43800000,1.38752,1.38752,1.38752,1.38752,0,1.38765,1.38765,1.38765,1.38765,0
43809000,1.38755,1.38755,1.38755,1.38755,0,1.38768,1.38768,1.38768,1.38768,0
43811000,1.38755,1.38755,1.38755,1.38755,0,1.38766,1.38766,1.38766,1.38766,0
43812000,1.38754,1.38754,1.38754,1.38754,0,1.38767,1.38767,1.38766,1.38766,0
43819000,1.38751,1.38752,1.38751,1.38752,0,1.38763,1.38763,1.38763,1.38763,0
43822000,1.38751,1.38751,1.38749,1.38749,0,1.38765,1.38765,1.38763,1.38763,0
43827000,1.38748,1.38748,1.38748,1.38748,0,1.38761,1.38761,1.38761,1.38761,0
43828000,1.38748,1.38748,1.38748,1.38748,0,1.38760,1.38760,1.38760,1.38760,0
43840000,1.38748,1.38748,1.38748,1.38748,0,1.38761,1.38761,1.38761,1.38761,0
43843000,1.38751,1.38751,1.38751,1.38751,0,1.38764,1.38764,1.38764,1.38764,0
43848000,1.38751,1.38751,1.38751,1.38751,0,1.38763,1.38763,1.38763,1.38763,0
43855000,1.38749,1.38749,1.38749,1.38749,0,1.38763,1.38763,1.38763,1.38763,0
43856000,1.38750,1.38750,1.38750,1.38750,0,1.38762,1.38762,1.38762,1.38762,0
43858000,1.38749,1.38749,1.38749,1.38749,0,1.38762,1.38762,1.38761,1.38761,0
43867000,1.38751,1.38754,1.38751,1.38754,0,1.38764,1.38767,1.38764,1.38767,0
43868000,1.38754,1.38754,1.38754,1.38754,0,1.38766,1.38766,1.38766,1.38766,0
43872000,1.38755,1.38755,1.38755,1.38755,0,1.38769,1.38769,1.38769,1.38769,0
43873000,1.38755,1.38755,1.38755,1.38755,0,1.38768,1.38768,1.38767,1.38767,0
43895000,1.38756,1.38756,1.38756,1.38756,0,1.38767,1.38767,1.38767,1.38767,0
43902000,1.38753,1.38753,1.38752,1.38752,0,1.38766,1.38766,1.38764,1.38764,0
43909000,1.38755,1.38755,1.38755,1.38755,0,1.38767,1.38767,1.38767,1.38767,0
43910000,1.38755,1.38755,1.38755,1.38755,0,1.38768,1.38768,1.38768,1.38768,0
43911000,1.38756,1.38756,1.38756,1.38756,0,1.38767,1.38767,1.38766,1.38766,0
43912000,1.38755,1.38755,1.38755,1.38755,0,1.38768,1.38768,1.38768,1.38768,0
43913000,1.38756,1.38756,1.38756,1.38756,0,1.38767,1.38767,1.38767,1.38767,0
43940000,1.38757,1.38757,1.38757,1.38757,0,1.38766,1.38766,1.38766,1.38766,0
43949000,1.38756,1.38756,1.38756,1.38756,0,1.38766,1.38766,1.38766,1.38766,0
43968000,1.38754,1.38754,1.38754,1.38754,0,1.38764,1.38764,1.38764,1.38764,0
43985000,1.38754,1.38756,1.38754,1.38756,0,1.38767,1.38767,1.38766,1.38766,0
43986000,1.38756,1.38757,1.38756,1.38757,0,1.38768,1.38768,1.38768,1.38768,0
43987000,1.38759,1.38759,1.38759,1.38759,0,1.38770,1.38771,1.38770,1.38771,0
43988000,1.38759,1.38759,1.38759,1.38759,0,1.38770,1.38770,1.38770,1.38770,0
43989000,1.38761,1.38761,1.38761,1.38761,0,1.38772,1.38772,1.38772,1.38772,0
43995000,1.38761,1.38761,1.38761,1.38761,0,1.38771,1.38771,1.38771,1.38771,0
44025000,1.38761,1.38761,1.38761,1.38761,0,1.38770,1.38770,1.38770,1.38770,0
44034000,1.38761,1.38761,1.38761,1.38761,0,1.38772,1.38772,1.38772,1.38772,0
44042000,1.38761,1.38764,1.38760,1.38764,0,1.38776,1.38778,1.38776,1.38777,0
44044000,1.38763,1.38763,1.38763,1.38763,0,1.38774,1.38774,1.38774,1.38774,0
44066000,1.38762,1.38762,1.38762,1.38762,0,1.38775,1.38775,1.38775,1.38775,0
44067000,1.38763,1.38763,1.38763,1.38763,0,1.38774,1.38774,1.38774,1.38774,0
44079000,1.38764,1.38764,1.38764,1.38764,0,1.38774,1.38774,1.38774,1.38774,0
44082000,1.38764,1.38764,1.38764,1.38764,0,1.38775,1.38775,1.38775,1.38775,0
44087000,1.38765,1.38765,1.38765,1.38765,0,1.38775,1.38775,1.38775,1.38775,0
44089000,1.38763,1.38769,1.38763,1.38768,0,1.38776,1.38780,1.38776,1.38779,0
44090000,1.38770,1.38770,1.38770,1.38770,0,1.38782,1.38782,1.38782,1.38782,0
44091000,1.38771,1.38771,1.38770,1.38770,0,1.38782,1.38782,1.38782,1.38782,0
44092000,1.38771,1.38771,1.38771,1.38771,0,1.38781,1.38781,1.38781,1.38781,0
44094000,1.38770,1.38771,1.38770,1.38771,0,1.38781,1.38781,1.38781,1.38781,0
44096000,1.38770,1.38770,1.38770,1.38770,0,1.38782,1.38782,1.38782,1.38782,0
44100000,1.38770,1.38770,1.38758,1.38758,0,1.38781,1.38781,1.38770,1.38771,0
44101000,1.38759,1.38759,1.38759,1.38759,0,1.38771,1.38771,1.38771,1.38771,0
44113000,1.38762,1.38762,1.38762,1.38762,0,1.38772,1.38772,1.38772,1.38772,0
44114000,1.38762,1.38762,1.38762,1.38762,0,1.38774,1.38774,1.38774,1.38774,0
44149000,1.38762,1.38762,1.38762,1.38762,0,1.38773,1.38773,1.38773,1.38773,0
44150000,1.38760,1.38761,1.38760,1.38761,0,1.38773,1.38773,1.38772,1.38772,0
44162000,1.38761,1.38762,1.38761,1.38762,0,1.38774,1.38774,1.38773,1.38773,0
44163000,1.38761,1.38765,1.38761,1.38765,0,1.38774,1.38776,1.38774,1.38776,0
44164000,1.38764,1.38764,1.38764,1.38764,0,1.38776,1.38776,1.38776,1.38776,0
44165000,1.38764,1.38764,1.38763,1.38763,0,1.38775,1.38775,1.38775,1.38775,0
44166000,1.38764,1.38764,1.38764,1.38764,0,1.38775,1.38775,1.38775,1.38775,0
44173000,1.38764,1.38764,1.38764,1.38764,0,1.38777,1.38777,1.38777,1.38777,0
44174000,1.38765,1.38765,1.38765,1.38765,0,1.38776,1.38776,1.38776,1.38776,0
44175000,1.38764,1.38764,1.38764,1.38764,0,1.38776,1.38776,1.38776,1.38776,0
44198000,1.38766,1.38772,1.38766,1.38772,0,1.38779,1.38786,1.38779,1.38783,0
44200000,1.38774,1.38777,1.38774,1.38777,0,1.38785,1.38788,1.38785,1.38788,0
44201000,1.38777,1.38778,1.38777,1.38777,0,1.38790,1.38790,1.38790,1.38790,0
44203000,1.38774,1.38774,1.38774,1.38774,0,1.38787,1.38787,1.38787,1.38787,0
44204000,1.38774,1.38774,1.38774,1.38774,0,1.38785,1.38785,1.38785,1.38785,0
44207000,1.38772,1.38772,1.38772,1.38772,0,1.38783,1.38783,1.38783,1.38783,0
44208000,1.38773,1.38773,1.38773,1.38773,0,1.38782,1.38782,1.38782,1.38782,0
44211000,1.38772,1.38774,1.38772,1.38774,0,1.38783,1.38785,1.38783,1.38785,0
44213000,1.38775,1.38775,1.38774,1.38775,0,1.38785,1.38787,1.38784,1.38784,0
44217000,1.38774,1.38774,1.38774,1.38774,0,1.38784,1.38784,1.38784,1.38784,0
44220000,1.38774,1.38774,1.38774,1.38774,0,1.38786,1.38786,1.38786,1.38786,0
44222000,1.38775,1.38775,1.38774,1.38774,0,1.38786,1.38786,1.38786,1.38786,0
44227000,1.38776,1.38776,1.38776,1.38776,0,1.38788,1.38788,1.38788,1.38788,0
44228000,1.38777,1.38779,1.38777,1.38779,0,1.38790,1.38790,1.38790,1.38790,0
44229000,1.38778,1.38778,1.38778,1.38778,0,1.38791,1.38791,1.38791,1.38791,0
44230000,1.38776,1.38776,1.38774,1.38775,0,1.38788,1.38789,1.38787,1.38787,0
44231000,1.38776,1.38776,1.38775,1.38775,0,1.38787,1.38787,1.38787,1.38787,0
44232000,1.38776,1.38776,1.38776,1.38776,0,1.38787,1.38787,1.38787,1.38787,0
44238000,1.38775,1.38778,1.38775,1.38778,0,1.38787,1.38789,1.38787,1.38789,0
44241000,1.38777,1.38778,1.38777,1.38778,0,1.38789,1.38789,1.38788,1.38788,0
44248000,1.38777,1.38777,1.38777,1.38777,0,1.38788,1.38788,1.38788,1.38788,0
44250000,1.38777,1.38777,1.38776,1.38776,0,1.38787,1.38788,1.38787,1.38788,0
44258000,1.38776,1.38780,1.38776,1.38779,0,1.38787,1.38792,1.38787,1.38792,0
44259000,1.38779,1.38779,1.38778,1.38779,0,1.38791,1.38791,1.38791,1.38791,0
44260000,1.38781,1.38781,1.38781,1.38781,0,1.38791,1.38792,1.38791,1.38792,0
44261000,1.38783,1.38795,1.38783,1.38793,0,1.38795,1.38810,1.38795,1.38808,0
44262000,1.38793,1.38795,1.38792,1.38792,0,1.38807,1.38810,1.38807,1.38808,0
44263000,1.38793,1.38794,1.38792,1.38794,0,1.38808,1.38811,1.38808,1.38811,0
44264000,1.38795,1.38795,1.38795,1.38795,0,1.38810,1.38810,1.38810,1.38810,0
44265000,1.38793,1.38793,1.38793,1.38793,0,1.38807,1.38807,1.38807,1.38807,0
44269000,1.38796,1.38796,1.38796,1.38796,0,1.38809,1.38809,1.38809,1.38809,0
44273000,1.38795,1.38797,1.38795,1.38797,0,1.38809,1.38809,1.38808,1.38808,0
44275000,1.38794,1.38794,1.38794,1.38794,0,1.38806,1.38806,1.38806,1.38806,0
44277000,1.38795,1.38795,1.38795,1.38795,0,1.38806,1.38806,1.38806,1.38806,0
44281000,1.38793,1.38793,1.38790,1.38790,0,1.38804,1.38804,1.38802,1.38802,0
44282000,1.38789,1.38789,1.38789,1.38789,0,1.38800,1.38800,1.38800,1.38800,0
44283000,1.38790,1.38790,1.38773,1.38773,0,1.38799,1.38800,1.38790,1.38790,0
44284000,1.38772,1.38772,1.38772,1.38772,0,1.38788,1.38788,1.38784,1.38784,0
44291000,1.38773,1.38773,1.38773,1.38773,0,1.38786,1.38786,1.38786,1.38786,0
44295000,1.38774,1.38774,1.38771,1.38771,0,1.38784,1.38785,1.38783,1.38783,0
44300000,1.38774,1.38774,1.38774,1.38774,0,1.38786,1.38786,1.38786,1.38786,0
44301000,1.38774,1.38774,1.38774,1.38774,0,1.38785,1.38785,1.38785,1.38785,0
44302000,1.38774,1.38774,1.38774,1.38774,0,1.38784,1.38784,1.38784,1.38784,0
44303000,1.38773,1.38773,1.38770,1.38770,0,1.38785,1.38785,1.38783,1.38783,0
44304000,1.38769,1.38769,1.38769,1.38769,0,1.38781,1.38781,1.38781,1.38781,0
44307000,1.38768,1.38768,1.38755,1.38756,0,1.38781,1.38781,1.38769,1.38769,0
44308000,1.38755,1.38755,1.38753,1.38753,0,1.38767,1.38767,1.38764,1.38764,0
44311000,1.38753,1.38755,1.38753,1.38753,0,1.38765,1.38768,1.38765,1.38765,0
44314000,1.38755,1.38755,1.38753,1.38753,0,1.38767,1.38767,1.38765,1.38765,0
44337000,1.38755,1.38755,1.38755,1.38755,0,1.38768,1.38768,1.38768,1.38768,0
44340000,1.38754,1.38754,1.38754,1.38754,0,1.38768,1.38768,1.38768,1.38768,0
44341000,1.38754,1.38754,1.38754,1.38754,0,1.38767,1.38767,1.38766,1.38766,0
44367000,1.38755,1.38755,1.38755,1.38755,0,1.38766,1.38766,1.38766,1.38766,0
44376000,1.38756,1.38756,1.38756,1.38756,0,1.38768,1.38768,1.38768,1.38768,0
44377000,1.38758,1.38760,1.38757,1.38760,0,1.38771,1.38772,1.38771,1.38772,0
44380000,1.38758,1.38759,1.38758,1.38759,0,1.38772,1.38772,1.38772,1.38772,0
44381000,1.38760,1.38760,1.38760,1.38760,0,1.38771,1.38771,1.38771,1.38771,0
44382000,1.38760,1.38760,1.38760,1.38760,0,1.38772,1.38772,1.38772,1.38772,0
44390000,1.38760,1.38760,1.38760,1.38760,0,1.38771,1.38771,1.38771,1.38771,0
44392000,1.38759,1.38759,1.38759,1.38759,0,1.38772,1.38772,1.38772,1.38772,0
44397000,1.38761,1.38761,1.38761,1.38761,0,1.38772,1.38772,1.38772,1.38772,0
44400000,1.38761,1.38761,1.38759,1.38759,0,1.38774,1.38774,1.38771,1.38771,0
44401000,1.38762,1.38766,1.38762,1.38765,0,1.38774,1.38778,1.38774,1.38777,0
44424000,1.38765,1.38765,1.38765,1.38765,0,1.38778,1.38778,1.38778,1.38778,0
44437000,1.38766,1.38766,1.38766,1.38766,0,1.38777,1.38777,1.38777,1.38777,0
44440000,1.38765,1.38765,1.38765,1.38765,0,1.38778,1.38778,1.38778,1.38778,0
44442000,1.38766,1.38766,1.38766,1.38766,0,1.38777,1.38777,1.38777,1.38777,0
44449000,1.38765,1.38765,1.38765,1.38765,0,1.38778,1.38778,1.38777,1.38777,0
44463000,1.38764,1.38764,1.38764,1.38764,0,1.38777,1.38777,1.38777,1.38777,0
44465000,1.38765,1.38765,1.38765,1.38765,0,1.38776,1.38776,1.38776,1.38776,0
44473000,1.38764,1.38764,1.38764,1.38764,0,1.38776,1.38776,1.38776,1.38776,0
44474000,1.38765,1.38765,1.38765,1.38765,0,1.38774,1.38774,1.38774,1.38774,0
44475000,1.38764,1.38764,1.38764,1.38764,0,1.38775,1.38775,1.38775,1.38775,0
44479000,1.38761,1.38761,1.38758,1.38761,0,1.38773,1.38773,1.38770,1.38772,0
44480000,1.38760,1.38760,1.38760,1.38760,0,1.38772,1.38772,1.38772,1.38772,0
44481000,1.38759,1.38759,1.38758,1.38758,0,1.38770,1.38770,1.38770,1.38770,0
44482000,1.38756,1.38759,1.38756,1.38757,0,1.38767,1.38770,1.38767,1.38769,0
44483000,1.38758,1.38758,1.38758,1.38758,0,1.38769,1.38769,1.38769,1.38769,0
44484000,1.38756,1.38756,1.38753,1.38755,0,1.38769,1.38769,1.38766,1.38766,0
44496000,1.38753,1.38753,1.38753,1.38753,0,1.38766,1.38766,1.38766,1.38766,0
44497000,1.38754,1.38754,1.38754,1.38754,0,1.38765,1.38765,1.38765,1.38765,0
44499000,1.38753,1.38753,1.38753,1.38753,0,1.38765,1.38765,1.38764,1.38764,0
44501000,1.38752,1.38752,1.38750,1.38751,0,1.38762,1.38762,1.38762,1.38762,0
44503000,1.38750,1.38750,1.38736,1.38736,0,1.38760,1.38761,1.38750,1.38750,0
44504000,1.38735,1.38737,1.38735,1.38736,0,1.38748,1.38751,1.38748,1.38749,0
44505000,1.38735,1.38735,1.38734,1.38735,0,1.38745,1.38746,1.38745,1.38746,0
44506000,1.38736,1.38738,1.38735,1.38737,0,1.38749,1.38750,1.38749,1.38749,0
44508000,1.38736,1.38736,1.38735,1.38735,0,1.38746,1.38747,1.38746,1.38746,0
44509000,1.38733,1.38733,1.38733,1.38733,0,1.38745,1.38745,1.38745,1.38745,0
44512000,1.38735,1.38735,1.38735,1.38735,0,1.38746,1.38746,1.38746,1.38746,0
44513000,1.38734,1.38734,1.38734,1.38734,0,1.38746,1.38746,1.38746,1.38746,0
44514000,1.38734,1.38734,1.38734,1.38734,0,1.38747,1.38747,1.38747,1.38747,0
44520000,1.38734,1.38735,1.38734,1.38735,0,1.38745,1.38748,1.38745,1.38748,0
44521000,1.38737,1.38737,1.38737,1.38737,0,1.38748,1.38748,1.38748,1.38748,0
44522000,1.38735,1.38737,1.38735,1.38737,0,1.38748,1.38749,1.38748,1.38749,0
44523000,1.38740,1.38741,1.38740,1.38741,0,1.38752,1.38754,1.38751,1.38754,0
44524000,1.38742,1.38742,1.38736,1.38736,0,1.38753,1.38753,1.38749,1.38749,0
44525000,1.38737,1.38737,1.38737,1.38737,0,1.38748,1.38750,1.38748,1.38749,0
44530000,1.38738,1.38738,1.38736,1.38736,0,1.38751,1.38751,1.38749,1.38749,0
44533000,1.38734,1.38734,1.38734,1.38734,0,1.38748,1.38748,1.38748,1.38748,0
44534000,1.38735,1.38735,1.38735,1.38735,0,1.38748,1.38748,1.38747,1.38747,0
44535000,1.38736,1.38736,1.38733,1.38734,0,1.38746,1.38748,1.38745,1.38745,0
44538000,1.38733,1.38733,1.38732,1.38732,0,1.38743,1.38744,1.38743,1.38744,0
44543000,1.38732,1.38732,1.38732,1.38732,0,1.38745,1.38745,1.38743,1.38743,0
44544000,1.38732,1.38732,1.38732,1.38732,0,1.38745,1.38745,1.38745,1.38745,0
44546000,1.38733,1.38733,1.38733,1.38733,0,1.38744,1.38744,1.38744,1.38744,0
44547000,1.38732,1.38734,1.38732,1.38734,0,1.38745,1.38747,1.38745,1.38746,0
44548000,1.38735,1.38735,1.38732,1.38735,0,1.38746,1.38747,1.38744,1.38747,0
44552000,1.38734,1.38735,1.38734,1.38735,0,1.38747,1.38747,1.38747,1.38747,0
44568000,1.38733,1.38733,1.38733,1.38733,0,1.38746,1.38746,1.38746,1.38746,0
44576000,1.38731,1.38731,1.38731,1.38731,0,1.38743,1.38743,1.38743,1.38743,0
44579000,1.38732,1.38732,1.38730,1.38731,0,1.38743,1.38743,1.38743,1.38743,0
44580000,1.38732,1.38732,1.38732,1.38732,0,1.38743,1.38743,1.38743,1.38743,0
44581000,1.38731,1.38731,1.38731,1.38731,0,1.38743,1.38743,1.38743,1.38743,0
44589000,1.38732,1.38732,1.38732,1.38732,0,1.38745,1.38745,1.38745,1.38745,0
44594000,1.38734,1.38734,1.38733,1.38733,0,1.38743,1.38744,1.38743,1.38744,0
44601000,1.38733,1.38733,1.38733,1.38733,0,1.38745,1.38745,1.38745,1.38745,0
44606000,1.38733,1.38733,1.38733,1.38733,0,1.38744,1.38745,1.38744,1.38745,0
44610000,1.38735,1.38740,1.38733,1.38737,0,1.38746,1.38755,1.38746,1.38750,0
44611000,1.38739,1.38739,1.38739,1.38739,0,1.38752,1.38752,1.38751,1.38751,0
44630000,1.38741,1.38741,1.38741,1.38741,0,1.38753,1.38753,1.38753,1.38753,0
44632000,1.38739,1.38739,1.38739,1.38739,0,1.38751,1.38751,1.38751,1.38751,0
44640000,1.38741,1.38741,1.38741,1.38741,0,1.38753,1.38753,1.38753,1.38753,0
44641000,1.38741,1.38741,1.38741,1.38741,0,1.38754,1.38754,1.38754,1.38754,0
44643000,1.38743,1.38743,1.38743,1.38743,0,1.38754,1.38754,1.38754,1.38754,0
44646000,1.38743,1.38743,1.38743,1.38743,0,1.38753,1.38753,1.38753,1.38753,0
44651000,1.38742,1.38742,1.38742,1.38742,0,1.38754,1.38754,1.38754,1.38754,0
44678000,1.38742,1.38742,1.38742,1.38742,0,1.38753,1.38753,1.38753,1.38753,0
44692000,1.38742,1.38743,1.38741,1.38741,0,1.38754,1.38757,1.38754,1.38754,0
44699000,1.38742,1.38742,1.38742,1.38742,0,1.38754,1.38754,1.38754,1.38754,0
44700000,1.38741,1.38741,1.38740,1.38740,0,1.38754,1.38754,1.38753,1.38754,0
44703000,1.38740,1.38740,1.38737,1.38737,0,1.38752,1.38752,1.38751,1.38751,0
44704000,1.38736,1.38736,1.38732,1.38732,0,1.38749,1.38749,1.38745,1.38745,0
44706000,1.38733,1.38733,1.38733,1.38733,0,1.38744,1.38744,1.38744,1.38744,0
44709000,1.38732,1.38737,1.38732,1.38737,0,1.38745,1.38749,1.38745,1.38748,0
44711000,1.38735,1.38735,1.38733,1.38734,0,1.38748,1.38748,1.38746,1.38747,0
44712000,1.38735,1.38735,1.38735,1.38735,0,1.38746,1.38746,1.38746,1.38746,0
44715000,1.38733,1.38733,1.38733,1.38733,0,1.38746,1.38746,1.38746,1.38746,0
44717000,1.38735,1.38737,1.38735,1.38737,0,1.38748,1.38748,1.38747,1.38747,0
44734000,1.38737,1.38737,1.38737,1.38737,0,1.38748,1.38748,1.38748,1.38748,0
44758000,1.38739,1.38739,1.38739,1.38739,0,1.38750,1.38750,1.38750,1.38750,0
44772000,1.38739,1.38739,1.38739,1.38739,0,1.38752,1.38752,1.38752,1.38752,0
44773000,1.38740,1.38740,1.38740,1.38740,0,1.38752,1.38752,1.38752,1.38752,0
44775000,1.38740,1.38740,1.38740,1.38740,0,1.38751,1.38751,1.38751,1.38751,0
44777000,1.38739,1.38739,1.38739,1.38739,0,1.38751,1.38751,1.38750,1.38750,0
44780000,1.38739,1.38739,1.38739,1.38739,0,1.38751,1.38751,1.38751,1.38751,0
44783000,1.38738,1.38738,1.38738,1.38738,0,1.38749,1.38749,1.38749,1.38749,0
44785000,1.38738,1.38738,1.38738,1.38738,0,1.38750,1.38750,1.38750,1.38750,0
44787000,1.38741,1.38741,1.38741,1.38741,0,1.38752,1.38752,1.38752,1.38752,0
44819000,1.38739,1.38739,1.38730,1.38731,0,1.38751,1.38751,1.38744,1.38744,0
44820000,1.38734,1.38738,1.38734,1.38737,0,1.38746,1.38749,1.38746,1.38749,0
44821000,1.38734,1.38735,1.38734,1.38735,0,1.38747,1.38747,1.38745,1.38745,0
44822000,1.38734,1.38734,1.38734,1.38734,0,1.38746,1.38746,1.38746,1.38746,0
44830000,1.38734,1.38734,1.38732,1.38732,0,1.38747,1.38747,1.38744,1.38744,0
44839000,1.38732,1.38732,1.38732,1.38732,0,1.38743,1.38743,1.38743,1.38743,0
44840000,1.38731,1.38731,1.38731,1.38731,0,1.38744,1.38744,1.38744,1.38744,0
44841000,1.38732,1.38732,1.38731,1.38731,0,1.38742,1.38742,1.38742,1.38742,0
44842000,1.38732,1.38732,1.38732,1.38732,0,1.38742,1.38742,1.38742,1.38742,0
44843000,1.38731,1.38731,1.38728,1.38728,0,1.38742,1.38743,1.38740,1.38740,0
44845000,1.38727,1.38727,1.38724,1.38724,0,1.38740,1.38740,1.38736,1.38736,0
44846000,1.38727,1.38727,1.38726,1.38726,0,1.38739,1.38739,1.38739,1.38739,0
44847000,1.38728,1.38728,1.38728,1.38728,0,1.38740,1.38740,1.38740,1.38740,0
44849000,1.38728,1.38728,1.38728,1.38728,0,1.38741,1.38741,1.38741,1.38741,0
44850000,1.38729,1.38729,1.38729,1.38729,0,1.38740,1.38740,1.38740,1.38740,0
44853000,1.38727,1.38728,1.38727,1.38728,0,1.38740,1.38740,1.38739,1.38740,0
44854000,1.38727,1.38728,1.38727,1.38728,0,1.38740,1.38740,1.38740,1.38740,0
44858000,1.38728,1.38728,1.38728,1.38728,0,1.38739,1.38739,1.38739,1.38739,0
44873000,1.38728,1.38728,1.38728,1.38728,0,1.38740,1.38740,1.38740,1.38740,0
44874000,1.38728,1.38728,1.38728,1.38728,0,1.38739,1.38739,1.38739,1.38739,0
44876000,1.38728,1.38728,1.38728,1.38728,0,1.38740,1.38740,1.38740,1.38740,0
44880000,1.38730,1.38730,1.38730,1.38730,0,1.38742,1.38742,1.38742,1.38742,0
44889000,1.38729,1.38729,1.38722,1.38722,0,1.38742,1.38742,1.38734,1.38734,0
44890000,1.38720,1.38720,1.38720,1.38720,0,1.38732,1.38732,1.38732,1.38732,0
44895000,1.38722,1.38722,1.38722,1.38722,0,1.38734,1.38734,1.38734,1.38734,0
44899000,1.38720,1.38720,1.38720,1.38720,0,1.38732,1.38732,1.38732,1.38732,0
44907000,1.38721,1.38722,1.38720,1.38721,0,1.38732,1.38734,1.38732,1.38732,0
44908000,1.38721,1.38721,1.38721,1.38721,0,1.38734,1.38734,1.38734,1.38734,0
44909000,1.38721,1.38721,1.38721,1.38721,0,1.38733,1.38733,1.38733,1.38733,0
44910000,1.38723,1.38723,1.38723,1.38723,0,1.38735,1.38735,1.38734,1.38734,0
44911000,1.38723,1.38723,1.38723,1.38723,0,1.38736,1.38736,1.38736,1.38736,0
44913000,1.38723,1.38725,1.38723,1.38725,0,1.38734,1.38737,1.38734,1.38737,0
44915000,1.38723,1.38723,1.38723,1.38723,0,1.38734,1.38734,1.38734,1.38734,0
44918000,1.38725,1.38725,1.38723,1.38723,0,1.38736,1.38737,1.38734,1.38734,0
44924000,1.38720,1.38720,1.38711,1.38713,0,1.38732,1.38733,1.38726,1.38726,0
44925000,1.38715,1.38718,1.38715,1.38718,0,1.38728,1.38731,1.38728,1.38731,0
44928000,1.38718,1.38718,1.38718,1.38718,0,1.38730,1.38730,1.38730,1.38730,0
44932000,1.38721,1.38721,1.38720,1.38720,0,1.38733,1.38734,1.38733,1.38734,0
44933000,1.38722,1.38722,1.38722,1.38722,0,1.38734,1.38734,1.38734,1.38734,0
44941000,1.38724,1.38731,1.38724,1.38731,0,1.38737,1.38744,1.38737,1.38744,0
44942000,1.38732,1.38733,1.38731,1.38733,0,1.38743,1.38744,1.38743,1.38744,0
44943000,1.38732,1.38732,1.38732,1.38732,0,1.38745,1.38745,1.38744,1.38744,0
44945000,1.38732,1.38732,1.38731,1.38731,0,1.38742,1.38744,1.38742,1.38744,0
44946000,1.38732,1.38732,1.38732,1.38732,0,1.38743,1.38743,1.38743,1.38743,0
44947000,1.38731,1.38731,1.38731,1.38731,0,1.38744,1.38744,1.38744,1.38744,0
44954000,1.38729,1.38729,1.38728,1.38728,0,1.38744,1.38744,1.38742,1.38742,0
44955000,1.38730,1.38732,1.38730,1.38732,0,1.38743,1.38743,1.38742,1.38742,0
44957000,1.38731,1.38731,1.38731,1.38731,0,1.38743,1.38743,1.38743,1.38743,0
44960000,1.38730,1.38730,1.38730,1.38730,0,1.38744,1.38744,1.38743,1.38743,0
44963000,1.38730,1.38730,1.38730,1.38730,0,1.38741,1.38741,1.38741,1.38741,0
44965000,1.38729,1.38729,1.38726,1.38726,0,1.38741,1.38741,1.38739,1.38739,0
44966000,1.38723,1.38723,1.38723,1.38723,0,1.38736,1.38737,1.38736,1.38737,0
44967000,1.38723,1.38723,1.38723,1.38723,0,1.38736,1.38736,1.38736,1.38736,0
44968000,1.38724,1.38724,1.38724,1.38724,0,1.38735,1.38735,1.38735,1.38735,0
44970000,1.38722,1.38722,1.38722,1.38722,0,1.38735,1.38735,1.38735,1.38735,0
44973000,1.38721,1.38721,1.38721,1.38721,0,1.38736,1.38736,1.38736,1.38736,0
44979000,1.38722,1.38722,1.38722,1.38722,0,1.38735,1.38735,1.38735,1.38735,0
44980000,1.38722,1.38723,1.38722,1.38723,0,1.38737,1.38737,1.38737,1.38737,0
44981000,1.38725,1.38725,1.38725,1.38725,0,1.38738,1.38738,1.38738,1.38738,0
44983000,1.38726,1.38726,1.38726,1.38726,0,1.38740,1.38740,1.38739,1.38739,0
44984000,1.38726,1.38728,1.38726,1.38728,0,1.38740,1.38742,1.38740,1.38742,0
44987000,1.38728,1.38730,1.38728,1.38730,0,1.38744,1.38744,1.38744,1.38744,0
44989000,1.38729,1.38734,1.38729,1.38734,0,1.38744,1.38752,1.38744,1.38751,0
44990000,1.38730,1.38730,1.38725,1.38727,0,1.38753,1.38753,1.38744,1.38744,0
44992000,1.38726,1.38726,1.38726,1.38726,0,1.38744,1.38744,1.38744,1.38744,0
44994000,1.38726,1.38726,1.38726,1.38726,0,1.38743,1.38743,1.38743,1.38743,0
44995000,1.38725,1.38725,1.38725,1.38725,0,1.38744,1.38744,1.38744,1.38744,0
44996000,1.38726,1.38727,1.38726,1.38727,0,1.38743,1.38743,1.38743,1.38743,0
44998000,1.38722,1.38722,1.38722,1.38722,0,1.38743,1.38743,1.38743,1.38743,0
44999000,1.38717,1.38718,1.38717,1.38718,0,1.38745,1.38745,1.38745,1.38745,0
45000000,1.38719,1.38721,1.38719,1.38721,0,1.38744,1.38744,1.38741,1.38741,0
45001000,1.38724,1.38757,1.38708,1.38751,0,1.38744,1.38853,1.38744,1.38847,0
45002000,1.38751,1.38757,1.38742,1.38747,0,1.38846,1.38851,1.38833,1.38833,0
45003000,1.38754,1.38767,1.38744,1.38758,0,1.38839,1.38847,1.38829,1.38834,0
45004000,1.38764,1.38769,1.38758,1.38769,0,1.38839,1.38840,1.38833,1.38835,0
45005000,1.38769,1.38774,1.38765,1.38772,0,1.38834,1.38834,1.38826,1.38828,0
45006000,1.38772,1.38772,1.38763,1.38764,0,1.38827,1.38827,1.38811,1.38811,0
45007000,1.38765,1.38767,1.38765,1.38766,0,1.38810,1.38810,1.38802,1.38802,0
45008000,1.38767,1.38777,1.38767,1.38777,0,1.38802,1.38806,1.38800,1.38803,0
45009000,1.38777,1.38783,1.38776,1.38781,0,1.38802,1.38802,1.38797,1.38797,0
45010000,1.38779,1.38780,1.38779,1.38780,0,1.38794,1.38794,1.38793,1.38793,0
45011000,1.38780,1.38780,1.38770,1.38770,0,1.38795,1.38795,1.38787,1.38787,0
45012000,1.38771,1.38771,1.38766,1.38767,0,1.38786,1.38786,1.38785,1.38785,0
45013000,1.38768,1.38780,1.38768,1.38779,0,1.38785,1.38795,1.38785,1.38795,0
45014000,1.38780,1.38780,1.38773,1.38773,0,1.38794,1.38794,1.38790,1.38790,0
45015000,1.38774,1.38776,1.38771,1.38771,0,1.38790,1.38790,1.38787,1.38787,0
45016000,1.38769,1.38769,1.38766,1.38766,0,1.38784,1.38784,1.38779,1.38779,0
45017000,1.38766,1.38767,1.38766,1.38767,0,1.38781,1.38781,1.38780,1.38781,0
45018000,1.38768,1.38768,1.38768,1.38768,0,1.38780,1.38780,1.38780,1.38780,0
45019000,1.38767,1.38767,1.38767,1.38767,0,1.38780,1.38780,1.38780,1.38780,0
45020000,1.38766,1.38766,1.38751,1.38751,0,1.38781,1.38781,1.38771,1.38771,0
45021000,1.38751,1.38752,1.38749,1.38749,0,1.38769,1.38769,1.38763,1.38763,0
45022000,1.38750,1.38750,1.38745,1.38746,0,1.38762,1.38762,1.38760,1.38762,0
45023000,1.38746,1.38746,1.38746,1.38746,0,1.38761,1.38761,1.38761,1.38761,0
45024000,1.38749,1.38749,1.38743,1.38743,0,1.38764,1.38764,1.38757,1.38757,0
45025000,1.38744,1.38744,1.38744,1.38744,0,1.38757,1.38757,1.38757,1.38757,0
45026000,1.38741,1.38748,1.38739,1.38746,0,1.38757,1.38765,1.38755,1.38763,0
45027000,1.38747,1.38748,1.38746,1.38748,0,1.38763,1.38765,1.38763,1.38764,0
45028000,1.38751,1.38753,1.38748,1.38751,0,1.38766,1.38766,1.38763,1.38765,0
45029000,1.38751,1.38756,1.38749,1.38754,0,1.38764,1.38769,1.38764,1.38766,0
45030000,1.38755,1.38755,1.38750,1.38753,0,1.38766,1.38770,1.38766,1.38767,0
45031000,1.38754,1.38755,1.38753,1.38755,0,1.38767,1.38767,1.38766,1.38766,0
45032000,1.38754,1.38755,1.38754,1.38755,0,1.38767,1.38767,1.38767,1.38767,0
45035000,1.38757,1.38758,1.38756,1.38758,0,1.38769,1.38773,1.38767,1.38773,0
45036000,1.38761,1.38772,1.38761,1.38772,0,1.38775,1.38787,1.38773,1.38787,0
45037000,1.38775,1.38775,1.38775,1.38775,0,1.38788,1.38788,1.38788,1.38788,0
45038000,1.38775,1.38775,1.38775,1.38775,0,1.38789,1.38789,1.38789,1.38789,0
45039000,1.38775,1.38782,1.38774,1.38780,0,1.38788,1.38796,1.38788,1.38796,0
45040000,1.38782,1.38804,1.38782,1.38804,0,1.38798,1.38818,1.38798,1.38818,0
45041000,1.38804,1.38806,1.38803,1.38806,0,1.38817,1.38821,1.38817,1.38821,0
45042000,1.38807,1.38810,1.38807,1.38809,0,1.38823,1.38826,1.38823,1.38824,0
45043000,1.38807,1.38807,1.38796,1.38797,0,1.38821,1.38821,1.38814,1.38814,0
45044000,1.38798,1.38799,1.38798,1.38799,0,1.38813,1.38813,1.38813,1.38813,0
45045000,1.38799,1.38799,1.38791,1.38791,0,1.38811,1.38812,1.38804,1.38804,0
45047000,1.38792,1.38792,1.38792,1.38792,0,1.38804,1.38804,1.38804,1.38804,0
45048000,1.38790,1.38790,1.38780,1.38783,0,1.38803,1.38803,1.38793,1.38795,0
45049000,1.38780,1.38780,1.38777,1.38779,0,1.38797,1.38797,1.38790,1.38791,0
45050000,1.38780,1.38780,1.38780,1.38780,0,1.38790,1.38791,1.38790,1.38791,0
45051000,1.38780,1.38781,1.38780,1.38781,0,1.38793,1.38793,1.38793,1.38793,0
45052000,1.38780,1.38780,1.38780,1.38780,0,1.38793,1.38793,1.38793,1.38793,0
45053000,1.38783,1.38792,1.38783,1.38792,0,1.38796,1.38804,1.38795,1.38804,0
45054000,1.38790,1.38792,1.38788,1.38792,0,1.38804,1.38805,1.38801,1.38805,0
45055000,1.38793,1.38793,1.38793,1.38793,0,1.38805,1.38805,1.38805,1.38805,0
45057000,1.38790,1.38790,1.38782,1.38789,0,1.38802,1.38802,1.38795,1.38802,0
45059000,1.38788,1.38788,1.38778,1.38779,0,1.38802,1.38802,1.38792,1.38792,0
45060000,1.38777,1.38777,1.38773,1.38773,0,1.38790,1.38790,1.38785,1.38785,0
45062000,1.38775,1.38775,1.38764,1.38764,0,1.38786,1.38786,1.38779,1.38779,0
45063000,1.38765,1.38765,1.38765,1.38765,0,1.38779,1.38779,1.38778,1.38778,0
45064000,1.38766,1.38766,1.38766,1.38766,0,1.38777,1.38777,1.38777,1.38777,0
45065000,1.38765,1.38765,1.38765,1.38765,0,1.38778,1.38778,1.38778,1.38778,0
45066000,1.38763,1.38765,1.38763,1.38765,0,1.38776,1.38778,1.38776,1.38778,0
45067000,1.38765,1.38765,1.38763,1.38764,0,1.38779,1.38779,1.38775,1.38775,0
45068000,1.38763,1.38763,1.38763,1.38763,0,1.38775,1.38775,1.38775,1.38775,0
45069000,1.38761,1.38761,1.38757,1.38758,0,1.38773,1.38773,1.38770,1.38771,0
45070000,1.38760,1.38760,1.38759,1.38759,0,1.38771,1.38772,1.38771,1.38772,0
45071000,1.38761,1.38761,1.38761,1.38761,0,1.38773,1.38773,1.38773,1.38773,0
45072000,1.38760,1.38762,1.38760,1.38762,0,1.38773,1.38775,1.38773,1.38775,0
45073000,1.38762,1.38765,1.38762,1.38765,0,1.38777,1.38779,1.38777,1.38779,0
45074000,1.38767,1.38769,1.38767,1.38769,0,1.38780,1.38782,1.38780,1.38782,0
45075000,1.38769,1.38769,1.38769,1.38769,0,1.38781,1.38781,1.38780,1.38781,0
45076000,1.38767,1.38767,1.38767,1.38767,0,1.38781,1.38781,1.38781,1.38781,0
45077000,1.38768,1.38768,1.38762,1.38762,0,1.38781,1.38781,1.38775,1.38775,0
45078000,1.38763,1.38768,1.38763,1.38768,0,1.38777,1.38782,1.38777,1.38782,0
45079000,1.38768,1.38769,1.38768,1.38769,0,1.38781,1.38781,1.38781,1.38781,0
45080000,1.38767,1.38767,1.38767,1.38767,0,1.38780,1.38780,1.38780,1.38780,0
45081000,1.38765,1.38765,1.38763,1.38763,0,1.38779,1.38779,1.38776,1.38776,0
45088000,1.38765,1.38772,1.38765,1.38771,0,1.38779,1.38784,1.38778,1.38784,0
45089000,1.38773,1.38774,1.38773,1.38774,0,1.38786,1.38786,1.38786,1.38786,0
45091000,1.38774,1.38774,1.38774,1.38774,0,1.38785,1.38785,1.38785,1.38785,0
45095000,1.38773,1.38775,1.38773,1.38775,0,1.38786,1.38786,1.38785,1.38785,0
45096000,1.38774,1.38774,1.38774,1.38774,0,1.38786,1.38786,1.38786,1.38786,0
45097000,1.38773,1.38773,1.38773,1.38773,0,1.38786,1.38786,1.38786,1.38786,0
45100000,1.38773,1.38773,1.38773,1.38773,0,1.38785,1.38785,1.38785,1.38785,0
45109000,1.38774,1.38774,1.38774,1.38774,0,1.38785,1.38785,1.38785,1.38785,0
45112000,1.38774,1.38774,1.38774,1.38774,0,1.38786,1.38786,1.38786,1.38786,0
45115000,1.38774,1.38774,1.38758,1.38758,0,1.38785,1.38785,1.38770,1.38771,0
45116000,1.38758,1.38758,1.38758,1.38758,0,1.38770,1.38770,1.38770,1.38770,0
45117000,1.38756,1.38756,1.38754,1.38754,0,1.38769,1.38769,1.38766,1.38766,0
45118000,1.38752,1.38753,1.38752,1.38753,0,1.38766,1.38766,1.38765,1.38765,0
45119000,1.38754,1.38754,1.38754,1.38754,0,1.38765,1.38765,1.38765,1.38765,0
45120000,1.38755,1.38755,1.38755,1.38755,0,1.38765,1.38765,1.38765,1.38765,0
45121000,1.38754,1.38754,1.38754,1.38754,0,1.38766,1.38767,1.38766,1.38767,0
45125000,1.38754,1.38754,1.38754,1.38754,0,1.38766,1.38766,1.38766,1.38766,0
45126000,1.38754,1.38754,1.38754,1.38754,0,1.38767,1.38767,1.38767,1.38767,0
45127000,1.38754,1.38754,1.38753,1.38753,0,1.38766,1.38766,1.38766,1.38766,0
45128000,1.38754,1.38754,1.38754,1.38754,0,1.38765,1.38765,1.38765,1.38765,0
45129000,1.38753,1.38755,1.38752,1.38755,0,1.38766,1.38767,1.38766,1.38767,0
45130000,1.38755,1.38759,1.38755,1.38759,0,1.38769,1.38771,1.38769,1.38771,0
45132000,1.38762,1.38765,1.38762,1.38765,0,1.38774,1.38777,1.38774,1.38777,0
45136000,1.38762,1.38765,1.38762,1.38765,0,1.38776,1.38777,1.38776,1.38777,0
45139000,1.38764,1.38764,1.38764,1.38764,0,1.38777,1.38777,1.38777,1.38777,0
45146000,1.38765,1.38765,1.38765,1.38765,0,1.38776,1.38776,1.38776,1.38776,0
45152000,1.38763,1.38763,1.38763,1.38763,0,1.38776,1.38776,1.38776,1.38776,0
45157000,1.38764,1.38764,1.38764,1.38764,0,1.38776,1.38776,1.38776,1.38776,0
45161000,1.38765,1.38765,1.38765,1.38765,0,1.38775,1.38775,1.38775,1.38775,0
45163000,1.38764,1.38764,1.38764,1.38764,0,1.38776,1.38776,1.38775,1.38775,0
45169000,1.38763,1.38764,1.38763,1.38764,0,1.38776,1.38776,1.38775,1.38776,0
45171000,1.38766,1.38766,1.38766,1.38766,0,1.38777,1.38777,1.38777,1.38777,0
45177000,1.38765,1.38765,1.38764,1.38764,0,1.38775,1.38776,1.38775,1.38776,0
45180000,1.38764,1.38764,1.38764,1.38764,0,1.38775,1.38776,1.38775,1.38776,0
45182000,1.38764,1.38764,1.38764,1.38764,0,1.38775,1.38775,1.38775,1.38775,0
45188000,1.38764,1.38764,1.38764,1.38764,0,1.38776,1.38776,1.38776,1.38776,0
45192000,1.38767,1.38771,1.38767,1.38771,0,1.38779,1.38783,1.38779,1.38783,0
45193000,1.38771,1.38771,1.38768,1.38768,0,1.38784,1.38784,1.38782,1.38782,0
45194000,1.38767,1.38768,1.38767,1.38768,0,1.38782,1.38782,1.38781,1.38781,0
45198000,1.38768,1.38768,1.38768,1.38768,0,1.38782,1.38782,1.38781,1.38781,0
45199000,1.38767,1.38768,1.38765,1.38765,0,1.38782,1.38782,1.38780,1.38780,0
45202000,1.38766,1.38767,1.38766,1.38767,0,1.38779,1.38779,1.38779,1.38779,0
45203000,1.38768,1.38768,1.38767,1.38767,0,1.38779,1.38779,1.38778,1.38778,0
45204000,1.38766,1.38770,1.38766,1.38767,0,1.38779,1.38782,1.38779,1.38781,0
45205000,1.38768,1.38768,1.38768,1.38768,0,1.38781,1.38781,1.38781,1.38781,0
45214000,1.38768,1.38770,1.38768,1.38770,0,1.38782,1.38782,1.38781,1.38781,0
45215000,1.38767,1.38767,1.38767,1.38767,0,1.38780,1.38780,1.38780,1.38780,0
45216000,1.38767,1.38767,1.38767,1.38767,0,1.38778,1.38778,1.38778,1.38778,0
45217000,1.38767,1.38769,1.38767,1.38769,0,1.38780,1.38780,1.38780,1.38780,0
45218000,1.38767,1.38767,1.38767,1.38767,0,1.38780,1.38780,1.38780,1.38780,0
45225000,1.38768,1.38768,1.38768,1.38768,0,1.38780,1.38780,1.38780,1.38780,0
45227000,1.38769,1.38769,1.38767,1.38767,0,1.38780,1.38780,1.38780,1.38780,0
45229000,1.38769,1.38769,1.38769,1.38769,0,1.38780,1.38780,1.38780,1.38780,0
45231000,1.38768,1.38768,1.38768,1.38768,0,1.38781,1.38781,1.38781,1.38781,0
45233000,1.38768,1.38768,1.38768,1.38768,0,1.38779,1.38779,1.38779,1.38779,0
45248000,1.38766,1.38767,1.38766,1.38767,0,1.38779,1.38779,1.38778,1.38778,0
45250000,1.38768,1.38768,1.38766,1.38766,0,1.38778,1.38779,1.38778,1.38778,0
45251000,1.38763,1.38764,1.38763,1.38764,0,1.38776,1.38776,1.38774,1.38774,0
45252000,1.38763,1.38763,1.38763,1.38763,0,1.38775,1.38775,1.38775,1.38775,0
45253000,1.38762,1.38762,1.38761,1.38762,0,1.38773,1.38773,1.38773,1.38773,0
45261000,1.38760,1.38761,1.38760,1.38761,0,1.38773,1.38773,1.38772,1.38772,0
45265000,1.38760,1.38760,1.38760,1.38760,0,1.38772,1.38772,1.38772,1.38772,0
45267000,1.38760,1.38760,1.38760,1.38760,0,1.38771,1.38771,1.38771,1.38771,0
45278000,1.38760,1.38760,1.38760,1.38760,0,1.38772,1.38772,1.38772,1.38772,0
45279000,1.38760,1.38760,1.38760,1.38760,0,1.38771,1.38771,1.38771,1.38771,0
45283000,1.38762,1.38762,1.38761,1.38761,0,1.38774,1.38774,1.38773,1.38774,0
45286000,1.38762,1.38762,1.38762,1.38762,0,1.38773,1.38773,1.38773,1.38773,0
45287000,1.38760,1.38761,1.38760,1.38761,0,1.38773,1.38773,1.38772,1.38772,0
45297000,1.38761,1.38761,1.38759,1.38759,0,1.38774,1.38774,1.38771,1.38771,0
45298000,1.38760,1.38760,1.38760,1.38760,0,1.38773,1.38773,1.38773,1.38773,0
45299000,1.38761,1.38761,1.38760,1.38760,0,1.38773,1.38773,1.38773,1.38773,0
45300000,1.38760,1.38760,1.38758,1.38759,0,1.38771,1.38773,1.38771,1.38773,0
45301000,1.38760,1.38760,1.38760,1.38760,0,1.38771,1.38771,1.38771,1.38771,0
45302000,1.38761,1.38764,1.38760,1.38763,0,1.38774,1.38778,1.38774,1.38777,0
45303000,1.38763,1.38763,1.38761,1.38761,0,1.38775,1.38775,1.38773,1.38773,0
45307000,1.38758,1.38759,1.38754,1.38754,0,1.38770,1.38770,1.38765,1.38765,0
45315000,1.38751,1.38752,1.38743,1.38744,0,1.38764,1.38764,1.38757,1.38757,0
45316000,1.38742,1.38742,1.38740,1.38740,0,1.38754,1.38754,1.38752,1.38752,0
45317000,1.38741,1.38741,1.38738,1.38738,0,1.38752,1.38752,1.38750,1.38750,0
45318000,1.38736,1.38736,1.38733,1.38733,0,1.38750,1.38750,1.38746,1.38746,0
45319000,1.38734,1.38734,1.38734,1.38734,0,1.38745,1.38745,1.38745,1.38745,0
45321000,1.38733,1.38734,1.38733,1.38734,0,1.38745,1.38745,1.38745,1.38745,0
45323000,1.38731,1.38731,1.38731,1.38731,0,1.38743,1.38743,1.38743,1.38743,0
45331000,1.38730,1.38730,1.38713,1.38715,0,1.38743,1.38743,1.38732,1.38732,0
45332000,1.38717,1.38723,1.38717,1.38723,0,1.38732,1.38736,1.38732,1.38736,0
45333000,1.38724,1.38725,1.38723,1.38724,0,1.38736,1.38737,1.38736,1.38737,0
45334000,1.38724,1.38724,1.38718,1.38718,0,1.38736,1.38736,1.38731,1.38731,0
45335000,1.38720,1.38721,1.38719,1.38721,0,1.38731,1.38732,1.38731,1.38732,0
45338000,1.38720,1.38723,1.38720,1.38723,0,1.38733,1.38737,1.38733,1.38737,0
45339000,1.38723,1.38725,1.38723,1.38725,0,1.38736,1.38737,1.38736,1.38736,0
45342000,1.38724,1.38724,1.38723,1.38724,0,1.38737,1.38737,1.38736,1.38737,0
45343000,1.38727,1.38729,1.38727,1.38729,0,1.38739,1.38741,1.38739,1.38741,0
45345000,1.38730,1.38730,1.38730,1.38730,0,1.38741,1.38741,1.38741,1.38741,0
45346000,1.38729,1.38730,1.38725,1.38725,0,1.38742,1.38742,1.38739,1.38739,0
45347000,1.38723,1.38724,1.38723,1.38723,0,1.38736,1.38736,1.38734,1.38735,0
45354000,1.38725,1.38725,1.38725,1.38725,0,1.38736,1.38736,1.38736,1.38736,0
45355000,1.38723,1.38723,1.38723,1.38723,0,1.38735,1.38735,1.38735,1.38735,0
45358000,1.38725,1.38725,1.38725,1.38725,0,1.38736,1.38736,1.38736,1.38736,0
45359000,1.38723,1.38723,1.38723,1.38723,0,1.38736,1.38736,1.38736,1.38736,0
45360000,1.38721,1.38721,1.38719,1.38720,0,1.38733,1.38735,1.38732,1.38732,0
45362000,1.38719,1.38719,1.38717,1.38717,0,1.38732,1.38732,1.38729,1.38729,0
45363000,1.38718,1.38718,1.38718,1.38718,0,1.38731,1.38731,1.38730,1.38730,0
45364000,1.38720,1.38720,1.38720,1.38720,0,1.38730,1.38730,1.38730,1.38730,0
45366000,1.38719,1.38719,1.38719,1.38719,0,1.38731,1.38731,1.38731,1.38731,0
45368000,1.38716,1.38716,1.38716,1.38716,0,1.38729,1.38729,1.38729,1.38729,0
45369000,1.38718,1.38718,1.38718,1.38718,0,1.38730,1.38730,1.38730,1.38730,0
45370000,1.38717,1.38717,1.38716,1.38716,0,1.38730,1.38730,1.38727,1.38728,0
45373000,1.38718,1.38718,1.38717,1.38717,0,1.38731,1.38731,1.38731,1.38731,0
45374000,1.38718,1.38718,1.38718,1.38718,0,1.38731,1.38731,1.38731,1.38731,0
45375000,1.38719,1.38720,1.38719,1.38720,0,1.38730,1.38730,1.38730,1.38730,0
45378000,1.38721,1.38721,1.38721,1.38721,0,1.38732,1.38732,1.38732,1.38732,0
45384000,1.38721,1.38721,1.38721,1.38721,0,1.38731,1.38731,1.38731,1.38731,0
45388000,1.38721,1.38721,1.38721,1.38721,0,1.38733,1.38733,1.38733,1.38733,0
45392000,1.38724,1.38724,1.38724,1.38724,0,1.38735,1.38735,1.38735,1.38735,0
45395000,1.38724,1.38724,1.38724,1.38724,0,1.38738,1.38738,1.38738,1.38738,0
45396000,1.38725,1.38725,1.38725,1.38725,0,1.38737,1.38737,1.38737,1.38737,0
45397000,1.38723,1.38723,1.38723,1.38723,0,1.38736,1.38736,1.38736,1.38736,0
45404000,1.38721,1.38721,1.38718,1.38718,0,1.38735,1.38735,1.38732,1.38732,0
45405000,1.38716,1.38717,1.38714,1.38715,0,1.38731,1.38731,1.38727,1.38730,0
45407000,1.38714,1.38714,1.38714,1.38714,0,1.38727,1.38727,1.38727,1.38727,0
45409000,1.38713,1.38714,1.38713,1.38714,0,1.38728,1.38728,1.38728,1.38728,0
45417000,1.38717,1.38719,1.38717,1.38719,0,1.38729,1.38732,1.38729,1.38732,0
45418000,1.38722,1.38722,1.38722,1.38722,0,1.38735,1.38735,1.38735,1.38735,0
45420000,1.38720,1.38720,1.38719,1.38720,0,1.38735,1.38735,1.38733,1.38734,0
45422000,1.38721,1.38721,1.38721,1.38721,0,1.38733,1.38733,1.38733,1.38733,0
45423000,1.38719,1.38721,1.38717,1.38718,0,1.38734,1.38734,1.38733,1.38733,0
45424000,1.38720,1.38720,1.38719,1.38719,0,1.38732,1.38732,1.38732,1.38732,0
45426000,1.38720,1.38720,1.38719,1.38719,0,1.38732,1.38732,1.38732,1.38732,0
45428000,1.38719,1.38719,1.38719,1.38719,0,1.38730,1.38730,1.38730,1.38730,0
45431000,1.38715,1.38717,1.38715,1.38717,0,1.38728,1.38729,1.38728,1.38729,0
45438000,1.38718,1.38721,1.38718,1.38721,0,1.38729,1.38733,1.38729,1.38733,0
45441000,1.38723,1.38723,1.38723,1.38723,0,1.38735,1.38735,1.38735,1.38735,0
45462000,1.38724,1.38728,1.38724,1.38728,0,1.38738,1.38742,1.38738,1.38742,0
45463000,1.38728,1.38728,1.38728,1.38728,0,1.38741,1.38741,1.38740,1.38740,0
45465000,1.38730,1.38730,1.38730,1.38730,0,1.38742,1.38742,1.38742,1.38742,0
45466000,1.38728,1.38728,1.38728,1.38728,0,1.38740,1.38740,1.38740,1.38740,0
45467000,1.38726,1.38727,1.38718,1.38718,0,1.38738,1.38738,1.38733,1.38733,0
45468000,1.38719,1.38719,1.38719,1.38719,0,1.38731,1.38731,1.38731,1.38731,0
45472000,1.38719,1.38720,1.38719,1.38720,0,1.38732,1.38732,1.38731,1.38731,0
45478000,1.38719,1.38719,1.38719,1.38719,0,1.38733,1.38733,1.38731,1.38731,0
45481000,1.38721,1.38721,1.38721,1.38721,0,1.38733,1.38733,1.38733,1.38733,0
45483000,1.38724,1.38724,1.38724,1.38724,0,1.38735,1.38735,1.38735,1.38735,0
45485000,1.38723,1.38723,1.38723,1.38723,0,1.38735,1.38735,1.38735,1.38735,0
45498000,1.38725,1.38725,1.38725,1.38725,0,1.38736,1.38736,1.38736,1.38736,0
45500000,1.38725,1.38730,1.38724,1.38730,0,1.38737,1.38743,1.38737,1.38742,0
45503000,1.38732,1.38732,1.38731,1.38731,0,1.38743,1.38744,1.38743,1.38744,0
45505000,1.38729,1.38729,1.38725,1.38725,0,1.38743,1.38744,1.38738,1.38738,0
45510000,1.38726,1.38726,1.38726,1.38726,0,1.38737,1.38737,1.38737,1.38737,0
45517000,1.38726,1.38726,1.38726,1.38726,0,1.38738,1.38738,1.38738,1.38738,0
45519000,1.38727,1.38727,1.38727,1.38727,0,1.38738,1.38738,1.38738,1.38738,0
45520000,1.38729,1.38730,1.38729,1.38730,0,1.38741,1.38741,1.38741,1.38741,0
45521000,1.38730,1.38730,1.38730,1.38730,0,1.38740,1.38740,1.38740,1.38740,0
45525000,1.38730,1.38732,1.38730,1.38732,0,1.38742,1.38744,1.38742,1.38744,0
45526000,1.38733,1.38735,1.38733,1.38735,0,1.38746,1.38748,1.38746,1.38748,0
45528000,1.38736,1.38736,1.38736,1.38736,0,1.38747,1.38747,1.38747,1.38747,0
45529000,1.38735,1.38735,1.38735,1.38735,0,1.38748,1.38748,1.38748,1.38748,0
45531000,1.38737,1.38737,1.38735,1.38735,0,1.38747,1.38750,1.38747,1.38750,0
45532000,1.38738,1.38738,1.38738,1.38738,0,1.38749,1.38749,1.38749,1.38749,0
45534000,1.38737,1.38737,1.38737,1.38737,0,1.38750,1.38750,1.38750,1.38750,0
45535000,1.38737,1.38737,1.38737,1.38737,0,1.38749,1.38749,1.38749,1.38749,0
45537000,1.38738,1.38738,1.38738,1.38738,0,1.38749,1.38749,1.38749,1.38749,0
45546000,1.38737,1.38737,1.38737,1.38737,0,1.38749,1.38749,1.38749,1.38749,0
45554000,1.38738,1.38739,1.38738,1.38738,0,1.38751,1.38751,1.38750,1.38751,0
45556000,1.38741,1.38741,1.38740,1.38740,0,1.38753,1.38753,1.38753,1.38753,0
45559000,1.38738,1.38738,1.38738,1.38738,0,1.38750,1.38750,1.38750,1.38750,0
45570000,1.38740,1.38740,1.38740,1.38740,0,1.38753,1.38753,1.38753,1.38753,0
45575000,1.38742,1.38745,1.38742,1.38745,0,1.38755,1.38757,1.38755,1.38757,0
45580000,1.38747,1.38748,1.38747,1.38748,0,1.38761,1.38761,1.38760,1.38760,0
45591000,1.38747,1.38747,1.38747,1.38747,0,1.38760,1.38760,1.38760,1.38760,0
45592000,1.38748,1.38748,1.38748,1.38748,0,1.38760,1.38760,1.38760,1.38760,0
45594000,1.38748,1.38749,1.38748,1.38749,0,1.38761,1.38761,1.38760,1.38760,0
45596000,1.38747,1.38748,1.38747,1.38748,0,1.38760,1.38760,1.38760,1.38760,0
45603000,1.38748,1.38748,1.38748,1.38748,0,1.38762,1.38762,1.38762,1.38762,0
45604000,1.38751,1.38755,1.38750,1.38755,0,1.38764,1.38767,1.38764,1.38766,0
45606000,1.38752,1.38752,1.38747,1.38750,0,1.38763,1.38764,1.38760,1.38762,0
45607000,1.38750,1.38750,1.38750,1.38750,0,1.38761,1.38761,1.38761,1.38761,0
45609000,1.38750,1.38750,1.38750,1.38750,0,1.38762,1.38762,1.38762,1.38762,0
45610000,1.38753,1.38753,1.38753,1.38753,0,1.38764,1.38764,1.38764,1.38764,0
45631000,1.38756,1.38756,1.38756,1.38756,0,1.38767,1.38767,1.38767,1.38767,0
45635000,1.38753,1.38753,1.38747,1.38747,0,1.38766,1.38766,1.38759,1.38759,0
45636000,1.38749,1.38753,1.38748,1.38753,0,1.38760,1.38766,1.38760,1.38766,0
45637000,1.38754,1.38755,1.38753,1.38755,0,1.38764,1.38767,1.38764,1.38766,0
45653000,1.38756,1.38756,1.38756,1.38756,0,1.38769,1.38769,1.38769,1.38769,0
45654000,1.38756,1.38758,1.38756,1.38758,0,1.38768,1.38769,1.38768,1.38769,0
45657000,1.38756,1.38757,1.38755,1.38756,0,1.38771,1.38771,1.38767,1.38767,0
45658000,1.38755,1.38755,1.38755,1.38755,0,1.38768,1.38768,1.38768,1.38768,0
45661000,1.38756,1.38756,1.38756,1.38756,0,1.38767,1.38767,1.38767,1.38767,0
45664000,1.38756,1.38756,1.38756,1.38756,0,1.38769,1.38769,1.38769,1.38769,0
45665000,1.38757,1.38757,1.38757,1.38757,0,1.38766,1.38766,1.38766,1.38766,0
45666000,1.38756,1.38756,1.38756,1.38756,0,1.38769,1.38769,1.38769,1.38769,0
45667000,1.38758,1.38760,1.38758,1.38760,0,1.38771,1.38772,1.38770,1.38772,0
45679000,1.38761,1.38761,1.38761,1.38761,0,1.38771,1.38771,1.38771,1.38771,0
45682000,1.38761,1.38761,1.38761,1.38761,0,1.38772,1.38774,1.38772,1.38774,0
45685000,1.38762,1.38762,1.38762,1.38762,0,1.38773,1.38773,1.38773,1.38773,0
45694000,1.38764,1.38767,1.38763,1.38766,0,1.38773,1.38781,1.38773,1.38781,0
45695000,1.38767,1.38772,1.38767,1.38772,0,1.38781,1.38785,1.38781,1.38785,0
45696000,1.38775,1.38775,1.38775,1.38775,0,1.38787,1.38787,1.38787,1.38787,0
45697000,1.38773,1.38773,1.38773,1.38773,0,1.38785,1.38785,1.38785,1.38785,0
45704000,1.38775,1.38775,1.38775,1.38775,0,1.38786,1.38786,1.38786,1.38786,0
45706000,1.38778,1.38780,1.38778,1.38780,0,1.38789,1.38791,1.38789,1.38791,0
45707000,1.38782,1.38782,1.38781,1.38782,0,1.38793,1.38794,1.38793,1.38794,0
45708000,1.38781,1.38783,1.38781,1.38783,0,1.38794,1.38794,1.38794,1.38794,0
45709000,1.38782,1.38782,1.38782,1.38782,0,1.38795,1.38795,1.38795,1.38795,0
45711000,1.38782,1.38782,1.38773,1.38773,0,1.38794,1.38794,1.38785,1.38785,0
45712000,1.38775,1.38775,1.38775,1.38775,0,1.38787,1.38787,1.38787,1.38787,0
45713000,1.38773,1.38774,1.38773,1.38774,0,1.38786,1.38787,1.38785,1.38787,0
45716000,1.38775,1.38775,1.38775,1.38775,0,1.38785,1.38785,1.38785,1.38785,0
45718000,1.38774,1.38774,1.38774,1.38774,0,1.38785,1.38785,1.38785,1.38785,0
45719000,1.38774,1.38774,1.38774,1.38774,0,1.38787,1.38787,1.38787,1.38787,0
45724000,1.38774,1.38774,1.38774,1.38774,0,1.38785,1.38786,1.38785,1.38786,0
45726000,1.38776,1.38776,1.38776,1.38776,0,1.38788,1.38788,1.38788,1.38788,0
45733000,1.38777,1.38778,1.38777,1.38778,0,1.38790,1.38790,1.38790,1.38790,0
45734000,1.38777,1.38777,1.38777,1.38777,0,1.38790,1.38790,1.38790,1.38790,0
45736000,1.38778,1.38780,1.38778,1.38780,0,1.38789,1.38791,1.38789,1.38791,0
45748000,1.38777,1.38777,1.38777,1.38777,0,1.38789,1.38789,1.38789,1.38789,0
45749000,1.38780,1.38782,1.38780,1.38782,0,1.38792,1.38792,1.38792,1.38792,0
45751000,1.38784,1.38784,1.38784,1.38784,0,1.38794,1.38794,1.38794,1.38794,0
45752000,1.38786,1.38789,1.38786,1.38789,0,1.38796,1.38802,1.38796,1.38802,0
45755000,1.38789,1.38789,1.38789,1.38789,0,1.38801,1.38801,1.38801,1.38801,0
45761000,1.38787,1.38787,1.38787,1.38787,0,1.38799,1.38799,1.38799,1.38799,0
45763000,1.38789,1.38789,1.38789,1.38789,0,1.38800,1.38800,1.38800,1.38800,0
45765000,1.38789,1.38789,1.38786,1.38786,0,1.38801,1.38801,1.38798,1.38798,0
45766000,1.38786,1.38786,1.38786,1.38786,0,1.38797,1.38797,1.38797,1.38797,0
45767000,1.38785,1.38785,1.38782,1.38782,0,1.38798,1.38798,1.38795,1.38795,0
45770000,1.38780,1.38780,1.38780,1.38780,0,1.38792,1.38792,1.38792,1.38792,0
45771000,1.38781,1.38781,1.38781,1.38781,0,1.38792,1.38792,1.38792,1.38792,0
45775000,1.38782,1.38782,1.38782,1.38782,0,1.38792,1.38792,1.38792,1.38792,0
45777000,1.38781,1.38781,1.38781,1.38781,0,1.38793,1.38793,1.38792,1.38792,0
45782000,1.38782,1.38782,1.38782,1.38782,0,1.38792,1.38792,1.38792,1.38792,0
45793000,1.38781,1.38781,1.38772,1.38772,0,1.38793,1.38793,1.38787,1.38787,0
45794000,1.38773,1.38774,1.38773,1.38774,0,1.38786,1.38786,1.38785,1.38785,0
45799000,1.38776,1.38776,1.38776,1.38776,0,1.38788,1.38788,1.38788,1.38788,0
45800000,1.38774,1.38774,1.38774,1.38774,0,1.38788,1.38788,1.38788,1.38788,0
45801000,1.38774,1.38774,1.38774,1.38774,0,1.38787,1.38787,1.38787,1.38787,0
45803000,1.38772,1.38772,1.38772,1.38772,0,1.38784,1.38784,1.38784,1.38784,0
45819000,1.38772,1.38772,1.38772,1.38772,0,1.38783,1.38783,1.38783,1.38783,0
45824000,1.38771,1.38771,1.38771,1.38771,0,1.38784,1.38784,1.38784,1.38784,0
45829000,1.38773,1.38773,1.38773,1.38773,0,1.38786,1.38786,1.38785,1.38785,0
45831000,1.38773,1.38773,1.38773,1.38773,0,1.38786,1.38786,1.38786,1.38786,0
45832000,1.38771,1.38771,1.38771,1.38771,0,1.38784,1.38784,1.38784,1.38784,0
45838000,1.38771,1.38771,1.38771,1.38771,0,1.38782,1.38782,1.38782,1.38782,0
45850000,1.38768,1.38768,1.38763,1.38763,0,1.38779,1.38779,1.38776,1.38776,0
45851000,1.38761,1.38761,1.38758,1.38758,0,1.38773,1.38773,1.38771,1.38771,0
45854000,1.38759,1.38759,1.38759,1.38759,0,1.38770,1.38770,1.38770,1.38770,0
45861000,1.38761,1.38761,1.38761,1.38761,0,1.38772,1.38772,1.38772,1.38772,0
45862000,1.38760,1.38760,1.38758,1.38759,0,1.38772,1.38773,1.38772,1.38772,0
45863000,1.38759,1.38759,1.38759,1.38759,0,1.38771,1.38771,1.38771,1.38771,0
45864000,1.38757,1.38758,1.38755,1.38755,0,1.38770,1.38770,1.38768,1.38768,0
45866000,1.38758,1.38761,1.38758,1.38761,0,1.38770,1.38772,1.38770,1.38772,0
45867000,1.38762,1.38762,1.38762,1.38762,0,1.38772,1.38772,1.38772,1.38772,0
45869000,1.38761,1.38761,1.38761,1.38761,0,1.38772,1.38772,1.38772,1.38772,0
45874000,1.38760,1.38760,1.38760,1.38760,0,1.38773,1.38773,1.38773,1.38773,0
45876000,1.38762,1.38762,1.38762,1.38762,0,1.38774,1.38774,1.38774,1.38774,0
45878000,1.38762,1.38762,1.38762,1.38762,0,1.38773,1.38775,1.38773,1.38775,0
45881000,1.38764,1.38764,1.38764,1.38764,0,1.38774,1.38774,1.38774,1.38774,0
45883000,1.38764,1.38776,1.38764,1.38776,0,1.38775,1.38791,1.38775,1.38791,0
45884000,1.38775,1.38775,1.38773,1.38773,0,1.38788,1.38788,1.38788,1.38788,0
45887000,1.38772,1.38772,1.38772,1.38772,0,1.38786,1.38786,1.38786,1.38786,0
45888000,1.38774,1.38776,1.38774,1.38776,0,1.38785,1.38785,1.38785,1.38785,0
45890000,1.38774,1.38774,1.38770,1.38770,0,1.38786,1.38788,1.38786,1.38787,0
45891000,1.38772,1.38773,1.38772,1.38773,0,1.38785,1.38785,1.38784,1.38784,0
45893000,1.38773,1.38773,1.38773,1.38773,0,1.38785,1.38785,1.38785,1.38785,0
45894000,1.38773,1.38773,1.38773,1.38773,0,1.38784,1.38784,1.38784,1.38784,0
45896000,1.38773,1.38773,1.38773,1.38773,0,1.38785,1.38785,1.38785,1.38785,0
45898000,1.38774,1.38774,1.38774,1.38774,0,1.38785,1.38785,1.38785,1.38785,0
45900000,1.38774,1.38775,1.38774,1.38775,0,1.38786,1.38786,1.38786,1.38786,0
45908000,1.38777,1.38777,1.38777,1.38777,0,1.38789,1.38789,1.38789,1.38789,0
45909000,1.38778,1.38778,1.38776,1.38776,0,1.38789,1.38789,1.38787,1.38787,0
45910000,1.38775,1.38775,1.38775,1.38775,0,1.38788,1.38788,1.38788,1.38788,0
45917000,1.38776,1.38776,1.38776,1.38776,0,1.38787,1.38787,1.38787,1.38787,0
45918000,1.38777,1.38777,1.38777,1.38777,0,1.38790,1.38790,1.38790,1.38790,0
45923000,1.38776,1.38776,1.38776,1.38776,0,1.38787,1.38787,1.38787,1.38787,0
45929000,1.38776,1.38776,1.38776,1.38776,0,1.38788,1.38788,1.38788,1.38788,0
45938000,1.38774,1.38776,1.38774,1.38776,0,1.38786,1.38786,1.38785,1.38786,0
45939000,1.38776,1.38779,1.38776,1.38779,0,1.38788,1.38792,1.38788,1.38792,0
45940000,1.38781,1.38781,1.38780,1.38780,0,1.38791,1.38792,1.38791,1.38792,0
45945000,1.38780,1.38780,1.38780,1.38780,0,1.38791,1.38791,1.38791,1.38791,0
45948000,1.38780,1.38780,1.38780,1.38780,0,1.38792,1.38792,1.38792,1.38792,0
45967000,1.38780,1.38780,1.38780,1.38780,0,1.38791,1.38791,1.38791,1.38791,0
45969000,1.38777,1.38777,1.38774,1.38774,0,1.38790,1.38791,1.38787,1.38787,0
45975000,1.38775,1.38776,1.38775,1.38775,0,1.38787,1.38787,1.38786,1.38787,0
45977000,1.38778,1.38778,1.38778,1.38778,0,1.38789,1.38789,1.38789,1.38789,0
45978000,1.38777,1.38777,1.38777,1.38777,0,1.38789,1.38789,1.38789,1.38789,0
45979000,1.38777,1.38777,1.38777,1.38777,0,1.38787,1.38787,1.38787,1.38787,0
45981000,1.38775,1.38777,1.38775,1.38777,0,1.38788,1.38788,1.38788,1.38788,0
45982000,1.38777,1.38777,1.38777,1.38777,0,1.38789,1.38789,1.38789,1.38789,0
45983000,1.38776,1.38777,1.38776,1.38777,0,1.38790,1.38790,1.38789,1.38789,0
45984000,1.38778,1.38778,1.38778,1.38778,0,1.38789,1.38789,1.38789,1.38789,0
45987000,1.38779,1.38779,1.38779,1.38779,0,1.38789,1.38789,1.38789,1.38789,0
45989000,1.38782,1.38782,1.38782,1.38782,0,1.38792,1.38792,1.38792,1.38792,0
45992000,1.38783,1.38783,1.38783,1.38783,0,1.38794,1.38794,1.38794,1.38794,0
45994000,1.38784,1.38784,1.38784,1.38784,0,1.38794,1.38794,1.38794,1.38794,0
45996000,1.38785,1.38786,1.38785,1.38786,0,1.38797,1.38799,1.38797,1.38799,0
45997000,1.38786,1.38786,1.38786,1.38786,0,1.38798,1.38798,1.38798,1.38798,0
46001000,1.38785,1.38785,1.38785,1.38785,0,1.38798,1.38798,1.38798,1.38798,0
46004000,1.38786,1.38786,1.38786,1.38786,0,1.38797,1.38797,1.38797,1.38797,0
46010000,1.38784,1.38784,1.38784,1.38784,0,1.38796,1.38796,1.38796,1.38796,0
46021000,1.38786,1.38786,1.38786,1.38786,0,1.38797,1.38797,1.38797,1.38797,0
46029000,1.38784,1.38784,1.38784,1.38784,0,1.38796,1.38796,1.38796,1.38796,0
46052000,1.38786,1.38786,1.38786,1.38786,0,1.38799,1.38799,1.38799,1.38799,0
46053000,1.38787,1.38787,1.38786,1.38786,0,1.38798,1.38799,1.38798,1.38799,0
46064000,1.38785,1.38786,1.38785,1.38786,0,1.38799,1.38799,1.38798,1.38798,0
46066000,1.38785,1.38785,1.38785,1.38785,0,1.38798,1.38798,1.38798,1.38798,0
46067000,1.38784,1.38784,1.38784,1.38784,0,1.38798,1.38798,1.38798,1.38798,0
46069000,1.38784,1.38784,1.38784,1.38784,0,1.38797,1.38797,1.38797,1.38797,0
46070000,1.38785,1.38785,1.38784,1.38784,0,1.38797,1.38798,1.38796,1.38796,0
46072000,1.38784,1.38784,1.38774,1.38775,0,1.38795,1.38795,1.38787,1.38787,0
46073000,1.38774,1.38776,1.38774,1.38774,0,1.38787,1.38787,1.38787,1.38787,0
46075000,1.38776,1.38776,1.38776,1.38776,0,1.38787,1.38787,1.38787,1.38787,0
46076000,1.38776,1.38776,1.38776,1.38776,0,1.38788,1.38788,1.38788,1.38788,0
46081000,1.38776,1.38776,1.38776,1.38776,0,1.38789,1.38789,1.38789,1.38789,0
46091000,1.38776,1.38776,1.38776,1.38776,0,1.38788,1.38788,1.38788,1.38788,0
46095000,1.38776,1.38778,1.38776,1.38777,0,1.38787,1.38790,1.38787,1.38790,0
46096000,1.38778,1.38778,1.38778,1.38778,0,1.38790,1.38790,1.38790,1.38790,0
46115000,1.38777,1.38777,1.38777,1.38777,0,1.38790,1.38790,1.38790,1.38790,0
46117000,1.38774,1.38774,1.38772,1.38772,0,1.38787,1.38787,1.38784,1.38784,0
46121000,1.38773,1.38773,1.38773,1.38773,0,1.38783,1.38783,1.38783,1.38783,0
46122000,1.38771,1.38771,1.38765,1.38766,0,1.38783,1.38783,1.38779,1.38779,0
46131000,1.38769,1.38769,1.38769,1.38769,0,1.38782,1.38782,1.38782,1.38782,0
46133000,1.38771,1.38771,1.38771,1.38771,0,1.38782,1.38782,1.38782,1.38782,0
46137000,1.38772,1.38772,1.38772,1.38772,0,1.38785,1.38785,1.38785,1.38785,0
46140000,1.38772,1.38772,1.38770,1.38770,0,1.38784,1.38784,1.38784,1.38784,0
46141000,1.38771,1.38772,1.38771,1.38772,0,1.38783,1.38783,1.38783,1.38783,0
46144000,1.38770,1.38770,1.38767,1.38767,0,1.38783,1.38783,1.38780,1.38780,0
46145000,1.38769,1.38769,1.38769,1.38769,0,1.38780,1.38780,1.38780,1.38780,0
46146000,1.38768,1.38769,1.38768,1.38769,0,1.38781,1.38781,1.38781,1.38781,0
46149000,1.38767,1.38767,1.38761,1.38765,0,1.38781,1.38782,1.38778,1.38778,0
46150000,1.38768,1.38771,1.38768,1.38771,0,1.38781,1.38784,1.38781,1.38784,0
46151000,1.38772,1.38772,1.38772,1.38772,0,1.38784,1.38784,1.38784,1.38784,0
46152000,1.38770,1.38770,1.38769,1.38770,0,1.38783,1.38783,1.38780,1.38780,0
46154000,1.38769,1.38769,1.38769,1.38769,0,1.38781,1.38781,1.38780,1.38780,0
46155000,1.38768,1.38768,1.38764,1.38765,0,1.38780,1.38780,1.38777,1.38777,0
46159000,1.38767,1.38768,1.38767,1.38768,0,1.38780,1.38780,1.38780,1.38780,0
46169000,1.38769,1.38769,1.38764,1.38764,0,1.38779,1.38779,1.38777,1.38777,0
46170000,1.38765,1.38765,1.38765,1.38765,0,1.38777,1.38777,1.38777,1.38777,0
46183000,1.38764,1.38764,1.38764,1.38764,0,1.38777,1.38777,1.38777,1.38777,0
46184000,1.38766,1.38766,1.38766,1.38766,0,1.38777,1.38777,1.38777,1.38777,0
46201000,1.38764,1.38765,1.38764,1.38765,0,1.38777,1.38777,1.38777,1.38777,0
46246000,1.38763,1.38763,1.38763,1.38763,0,1.38774,1.38774,1.38774,1.38774,0
46258000,1.38763,1.38763,1.38763,1.38763,0,1.38775,1.38775,1.38775,1.38775,0
46272000,1.38763,1.38763,1.38763,1.38763,0,1.38773,1.38773,1.38773,1.38773,0
46283000,1.38761,1.38761,1.38761,1.38761,0,1.38774,1.38774,1.38774,1.38774,0
46291000,1.38762,1.38762,1.38762,1.38762,0,1.38774,1.38774,1.38774,1.38774,0
46295000,1.38764,1.38764,1.38764,1.38764,0,1.38774,1.38774,1.38774,1.38774,0
46298000,1.38763,1.38763,1.38763,1.38763,0,1.38775,1.38775,1.38775,1.38775,0
46304000,1.38765,1.38765,1.38764,1.38764,0,1.38775,1.38776,1.38775,1.38776,0
46311000,1.38762,1.38762,1.38762,1.38762,0,1.38774,1.38774,1.38774,1.38774,0
46312000,1.38762,1.38762,1.38762,1.38762,0,1.38775,1.38775,1.38775,1.38775,0
46323000,1.38762,1.38762,1.38762,1.38762,0,1.38774,1.38774,1.38774,1.38774,0
46324000,1.38762,1.38762,1.38762,1.38762,0,1.38773,1.38773,1.38773,1.38773,0
46346000,1.38761,1.38761,1.38761,1.38761,0,1.38773,1.38773,1.38773,1.38773,0
46352000,1.38762,1.38762,1.38762,1.38762,0,1.38773,1.38773,1.38773,1.38773,0
46362000,1.38760,1.38760,1.38760,1.38760,0,1.38772,1.38772,1.38772,1.38772,0
46373000,1.38759,1.38759,1.38759,1.38759,0,1.38773,1.38773,1.38773,1.38773,0
46384000,1.38760,1.38760,1.38760,1.38760,0,1.38772,1.38772,1.38772,1.38772,0
46402000,1.38762,1.38762,1.38762,1.38762,0,1.38774,1.38774,1.38774,1.38774,0
46409000,1.38763,1.38763,1.38762,1.38762,0,1.38773,1.38774,1.38773,1.38774,0
46412000,1.38760,1.38760,1.38760,1.38760,0,1.38772,1.38772,1.38772,1.38772,0
46445000,1.38762,1.38762,1.38762,1.38762,0,1.38774,1.38774,1.38774,1.38774,0
46448000,1.38761,1.38761,1.38761,1.38761,0,1.38774,1.38774,1.38774,1.38774,0
46449000,1.38761,1.38761,1.38761,1.38761,0,1.38772,1.38772,1.38772,1.38772,0
46469000,1.38759,1.38759,1.38759,1.38759,0,1.38772,1.38772,1.38772,1.38772,0
46473000,1.38761,1.38761,1.38761,1.38761,0,1.38772,1.38772,1.38772,1.38772,0
46486000,1.38760,1.38760,1.38760,1.38760,0,1.38772,1.38772,1.38772,1.38772,0
46500000,1.38762,1.38762,1.38761,1.38762,0,1.38774,1.38775,1.38774,1.38774,0
46501000,1.38761,1.38761,1.38761,1.38761,0,1.38774,1.38774,1.38774,1.38774,0
46507000,1.38761,1.38761,1.38761,1.38761,0,1.38773,1.38773,1.38773,1.38773,0
46539000,1.38759,1.38759,1.38759,1.38759,0,1.38772,1.38772,1.38772,1.38772,0
46540000,1.38760,1.38760,1.38759,1.38759,0,1.38771,1.38772,1.38771,1.38772,0
46541000,1.38760,1.38760,1.38760,1.38760,0,1.38771,1.38771,1.38771,1.38771,0
46543000,1.38757,1.38757,1.38753,1.38753,0,1.38769,1.38769,1.38764,1.38764,0
46544000,1.38753,1.38753,1.38753,1.38753,0,1.38765,1.38765,1.38765,1.38765,0
46546000,1.38754,1.38754,1.38754,1.38754,0,1.38765,1.38765,1.38765,1.38765,0
46554000,1.38753,1.38753,1.38753,1.38753,0,1.38763,1.38765,1.38763,1.38765,0
46555000,1.38753,1.38753,1.38749,1.38750,0,1.38764,1.38764,1.38762,1.38762,0
46557000,1.38750,1.38750,1.38750,1.38750,0,1.38761,1.38761,1.38761,1.38761,0
46567000,1.38749,1.38749,1.38742,1.38742,0,1.38761,1.38761,1.38754,1.38754,0
46568000,1.38742,1.38742,1.38742,1.38742,0,1.38753,1.38754,1.38753,1.38754,0
46575000,1.38742,1.38742,1.38742,1.38742,0,1.38753,1.38753,1.38753,1.38753,0
46584000,1.38741,1.38741,1.38741,1.38741,0,1.38753,1.38753,1.38753,1.38753,0
46586000,1.38742,1.38742,1.38742,1.38742,0,1.38753,1.38753,1.38753,1.38753,0
46587000,1.38741,1.38741,1.38734,1.38734,0,1.38753,1.38753,1.38744,1.38744,0
46591000,1.38736,1.38738,1.38735,1.38738,0,1.38746,1.38750,1.38746,1.38750,0
46601000,1.38740,1.38740,1.38740,1.38740,0,1.38750,1.38750,1.38750,1.38750,0
46602000,1.38739,1.38739,1.38739,1.38739,0,1.38751,1.38751,1.38751,1.38751,0
46603000,1.38740,1.38740,1.38740,1.38740,0,1.38750,1.38750,1.38750,1.38750,0
46606000,1.38739,1.38739,1.38739,1.38739,0,1.38751,1.38751,1.38751,1.38751,0
46631000,1.38739,1.38739,1.38739,1.38739,0,1.38752,1.38752,1.38752,1.38752,0
46633000,1.38738,1.38738,1.38738,1.38738,0,1.38750,1.38750,1.38750,1.38750,0
46634000,1.38738,1.38738,1.38738,1.38738,0,1.38751,1.38751,1.38751,1.38751,0
46637000,1.38738,1.38738,1.38733,1.38733,0,1.38750,1.38750,1.38746,1.38746,0
46639000,1.38732,1.38732,1.38732,1.38732,0,1.38744,1.38744,1.38744,1.38744,0
46641000,1.38730,1.38730,1.38730,1.38730,0,1.38743,1.38743,1.38743,1.38743,0
46644000,1.38731,1.38732,1.38731,1.38732,0,1.38743,1.38745,1.38743,1.38745,0
46646000,1.38734,1.38734,1.38733,1.38733,0,1.38746,1.38746,1.38746,1.38746,0
46648000,1.38734,1.38738,1.38734,1.38738,0,1.38746,1.38751,1.38746,1.38751,0
46656000,1.38738,1.38738,1.38736,1.38737,0,1.38750,1.38751,1.38749,1.38749,0
46664000,1.38736,1.38736,1.38736,1.38736,0,1.38749,1.38749,1.38749,1.38749,0
46670000,1.38736,1.38736,1.38736,1.38736,0,1.38747,1.38747,1.38747,1.38747,0
46671000,1.38736,1.38736,1.38736,1.38736,0,1.38749,1.38749,1.38749,1.38749,0
46673000,1.38735,1.38735,1.38735,1.38735,0,1.38747,1.38747,1.38747,1.38747,0
46676000,1.38733,1.38733,1.38733,1.38733,0,1.38747,1.38747,1.38746,1.38746,0
46682000,1.38732,1.38732,1.38732,1.38732,0,1.38744,1.38745,1.38744,1.38745,0
46704000,1.38734,1.38734,1.38733,1.38733,0,1.38746,1.38746,1.38746,1.38746,0
46705000,1.38734,1.38734,1.38734,1.38734,0,1.38745,1.38745,1.38745,1.38745,0
46706000,1.38734,1.38734,1.38731,1.38731,0,1.38744,1.38745,1.38744,1.38745,0
46707000,1.38731,1.38731,1.38731,1.38731,0,1.38744,1.38744,1.38744,1.38744,0
46711000,1.38732,1.38732,1.38732,1.38732,0,1.38744,1.38744,1.38744,1.38744,0
46717000,1.38731,1.38731,1.38731,1.38731,0,1.38745,1.38745,1.38743,1.38743,0
46761000,1.38732,1.38735,1.38731,1.38735,0,1.38743,1.38748,1.38743,1.38747,0
46762000,1.38734,1.38735,1.38734,1.38735,0,1.38748,1.38748,1.38747,1.38747,0
46778000,1.38735,1.38737,1.38735,1.38736,0,1.38748,1.38750,1.38748,1.38750,0
46779000,1.38737,1.38737,1.38737,1.38737,0,1.38750,1.38750,1.38750,1.38750,0
46781000,1.38740,1.38740,1.38740,1.38740,0,1.38752,1.38752,1.38752,1.38752,0
46782000,1.38740,1.38740,1.38740,1.38740,0,1.38750,1.38750,1.38750,1.38750,0
46784000,1.38740,1.38740,1.38740,1.38740,0,1.38751,1.38751,1.38751,1.38751,0
46787000,1.38741,1.38741,1.38741,1.38741,0,1.38751,1.38751,1.38751,1.38751,0
46789000,1.38741,1.38741,1.38741,1.38741,0,1.38752,1.38752,1.38752,1.38752,0
46794000,1.38739,1.38739,1.38739,1.38739,0,1.38750,1.38751,1.38750,1.38751,0
46795000,1.38736,1.38736,1.38733,1.38734,0,1.38748,1.38748,1.38745,1.38745,0
46798000,1.38732,1.38732,1.38731,1.38732,0,1.38746,1.38746,1.38742,1.38742,0
46799000,1.38730,1.38731,1.38730,1.38731,0,1.38742,1.38742,1.38742,1.38742,0
46800000,1.38731,1.38731,1.38731,1.38731,0,1.38741,1.38741,1.38741,1.38741,0
46801000,1.38729,1.38729,1.38729,1.38729,0,1.38741,1.38741,1.38741,1.38741,0
46802000,1.38730,1.38730,1.38730,1.38730,0,1.38741,1.38741,1.38741,1.38741,0
46805000,1.38730,1.38730,1.38730,1.38730,0,1.38743,1.38743,1.38743,1.38743,0
46808000,1.38732,1.38732,1.38732,1.38732,0,1.38742,1.38742,1.38742,1.38742,0
46809000,1.38731,1.38731,1.38731,1.38731,0,1.38743,1.38743,1.38743,1.38743,0
46810000,1.38730,1.38730,1.38730,1.38730,0,1.38740,1.38740,1.38740,1.38740,0
46812000,1.38729,1.38729,1.38729,1.38729,0,1.38740,1.38740,1.38739,1.38739,0
46816000,1.38728,1.38728,1.38726,1.38726,0,1.38740,1.38740,1.38739,1.38739,0
46817000,1.38727,1.38727,1.38727,1.38727,0,1.38738,1.38738,1.38736,1.38736,0
46819000,1.38725,1.38725,1.38722,1.38723,0,1.38736,1.38737,1.38733,1.38733,0
46822000,1.38722,1.38722,1.38722,1.38722,0,1.38735,1.38735,1.38735,1.38735,0
46823000,1.38725,1.38725,1.38722,1.38722,0,1.38734,1.38736,1.38734,1.38736,0
46824000,1.38723,1.38723,1.38723,1.38723,0,1.38736,1.38736,1.38736,1.38736,0
46825000,1.38725,1.38725,1.38725,1.38725,0,1.38734,1.38734,1.38734,1.38734,0
46826000,1.38722,1.38725,1.38722,1.38725,0,1.38735,1.38737,1.38735,1.38736,0
46827000,1.38725,1.38730,1.38724,1.38730,0,1.38737,1.38740,1.38737,1.38739,0
46829000,1.38729,1.38729,1.38729,1.38729,0,1.38740,1.38740,1.38740,1.38740,0
46830000,1.38729,1.38729,1.38729,1.38729,0,1.38739,1.38739,1.38739,1.38739,0
46832000,1.38730,1.38730,1.38729,1.38729,0,1.38739,1.38740,1.38739,1.38740,0
46833000,1.38729,1.38731,1.38729,1.38731,0,1.38741,1.38741,1.38741,1.38741,0
46834000,1.38730,1.38732,1.38730,1.38732,0,1.38741,1.38741,1.38741,1.38741,0
46835000,1.38731,1.38732,1.38731,1.38732,0,1.38743,1.38745,1.38742,1.38744,0
46836000,1.38733,1.38733,1.38732,1.38732,0,1.38742,1.38743,1.38742,1.38743,0
46837000,1.38734,1.38734,1.38734,1.38734,0,1.38743,1.38743,1.38743,1.38743,0
46839000,1.38733,1.38733,1.38733,1.38733,0,1.38743,1.38743,1.38743,1.38743,0
46845000,1.38734,1.38734,1.38734,1.38734,0,1.38745,1.38745,1.38745,1.38745,0
46846000,1.38732,1.38732,1.38732,1.38732,0,1.38743,1.38743,1.38743,1.38743,0
46851000,1.38732,1.38732,1.38732,1.38732,0,1.38746,1.38746,1.38746,1.38746,0
46854000,1.38733,1.38733,1.38733,1.38733,0,1.38744,1.38744,1.38744,1.38744,0
46856000,1.38732,1.38732,1.38732,1.38732,0,1.38745,1.38745,1.38744,1.38744,0
46858000,1.38733,1.38733,1.38733,1.38733,0,1.38743,1.38743,1.38743,1.38743,0
46859000,1.38733,1.38733,1.38733,1.38733,0,1.38745,1.38745,1.38745,1.38745,0
46860000,1.38734,1.38734,1.38734,1.38734,0,1.38745,1.38745,1.38745,1.38745,0
46861000,1.38735,1.38735,1.38735,1.38735,0,1.38744,1.38744,1.38744,1.38744,0
46863000,1.38735,1.38752,1.38735,1.38752,0,1.38746,1.38764,1.38746,1.38764,0
46864000,1.38752,1.38754,1.38752,1.38753,0,1.38763,1.38765,1.38763,1.38765,0
46865000,1.38755,1.38755,1.38755,1.38755,0,1.38766,1.38766,1.38766,1.38766,0
46872000,1.38754,1.38754,1.38754,1.38754,0,1.38766,1.38766,1.38766,1.38766,0
46874000,1.38755,1.38755,1.38755,1.38755,0,1.38764,1.38764,1.38764,1.38764,0
46876000,1.38754,1.38754,1.38754,1.38754,0,1.38765,1.38765,1.38765,1.38765,0
46877000,1.38754,1.38754,1.38754,1.38754,0,1.38763,1.38763,1.38763,1.38763,0
46878000,1.38753,1.38753,1.38753,1.38753,0,1.38764,1.38764,1.38764,1.38764,0
46879000,1.38756,1.38756,1.38756,1.38756,0,1.38766,1.38766,1.38766,1.38766,0
46881000,1.38757,1.38757,1.38756,1.38756,0,1.38766,1.38766,1.38766,1.38766,0
46901000,1.38758,1.38758,1.38758,1.38758,0,1.38768,1.38768,1.38768,1.38768,0
46910000,1.38757,1.38757,1.38757,1.38757,0,1.38768,1.38768,1.38768,1.38768,0
46914000,1.38758,1.38758,1.38758,1.38758,0,1.38767,1.38767,1.38767,1.38767,0
46915000,1.38758,1.38758,1.38758,1.38758,0,1.38769,1.38769,1.38769,1.38769,0
46916000,1.38760,1.38760,1.38760,1.38760,0,1.38771,1.38771,1.38771,1.38771,0
46917000,1.38763,1.38765,1.38763,1.38765,0,1.38774,1.38777,1.38773,1.38777,0
46919000,1.38765,1.38767,1.38764,1.38767,0,1.38775,1.38777,1.38775,1.38777,0
46920000,1.38765,1.38765,1.38765,1.38765,0,1.38777,1.38777,1.38777,1.38777,0
46921000,1.38764,1.38764,1.38763,1.38763,0,1.38774,1.38774,1.38774,1.38774,0
46922000,1.38764,1.38764,1.38762,1.38762,0,1.38773,1.38774,1.38772,1.38773,0
46923000,1.38763,1.38763,1.38762,1.38762,0,1.38772,1.38773,1.38772,1.38773,0
46926000,1.38761,1.38761,1.38761,1.38761,0,1.38773,1.38773,1.38773,1.38773,0
46932000,1.38763,1.38764,1.38763,1.38764,0,1.38775,1.38775,1.38774,1.38774,0
46933000,1.38764,1.38768,1.38764,1.38766,0,1.38776,1.38780,1.38776,1.38777,0
46934000,1.38767,1.38769,1.38767,1.38769,0,1.38779,1.38781,1.38779,1.38781,0
46935000,1.38772,1.38775,1.38772,1.38775,0,1.38783,1.38786,1.38783,1.38785,0
46936000,1.38773,1.38773,1.38773,1.38773,0,1.38783,1.38784,1.38783,1.38783,0
46937000,1.38771,1.38771,1.38768,1.38768,0,1.38782,1.38782,1.38780,1.38780,0
46938000,1.38766,1.38766,1.38764,1.38764,0,1.38778,1.38778,1.38775,1.38775,0
46939000,1.38763,1.38763,1.38763,1.38763,0,1.38775,1.38775,1.38775,1.38775,0
46941000,1.38764,1.38764,1.38764,1.38764,0,1.38774,1.38774,1.38774,1.38774,0
46942000,1.38763,1.38763,1.38758,1.38758,0,1.38774,1.38774,1.38769,1.38769,0
46943000,1.38759,1.38759,1.38759,1.38759,0,1.38769,1.38771,1.38769,1.38771,0
46947000,1.38759,1.38759,1.38758,1.38758,0,1.38770,1.38770,1.38770,1.38770,0
46951000,1.38760,1.38760,1.38760,1.38760,0,1.38770,1.38770,1.38770,1.38770,0
46953000,1.38759,1.38759,1.38759,1.38759,0,1.38771,1.38771,1.38771,1.38771,0
46966000,1.38761,1.38761,1.38761,1.38761,0,1.38771,1.38771,1.38771,1.38771,0
46986000,1.38760,1.38760,1.38760,1.38760,0,1.38771,1.38771,1.38771,1.38771,0
47002000,1.38760,1.38760,1.38760,1.38760,0,1.38770,1.38770,1.38770,1.38770,0
47017000,1.38757,1.38757,1.38749,1.38749,0,1.38770,1.38770,1.38763,1.38763,0
47018000,1.38750,1.38750,1.38746,1.38746,0,1.38761,1.38761,1.38758,1.38758,0
47023000,1.38747,1.38747,1.38747,1.38747,0,1.38758,1.38758,1.38758,1.38758,0
47027000,1.38746,1.38746,1.38746,1.38746,0,1.38758,1.38758,1.38757,1.38757,0
47028000,1.38746,1.38746,1.38746,1.38746,0,1.38758,1.38758,1.38758,1.38758,0
47029000,1.38746,1.38746,1.38743,1.38743,0,1.38757,1.38757,1.38755,1.38755,0
47030000,1.38743,1.38743,1.38743,1.38743,0,1.38754,1.38754,1.38754,1.38754,0
47044000,1.38743,1.38743,1.38743,1.38743,0,1.38755,1.38755,1.38755,1.38755,0
47045000,1.38744,1.38744,1.38744,1.38744,0,1.38754,1.38754,1.38754,1.38754,0
47063000,1.38744,1.38744,1.38744,1.38744,0,1.38756,1.38756,1.38756,1.38756,0
47068000,1.38744,1.38744,1.38744,1.38744,0,1.38754,1.38754,1.38754,1.38754,0
47070000,1.38742,1.38742,1.38740,1.38740,0,1.38752,1.38754,1.38752,1.38754,0
47071000,1.38738,1.38738,1.38738,1.38738,0,1.38751,1.38751,1.38750,1.38750,0
47072000,1.38740,1.38740,1.38740,1.38740,0,1.38749,1.38750,1.38749,1.38750,0
47080000,1.38736,1.38736,1.38723,1.38723,0,1.38749,1.38749,1.38736,1.38736,0
47081000,1.38724,1.38724,1.38723,1.38723,0,1.38734,1.38735,1.38734,1.38735,0
47082000,1.38723,1.38723,1.38723,1.38723,0,1.38734,1.38734,1.38734,1.38734,0
47085000,1.38725,1.38725,1.38725,1.38725,0,1.38736,1.38737,1.38736,1.38737,0
47086000,1.38725,1.38725,1.38725,1.38725,0,1.38736,1.38737,1.38736,1.38737,0
47089000,1.38725,1.38725,1.38725,1.38725,0,1.38736,1.38736,1.38736,1.38736,0
47099000,1.38727,1.38727,1.38727,1.38727,0,1.38738,1.38738,1.38738,1.38738,0
47100000,1.38729,1.38729,1.38729,1.38729,0,1.38741,1.38741,1.38741,1.38741,0
47101000,1.38727,1.38727,1.38727,1.38727,0,1.38739,1.38739,1.38739,1.38739,0
47103000,1.38728,1.38728,1.38728,1.38728,0,1.38739,1.38739,1.38739,1.38739,0
47110000,1.38727,1.38728,1.38727,1.38728,0,1.38739,1.38741,1.38739,1.38741,0
47112000,1.38731,1.38731,1.38731,1.38731,0,1.38742,1.38742,1.38742,1.38742,0
47134000,1.38729,1.38729,1.38715,1.38715,0,1.38741,1.38741,1.38726,1.38726,0
47135000,1.38713,1.38713,1.38713,1.38713,0,1.38723,1.38723,1.38723,1.38723,0
47140000,1.38713,1.38713,1.38713,1.38713,0,1.38724,1.38724,1.38723,1.38723,0
47142000,1.38711,1.38711,1.38711,1.38711,0,1.38723,1.38723,1.38723,1.38723,0
47143000,1.38711,1.38711,1.38711,1.38711,0,1.38724,1.38724,1.38724,1.38724,0
47144000,1.38712,1.38712,1.38711,1.38711,0,1.38723,1.38724,1.38723,1.38724,0
47146000,1.38712,1.38712,1.38709,1.38709,0,1.38723,1.38723,1.38723,1.38723,0
47147000,1.38706,1.38707,1.38703,1.38704,0,1.38720,1.38720,1.38716,1.38716,0
47148000,1.38703,1.38703,1.38701,1.38701,0,1.38713,1.38713,1.38713,1.38713,0
47150000,1.38703,1.38703,1.38703,1.38703,0,1.38713,1.38713,1.38713,1.38713,0
47161000,1.38704,1.38704,1.38703,1.38703,0,1.38713,1.38716,1.38713,1.38716,0
47162000,1.38704,1.38704,1.38704,1.38704,0,1.38715,1.38715,1.38715,1.38715,0
47164000,1.38704,1.38704,1.38704,1.38704,0,1.38714,1.38714,1.38714,1.38714,0
47165000,1.38704,1.38704,1.38703,1.38703,0,1.38715,1.38715,1.38713,1.38713,0
47166000,1.38704,1.38704,1.38704,1.38704,0,1.38713,1.38713,1.38713,1.38713,0
47173000,1.38704,1.38704,1.38704,1.38704,0,1.38714,1.38714,1.38714,1.38714,0
47179000,1.38704,1.38704,1.38704,1.38704,0,1.38715,1.38715,1.38715,1.38715,0
47182000,1.38706,1.38710,1.38705,1.38710,0,1.38717,1.38722,1.38717,1.38722,0
47183000,1.38711,1.38711,1.38711,1.38711,0,1.38722,1.38722,1.38722,1.38722,0
47190000,1.38710,1.38711,1.38710,1.38711,0,1.38722,1.38722,1.38722,1.38722,0
47191000,1.38713,1.38718,1.38713,1.38718,0,1.38724,1.38730,1.38724,1.38730,0
47192000,1.38720,1.38720,1.38719,1.38719,0,1.38730,1.38731,1.38730,1.38731,0
47193000,1.38719,1.38720,1.38719,1.38720,0,1.38730,1.38730,1.38730,1.38730,0
47198000,1.38720,1.38720,1.38720,1.38720,0,1.38729,1.38729,1.38729,1.38729,0
47209000,1.38720,1.38722,1.38720,1.38722,0,1.38732,1.38734,1.38732,1.38733,0
47221000,1.38720,1.38720,1.38718,1.38718,0,1.38733,1.38733,1.38730,1.38730,0
47223000,1.38717,1.38717,1.38717,1.38717,0,1.38730,1.38730,1.38729,1.38729,0
47224000,1.38714,1.38714,1.38714,1.38714,0,1.38726,1.38726,1.38726,1.38726,0
47233000,1.38714,1.38714,1.38714,1.38714,0,1.38724,1.38726,1.38724,1.38726,0
47240000,1.38712,1.38712,1.38707,1.38707,0,1.38723,1.38723,1.38719,1.38719,0
47245000,1.38707,1.38707,1.38707,1.38707,0,1.38717,1.38718,1.38717,1.38718,0
47249000,1.38708,1.38708,1.38706,1.38706,0,1.38718,1.38719,1.38718,1.38719,0
47250000,1.38707,1.38707,1.38707,1.38707,0,1.38719,1.38720,1.38719,1.38719,0
47251000,1.38708,1.38708,1.38708,1.38708,0,1.38718,1.38718,1.38718,1.38718,0
47254000,1.38708,1.38708,1.38708,1.38708,0,1.38720,1.38720,1.38719,1.38719,0
47260000,1.38707,1.38707,1.38702,1.38702,0,1.38719,1.38719,1.38714,1.38714,0
47262000,1.38703,1.38703,1.38703,1.38703,0,1.38714,1.38714,1.38714,1.38714,0
47266000,1.38703,1.38703,1.38703,1.38703,0,1.38715,1.38715,1.38715,1.38715,0
47267000,1.38706,1.38706,1.38706,1.38706,0,1.38718,1.38718,1.38717,1.38717,0
47270000,1.38708,1.38713,1.38708,1.38712,0,1.38720,1.38727,1.38720,1.38726,0
47271000,1.38713,1.38715,1.38713,1.38715,0,1.38726,1.38726,1.38724,1.38726,0
47272000,1.38715,1.38715,1.38713,1.38714,0,1.38727,1.38727,1.38725,1.38725,0
47273000,1.38714,1.38714,1.38709,1.38709,0,1.38723,1.38724,1.38722,1.38722,0
47274000,1.38708,1.38708,1.38708,1.38708,0,1.38720,1.38720,1.38719,1.38719,0
47286000,1.38711,1.38711,1.38711,1.38711,0,1.38722,1.38722,1.38722,1.38722,0
47290000,1.38713,1.38713,1.38713,1.38713,0,1.38722,1.38722,1.38722,1.38722,0
47291000,1.38712,1.38712,1.38712,1.38712,0,1.38723,1.38723,1.38723,1.38723,0
47293000,1.38713,1.38713,1.38713,1.38713,0,1.38722,1.38722,1.38722,1.38722,0
47298000,1.38715,1.38719,1.38714,1.38719,0,1.38724,1.38728,1.38724,1.38728,0
47299000,1.38718,1.38718,1.38718,1.38718,0,1.38729,1.38729,1.38729,1.38729,0
47303000,1.38716,1.38716,1.38716,1.38716,0,1.38728,1.38728,1.38728,1.38728,0
47304000,1.38717,1.38717,1.38717,1.38717,0,1.38727,1.38727,1.38727,1.38727,0
47307000,1.38716,1.38716,1.38716,1.38716,0,1.38728,1.38728,1.38728,1.38728,0
47312000,1.38717,1.38717,1.38717,1.38717,0,1.38727,1.38727,1.38727,1.38727,0
47319000,1.38716,1.38718,1.38716,1.38718,0,1.38728,1.38729,1.38728,1.38729,0
47324000,1.38717,1.38717,1.38717,1.38717,0,1.38729,1.38729,1.38729,1.38729,0
47330000,1.38718,1.38718,1.38718,1.38718,0,1.38729,1.38729,1.38729,1.38729,0
47349000,1.38716,1.38717,1.38716,1.38717,0,1.38727,1.38727,1.38727,1.38727,0
47350000,1.38716,1.38716,1.38716,1.38716,0,1.38727,1.38727,1.38727,1.38727,0
47353000,1.38713,1.38715,1.38713,1.38715,0,1.38725,1.38727,1.38724,1.38727,0
47354000,1.38715,1.38716,1.38714,1.38714,0,1.38726,1.38726,1.38725,1.38725,0
47355000,1.38714,1.38714,1.38714,1.38714,0,1.38724,1.38724,1.38724,1.38724,0
47357000,1.38711,1.38711,1.38702,1.38702,0,1.38724,1.38724,1.38712,1.38712,0
47362000,1.38700,1.38700,1.38699,1.38699,0,1.38711,1.38712,1.38711,1.38712,0
47363000,1.38700,1.38700,1.38700,1.38700,0,1.38711,1.38711,1.38711,1.38711,0
47364000,1.38698,1.38698,1.38691,1.38692,0,1.38709,1.38710,1.38704,1.38704,0
47365000,1.38693,1.38693,1.38693,1.38693,0,1.38703,1.38703,1.38703,1.38703,0
47366000,1.38693,1.38702,1.38693,1.38702,0,1.38705,1.38713,1.38705,1.38713,0
47367000,1.38703,1.38704,1.38703,1.38703,0,1.38715,1.38715,1.38713,1.38715,0
47368000,1.38701,1.38701,1.38693,1.38694,0,1.38713,1.38713,1.38705,1.38705,0
47369000,1.38697,1.38697,1.38696,1.38696,0,1.38707,1.38708,1.38707,1.38708,0
47370000,1.38697,1.38697,1.38697,1.38697,0,1.38708,1.38708,1.38708,1.38708,0
47371000,1.38698,1.38698,1.38698,1.38698,0,1.38708,1.38708,1.38708,1.38708,0
47373000,1.38697,1.38697,1.38693,1.38693,0,1.38708,1.38708,1.38703,1.38703,0
47374000,1.38693,1.38694,1.38693,1.38694,0,1.38705,1.38705,1.38705,1.38705,0
47377000,1.38697,1.38697,1.38697,1.38697,0,1.38708,1.38708,1.38708,1.38708,0
47379000,1.38695,1.38696,1.38695,1.38696,0,1.38706,1.38706,1.38706,1.38706,0
47380000,1.38694,1.38694,1.38693,1.38693,0,1.38704,1.38704,1.38704,1.38704,0
47381000,1.38696,1.38696,1.38696,1.38696,0,1.38707,1.38707,1.38706,1.38706,0
47384000,1.38694,1.38694,1.38694,1.38694,0,1.38706,1.38706,1.38706,1.38706,0
47387000,1.38696,1.38696,1.38695,1.38695,0,1.38706,1.38707,1.38706,1.38707,0
47388000,1.38698,1.38701,1.38698,1.38700,0,1.38710,1.38712,1.38710,1.38712,0
47390000,1.38701,1.38701,1.38701,1.38701,0,1.38710,1.38712,1.38710,1.38712,0
47391000,1.38702,1.38702,1.38702,1.38702,0,1.38711,1.38711,1.38711,1.38711,0
47392000,1.38701,1.38701,1.38701,1.38701,0,1.38712,1.38712,1.38712,1.38712,0
47394000,1.38701,1.38701,1.38701,1.38701,0,1.38710,1.38710,1.38710,1.38710,0
47396000,1.38700,1.38700,1.38700,1.38700,0,1.38712,1.38712,1.38712,1.38712,0
47405000,1.38701,1.38701,1.38699,1.38699,0,1.38712,1.38712,1.38710,1.38710,0
47406000,1.38700,1.38700,1.38699,1.38699,0,1.38710,1.38710,1.38710,1.38710,0
47409000,1.38699,1.38699,1.38699,1.38699,0,1.38709,1.38709,1.38709,1.38709,0
47411000,1.38698,1.38698,1.38698,1.38698,0,1.38710,1.38710,1.38710,1.38710,0
47412000,1.38700,1.38700,1.38699,1.38699,0,1.38710,1.38710,1.38709,1.38710,0
47420000,1.38701,1.38701,1.38701,1.38701,0,1.38711,1.38711,1.38711,1.38711,0
47422000,1.38702,1.38704,1.38702,1.38704,0,1.38713,1.38715,1.38713,1.38715,0
47423000,1.38703,1.38703,1.38702,1.38702,0,1.38715,1.38715,1.38715,1.38715,0
47424000,1.38703,1.38703,1.38696,1.38696,0,1.38714,1.38714,1.38708,1.38708,0
47425000,1.38698,1.38699,1.38698,1.38699,0,1.38711,1.38711,1.38709,1.38709,0
47430000,1.38697,1.38697,1.38697,1.38697,0,1.38708,1.38708,1.38707,1.38707,0
47435000,1.38699,1.38699,1.38699,1.38699,0,1.38710,1.38710,1.38710,1.38710,0
47436000,1.38700,1.38700,1.38700,1.38700,0,1.38709,1.38709,1.38709,1.38709,0
47437000,1.38699,1.38699,1.38699,1.38699,0,1.38711,1.38711,1.38709,1.38709,0
47439000,1.38697,1.38697,1.38697,1.38697,0,1.38708,1.38708,1.38708,1.38708,0
47444000,1.38698,1.38701,1.38698,1.38698,0,1.38708,1.38713,1.38708,1.38710,0
47449000,1.38700,1.38700,1.38699,1.38699,0,1.38709,1.38710,1.38709,1.38710,0
47452000,1.38702,1.38702,1.38702,1.38702,0,1.38712,1.38712,1.38712,1.38712,0
47453000,1.38701,1.38705,1.38701,1.38705,0,1.38713,1.38716,1.38713,1.38716,0
47470000,1.38703,1.38704,1.38703,1.38704,0,1.38715,1.38715,1.38715,1.38715,0
47471000,1.38703,1.38703,1.38703,1.38703,0,1.38715,1.38715,1.38715,1.38715,0
47476000,1.38704,1.38704,1.38704,1.38704,0,1.38715,1.38715,1.38715,1.38715,0
47482000,1.38702,1.38702,1.38696,1.38696,0,1.38713,1.38713,1.38710,1.38710,0
47483000,1.38697,1.38697,1.38697,1.38697,0,1.38709,1.38709,1.38709,1.38709,0
47484000,1.38698,1.38698,1.38697,1.38697,0,1.38708,1.38709,1.38708,1.38709,0
47485000,1.38695,1.38695,1.38695,1.38695,0,1.38706,1.38707,1.38706,1.38707,0
47488000,1.38697,1.38697,1.38697,1.38697,0,1.38706,1.38706,1.38706,1.38706,0
47491000,1.38694,1.38694,1.38693,1.38693,0,1.38706,1.38706,1.38703,1.38703,0
47493000,1.38695,1.38695,1.38695,1.38695,0,1.38705,1.38706,1.38705,1.38706,0
47495000,1.38694,1.38694,1.38693,1.38693,0,1.38704,1.38704,1.38704,1.38704,0
47497000,1.38694,1.38694,1.38694,1.38694,0,1.38704,1.38704,1.38704,1.38704,0
47499000,1.38693,1.38693,1.38693,1.38693,0,1.38702,1.38702,1.38702,1.38702,0
47501000,1.38696,1.38698,1.38696,1.38696,0,1.38705,1.38707,1.38705,1.38707,0
47502000,1.38698,1.38698,1.38695,1.38695,0,1.38708,1.38710,1.38706,1.38706,0
47505000,1.38694,1.38694,1.38694,1.38694,0,1.38703,1.38703,1.38703,1.38703,0
47509000,1.38694,1.38694,1.38694,1.38694,0,1.38704,1.38704,1.38704,1.38704,0
47510000,1.38692,1.38692,1.38692,1.38692,0,1.38702,1.38702,1.38702,1.38702,0
47516000,1.38693,1.38700,1.38693,1.38700,0,1.38704,1.38711,1.38704,1.38709,0
47518000,1.38700,1.38700,1.38696,1.38696,0,1.38710,1.38710,1.38707,1.38708,0
47519000,1.38696,1.38696,1.38695,1.38695,0,1.38706,1.38707,1.38706,1.38707,0
47520000,1.38696,1.38696,1.38696,1.38696,0,1.38705,1.38706,1.38705,1.38706,0
47521000,1.38696,1.38696,1.38696,1.38696,0,1.38708,1.38708,1.38708,1.38708,0
47523000,1.38697,1.38697,1.38696,1.38697,0,1.38708,1.38709,1.38708,1.38709,0
47524000,1.38698,1.38701,1.38698,1.38701,0,1.38708,1.38712,1.38708,1.38712,0
47527000,1.38699,1.38699,1.38695,1.38695,0,1.38709,1.38709,1.38707,1.38707,0
47528000,1.38695,1.38696,1.38695,1.38696,0,1.38706,1.38706,1.38706,1.38706,0
47533000,1.38694,1.38694,1.38694,1.38694,0,1.38704,1.38704,1.38704,1.38704,0
47534000,1.38694,1.38694,1.38694,1.38694,0,1.38703,1.38703,1.38703,1.38703,0
47538000,1.38694,1.38694,1.38694,1.38694,0,1.38706,1.38706,1.38706,1.38706,0
47542000,1.38694,1.38694,1.38694,1.38694,0,1.38705,1.38705,1.38705,1.38705,0
47543000,1.38693,1.38695,1.38693,1.38695,0,1.38705,1.38705,1.38705,1.38705,0
47551000,1.38694,1.38696,1.38694,1.38696,0,1.38706,1.38706,1.38706,1.38706,0
47553000,1.38695,1.38695,1.38695,1.38695,0,1.38706,1.38706,1.38706,1.38706,0
47555000,1.38696,1.38696,1.38695,1.38695,0,1.38705,1.38705,1.38705,1.38705,0
47557000,1.38694,1.38696,1.38694,1.38695,0,1.38706,1.38706,1.38705,1.38705,0
47560000,1.38693,1.38693,1.38693,1.38693,0,1.38703,1.38703,1.38703,1.38703,0
47564000,1.38694,1.38694,1.38694,1.38694,0,1.38702,1.38702,1.38702,1.38702,0
47569000,1.38694,1.38694,1.38694,1.38694,0,1.38703,1.38703,1.38703,1.38703,0
47574000,1.38694,1.38694,1.38692,1.38692,0,1.38702,1.38704,1.38702,1.38704,0
47575000,1.38693,1.38693,1.38693,1.38693,0,1.38704,1.38704,1.38704,1.38704,0
47578000,1.38694,1.38694,1.38694,1.38694,0,1.38704,1.38704,1.38704,1.38704,0
47584000,1.38695,1.38699,1.38695,1.38698,0,1.38706,1.38711,1.38706,1.38710,0
47585000,1.38701,1.38701,1.38701,1.38701,0,1.38711,1.38711,1.38711,1.38711,0
47590000,1.38699,1.38699,1.38693,1.38693,0,1.38710,1.38710,1.38706,1.38706,0
47598000,1.38693,1.38693,1.38693,1.38693,0,1.38705,1.38705,1.38705,1.38705,0
47600000,1.38693,1.38693,1.38693,1.38693,0,1.38703,1.38703,1.38703,1.38703,0
47601000,1.38693,1.38693,1.38693,1.38693,0,1.38704,1.38704,1.38704,1.38704,0
47607000,1.38692,1.38692,1.38692,1.38692,0,1.38704,1.38704,1.38704,1.38704,0
47613000,1.38692,1.38697,1.38692,1.38697,0,1.38706,1.38710,1.38706,1.38710,0
47614000,1.38701,1.38705,1.38701,1.38705,0,1.38714,1.38717,1.38713,1.38717,0
47619000,1.38705,1.38705,1.38705,1.38705,0,1.38719,1.38719,1.38717,1.38717,0
47623000,1.38707,1.38707,1.38707,1.38707,0,1.38719,1.38719,1.38719,1.38719,0
47626000,1.38705,1.38705,1.38705,1.38705,0,1.38717,1.38717,1.38717,1.38717,0
47627000,1.38704,1.38704,1.38704,1.38704,0,1.38718,1.38718,1.38718,1.38718,0
47628000,1.38704,1.38704,1.38704,1.38704,0,1.38717,1.38717,1.38716,1.38716,0
47635000,1.38704,1.38704,1.38704,1.38704,0,1.38713,1.38713,1.38713,1.38713,0
47642000,1.38703,1.38708,1.38703,1.38708,0,1.38714,1.38720,1.38714,1.38720,0
47643000,1.38708,1.38710,1.38708,1.38710,0,1.38721,1.38721,1.38721,1.38721,0
47644000,1.38712,1.38712,1.38711,1.38711,0,1.38722,1.38723,1.38722,1.38723,0
47650000,1.38711,1.38711,1.38710,1.38710,0,1.38721,1.38722,1.38721,1.38722,0
47651000,1.38711,1.38711,1.38709,1.38709,0,1.38721,1.38721,1.38720,1.38720,0
47652000,1.38708,1.38708,1.38708,1.38708,0,1.38718,1.38718,1.38718,1.38718,0
47654000,1.38708,1.38708,1.38704,1.38704,0,1.38717,1.38717,1.38715,1.38715,0
47656000,1.38706,1.38706,1.38705,1.38705,0,1.38716,1.38716,1.38716,1.38716,0
47659000,1.38706,1.38706,1.38706,1.38706,0,1.38716,1.38716,1.38716,1.38716,0
47662000,1.38706,1.38706,1.38706,1.38706,0,1.38718,1.38718,1.38718,1.38718,0
47667000,1.38707,1.38707,1.38707,1.38707,0,1.38717,1.38717,1.38717,1.38717,0
47668000,1.38706,1.38706,1.38706,1.38706,0,1.38717,1.38717,1.38717,1.38717,0
47669000,1.38706,1.38706,1.38706,1.38706,0,1.38716,1.38716,1.38716,1.38716,0
47670000,1.38706,1.38706,1.38705,1.38706,0,1.38718,1.38718,1.38716,1.38716,0
47676000,1.38706,1.38706,1.38706,1.38706,0,1.38718,1.38718,1.38718,1.38718,0
47680000,1.38705,1.38705,1.38705,1.38705,0,1.38718,1.38718,1.38718,1.38718,0
47681000,1.38706,1.38709,1.38706,1.38709,0,1.38717,1.38720,1.38717,1.38720,0
47682000,1.38708,1.38708,1.38707,1.38707,0,1.38718,1.38720,1.38718,1.38720,0
47683000,1.38708,1.38708,1.38708,1.38708,0,1.38720,1.38720,1.38719,1.38719,0
47690000,1.38708,1.38708,1.38707,1.38707,0,1.38720,1.38720,1.38719,1.38719,0
47693000,1.38708,1.38708,1.38708,1.38708,0,1.38718,1.38718,1.38718,1.38718,0
47698000,1.38705,1.38705,1.38705,1.38705,0,1.38715,1.38715,1.38715,1.38715,0
47700000,1.38704,1.38706,1.38704,1.38706,0,1.38717,1.38717,1.38717,1.38717,0
47701000,1.38707,1.38707,1.38707,1.38707,0,1.38717,1.38717,1.38717,1.38717,0
47704000,1.38705,1.38705,1.38705,1.38705,0,1.38717,1.38717,1.38717,1.38717,0
47705000,1.38704,1.38704,1.38704,1.38704,0,1.38715,1.38715,1.38715,1.38715,0
47712000,1.38704,1.38704,1.38704,1.38704,0,1.38714,1.38714,1.38714,1.38714,0
47714000,1.38703,1.38703,1.38703,1.38703,0,1.38715,1.38715,1.38715,1.38715,0
47715000,1.38704,1.38704,1.38704,1.38704,0,1.38715,1.38715,1.38715,1.38715,0
47718000,1.38706,1.38708,1.38706,1.38708,0,1.38717,1.38721,1.38717,1.38719,0
47719000,1.38709,1.38709,1.38709,1.38709,0,1.38721,1.38721,1.38719,1.38719,0
47720000,1.38707,1.38707,1.38705,1.38705,0,1.38717,1.38717,1.38716,1.38716,0
47721000,1.38706,1.38706,1.38706,1.38706,0,1.38715,1.38715,1.38715,1.38715,0
47723000,1.38704,1.38706,1.38704,1.38706,0,1.38716,1.38716,1.38715,1.38715,0
47724000,1.38704,1.38704,1.38704,1.38704,0,1.38716,1.38716,1.38716,1.38716,0
47726000,1.38706,1.38706,1.38704,1.38704,0,1.38715,1.38716,1.38715,1.38716,0
47727000,1.38706,1.38706,1.38704,1.38704,0,1.38714,1.38716,1.38714,1.38716,0
47728000,1.38705,1.38705,1.38705,1.38705,0,1.38714,1.38714,1.38713,1.38713,0
47731000,1.38704,1.38704,1.38704,1.38704,0,1.38714,1.38714,1.38714,1.38714,0
47732000,1.38703,1.38703,1.38703,1.38703,0,1.38715,1.38715,1.38715,1.38715,0
47733000,1.38705,1.38705,1.38705,1.38705,0,1.38713,1.38713,1.38713,1.38713,0
47738000,1.38705,1.38705,1.38705,1.38705,0,1.38714,1.38714,1.38714,1.38714,0
47751000,1.38705,1.38705,1.38705,1.38705,0,1.38716,1.38716,1.38716,1.38716,0
47753000,1.38706,1.38706,1.38706,1.38706,0,1.38715,1.38715,1.38715,1.38715,0
47755000,1.38705,1.38705,1.38705,1.38705,0,1.38716,1.38716,1.38716,1.38716,0
47760000,1.38705,1.38705,1.38705,1.38705,0,1.38717,1.38717,1.38717,1.38717,0
47767000,1.38705,1.38705,1.38705,1.38705,0,1.38714,1.38714,1.38714,1.38714,0
47796000,1.38707,1.38707,1.38705,1.38705,0,1.38716,1.38717,1.38716,1.38717,0
47797000,1.38705,1.38705,1.38705,1.38705,0,1.38715,1.38715,1.38715,1.38715,0
47812000,1.38702,1.38702,1.38702,1.38702,0,1.38712,1.38712,1.38712,1.38712,0
47819000,1.38703,1.38703,1.38703,1.38703,0,1.38712,1.38712,1.38712,1.38712,0
47821000,1.38702,1.38702,1.38702,1.38702,0,1.38714,1.38714,1.38714,1.38714,0
47825000,1.38703,1.38703,1.38703,1.38703,0,1.38713,1.38713,1.38713,1.38713,0
47829000,1.38703,1.38703,1.38700,1.38700,0,1.38712,1.38712,1.38710,1.38710,0
47830000,1.38702,1.38702,1.38702,1.38702,0,1.38712,1.38712,1.38712,1.38712,0
47834000,1.38700,1.38700,1.38700,1.38700,0,1.38710,1.38710,1.38710,1.38710,0
47835000,1.38699,1.38699,1.38696,1.38696,0,1.38710,1.38710,1.38707,1.38707,0
47836000,1.38696,1.38696,1.38694,1.38694,0,1.38706,1.38706,1.38704,1.38704,0
47844000,1.38693,1.38693,1.38692,1.38692,0,1.38705,1.38705,1.38703,1.38704,0
47845000,1.38692,1.38692,1.38692,1.38692,0,1.38703,1.38703,1.38703,1.38703,0
47846000,1.38694,1.38694,1.38694,1.38694,0,1.38702,1.38702,1.38702,1.38702,0
47847000,1.38693,1.38693,1.38693,1.38693,0,1.38703,1.38703,1.38703,1.38703,0
47848000,1.38693,1.38694,1.38693,1.38694,0,1.38704,1.38704,1.38703,1.38703,0
47850000,1.38692,1.38692,1.38692,1.38692,0,1.38702,1.38702,1.38702,1.38702,0
47852000,1.38690,1.38690,1.38690,1.38690,0,1.38701,1.38701,1.38701,1.38701,0
47853000,1.38690,1.38690,1.38689,1.38689,0,1.38700,1.38701,1.38700,1.38701,0
47857000,1.38690,1.38691,1.38682,1.38683,0,1.38701,1.38701,1.38697,1.38697,0
47858000,1.38683,1.38683,1.38681,1.38681,0,1.38696,1.38696,1.38691,1.38691,0
47859000,1.38680,1.38680,1.38675,1.38679,0,1.38691,1.38691,1.38687,1.38689,0
47861000,1.38678,1.38678,1.38677,1.38677,0,1.38690,1.38690,1.38688,1.38688,0
47862000,1.38676,1.38677,1.38676,1.38677,0,1.38689,1.38689,1.38689,1.38689,0
47864000,1.38677,1.38677,1.38673,1.38675,0,1.38688,1.38688,1.38685,1.38687,0
47865000,1.38674,1.38679,1.38674,1.38679,0,1.38684,1.38690,1.38684,1.38690,0
47867000,1.38677,1.38677,1.38673,1.38673,0,1.38688,1.38688,1.38684,1.38684,0
47868000,1.38673,1.38673,1.38673,1.38673,0,1.38683,1.38685,1.38683,1.38685,0
47869000,1.38674,1.38675,1.38674,1.38675,0,1.38685,1.38685,1.38684,1.38684,0
47871000,1.38673,1.38674,1.38673,1.38674,0,1.38685,1.38685,1.38684,1.38684,0
47872000,1.38673,1.38683,1.38673,1.38683,0,1.38687,1.38694,1.38687,1.38694,0
47873000,1.38684,1.38684,1.38684,1.38684,0,1.38693,1.38693,1.38693,1.38693,0
47878000,1.38681,1.38681,1.38673,1.38673,0,1.38693,1.38693,1.38687,1.38687,0
47879000,1.38674,1.38676,1.38674,1.38676,0,1.38687,1.38687,1.38685,1.38685,0
47880000,1.38674,1.38674,1.38674,1.38674,0,1.38685,1.38685,1.38685,1.38685,0
47902000,1.38677,1.38677,1.38677,1.38677,0,1.38687,1.38687,1.38687,1.38687,0
47904000,1.38674,1.38674,1.38674,1.38674,0,1.38685,1.38685,1.38685,1.38685,0
47907000,1.38675,1.38675,1.38673,1.38675,0,1.38684,1.38685,1.38684,1.38684,0
47925000,1.38674,1.38674,1.38673,1.38674,0,1.38685,1.38685,1.38685,1.38685,0
47926000,1.38674,1.38674,1.38674,1.38674,0,1.38683,1.38684,1.38683,1.38683,0
47927000,1.38674,1.38674,1.38673,1.38673,0,1.38682,1.38682,1.38682,1.38682,0
47928000,1.38672,1.38672,1.38670,1.38670,0,1.38683,1.38683,1.38681,1.38681,0
47929000,1.38672,1.38676,1.38672,1.38676,0,1.38683,1.38687,1.38683,1.38687,0
47930000,1.38675,1.38677,1.38674,1.38675,0,1.38685,1.38687,1.38685,1.38687,0
47931000,1.38676,1.38676,1.38676,1.38676,0,1.38687,1.38687,1.38687,1.38687,0
47933000,1.38673,1.38674,1.38673,1.38674,0,1.38684,1.38686,1.38683,1.38685,0
47936000,1.38676,1.38676,1.38676,1.38676,0,1.38685,1.38685,1.38685,1.38685,0
47937000,1.38677,1.38677,1.38677,1.38677,0,1.38688,1.38688,1.38688,1.38688,0
47941000,1.38675,1.38677,1.38675,1.38677,0,1.38686,1.38688,1.38686,1.38686,0
47943000,1.38677,1.38677,1.38677,1.38677,0,1.38688,1.38688,1.38688,1.38688,0
47945000,1.38675,1.38675,1.38673,1.38673,0,1.38685,1.38685,1.38683,1.38683,0
47947000,1.38670,1.38670,1.38668,1.38668,0,1.38680,1.38680,1.38680,1.38680,0
47948000,1.38670,1.38670,1.38670,1.38670,0,1.38680,1.38680,1.38680,1.38680,0
47951000,1.38670,1.38670,1.38670,1.38670,0,1.38682,1.38682,1.38680,1.38680,0
47958000,1.38671,1.38671,1.38670,1.38670,0,1.38679,1.38680,1.38679,1.38680,0
47961000,1.38673,1.38674,1.38673,1.38674,0,1.38683,1.38683,1.38683,1.38683,0
47966000,1.38674,1.38674,1.38674,1.38674,0,1.38685,1.38685,1.38685,1.38685,0
47967000,1.38674,1.38674,1.38674,1.38674,0,1.38683,1.38683,1.38683,1.38683,0
47970000,1.38675,1.38681,1.38675,1.38681,0,1.38685,1.38693,1.38685,1.38693,0
47972000,1.38684,1.38684,1.38684,1.38684,0,1.38695,1.38695,1.38695,1.38695,0
47983000,1.38684,1.38684,1.38684,1.38684,0,1.38696,1.38696,1.38696,1.38696,0
47984000,1.38685,1.38685,1.38685,1.38685,0,1.38695,1.38696,1.38695,1.38696,0
47986000,1.38685,1.38685,1.38685,1.38685,0,1.38697,1.38697,1.38697,1.38697,0
47998000,1.38686,1.38686,1.38685,1.38685,0,1.38697,1.38698,1.38697,1.38698,0
47999000,1.38683,1.38684,1.38683,1.38684,0,1.38696,1.38696,1.38696,1.38696,0
48000000,1.38684,1.38684,1.38684,1.38684,0,1.38694,1.38694,1.38694,1.38694,0
48007000,1.38683,1.38683,1.38681,1.38681,0,1.38695,1.38695,1.38692,1.38692,0
48008000,1.38682,1.38682,1.38682,1.38682,0,1.38691,1.38691,1.38691,1.38691,0
48027000,1.38684,1.38684,1.38684,1.38684,0,1.38694,1.38694,1.38694,1.38694,0
48029000,1.38686,1.38686,1.38686,1.38686,0,1.38695,1.38695,1.38695,1.38695,0
48031000,1.38686,1.38686,1.38686,1.38686,0,1.38697,1.38697,1.38697,1.38697,0
48035000,1.38686,1.38686,1.38686,1.38686,0,1.38695,1.38695,1.38695,1.38695,0
48037000,1.38687,1.38687,1.38687,1.38687,0,1.38697,1.38697,1.38697,1.38697,0
48045000,1.38686,1.38686,1.38686,1.38686,0,1.38697,1.38697,1.38697,1.38697,0
48046000,1.38687,1.38687,1.38687,1.38687,0,1.38696,1.38696,1.38696,1.38696,0
48048000,1.38686,1.38686,1.38686,1.38686,0,1.38697,1.38697,1.38697,1.38697,0
48052000,1.38687,1.38687,1.38687,1.38687,0,1.38696,1.38696,1.38696,1.38696,0
48053000,1.38686,1.38687,1.38686,1.38687,0,1.38697,1.38697,1.38696,1.38696,0
48055000,1.38686,1.38687,1.38686,1.38687,0,1.38697,1.38697,1.38697,1.38697,0
48057000,1.38687,1.38687,1.38686,1.38686,0,1.38696,1.38697,1.38696,1.38697,0
48060000,1.38684,1.38685,1.38684,1.38685,0,1.38695,1.38695,1.38693,1.38693,0
48061000,1.38684,1.38684,1.38684,1.38684,0,1.38694,1.38694,1.38694,1.38694,0
48062000,1.38684,1.38684,1.38683,1.38683,0,1.38693,1.38695,1.38693,1.38695,0
48068000,1.38685,1.38685,1.38685,1.38685,0,1.38694,1.38694,1.38694,1.38694,0
48074000,1.38685,1.38685,1.38685,1.38685,0,1.38692,1.38694,1.38692,1.38694,0
48086000,1.38685,1.38687,1.38685,1.38686,0,1.38697,1.38697,1.38697,1.38697,0
48089000,1.38686,1.38686,1.38686,1.38686,0,1.38696,1.38696,1.38696,1.38696,0
48095000,1.38685,1.38685,1.38685,1.38685,0,1.38696,1.38696,1.38696,1.38696,0
48097000,1.38685,1.38685,1.38685,1.38685,0,1.38695,1.38695,1.38695,1.38695,0
48100000,1.38683,1.38683,1.38681,1.38681,0,1.38692,1.38693,1.38692,1.38692,0
48109000,1.38678,1.38678,1.38676,1.38676,0,1.38691,1.38691,1.38685,1.38685,0
48110000,1.38674,1.38674,1.38674,1.38674,0,1.38685,1.38685,1.38685,1.38685,0
48149000,1.38677,1.38677,1.38676,1.38676,0,1.38687,1.38687,1.38687,1.38687,0
48156000,1.38677,1.38677,1.38676,1.38676,0,1.38686,1.38686,1.38686,1.38686,0
48159000,1.38676,1.38676,1.38675,1.38675,0,1.38685,1.38687,1.38685,1.38687,0
48160000,1.38676,1.38677,1.38676,1.38677,0,1.38687,1.38687,1.38687,1.38687,0
48168000,1.38678,1.38679,1.38678,1.38679,0,1.38689,1.38690,1.38689,1.38690,0
48169000,1.38680,1.38680,1.38680,1.38680,0,1.38690,1.38690,1.38690,1.38690,0
48179000,1.38679,1.38679,1.38679,1.38679,0,1.38690,1.38690,1.38690,1.38690,0
48180000,1.38682,1.38690,1.38682,1.38690,0,1.38692,1.38703,1.38692,1.38703,0
48181000,1.38693,1.38693,1.38693,1.38693,0,1.38705,1.38705,1.38705,1.38705,0
48183000,1.38695,1.38695,1.38695,1.38695,0,1.38707,1.38707,1.38707,1.38707,0
48185000,1.38693,1.38693,1.38693,1.38693,0,1.38705,1.38705,1.38705,1.38705,0
48196000,1.38695,1.38695,1.38695,1.38695,0,1.38704,1.38704,1.38704,1.38704,0
48197000,1.38694,1.38695,1.38694,1.38695,0,1.38705,1.38705,1.38704,1.38704,0
48202000,1.38694,1.38694,1.38694,1.38694,0,1.38706,1.38706,1.38706,1.38706,0
48204000,1.38695,1.38695,1.38695,1.38695,0,1.38705,1.38705,1.38705,1.38705,0
48205000,1.38694,1.38694,1.38694,1.38694,0,1.38706,1.38706,1.38706,1.38706,0
48211000,1.38692,1.38692,1.38689,1.38689,0,1.38704,1.38704,1.38700,1.38700,0
48213000,1.38691,1.38691,1.38691,1.38691,0,1.38702,1.38702,1.38702,1.38702,0
48214000,1.38689,1.38689,1.38689,1.38689,0,1.38701,1.38701,1.38701,1.38701,0
48215000,1.38690,1.38692,1.38690,1.38692,0,1.38701,1.38703,1.38701,1.38703,0
48220000,1.38694,1.38694,1.38694,1.38694,0,1.38706,1.38706,1.38706,1.38706,0
48225000,1.38694,1.38703,1.38694,1.38701,0,1.38705,1.38713,1.38705,1.38713,0
48226000,1.38699,1.38700,1.38699,1.38700,0,1.38711,1.38711,1.38711,1.38711,0
48227000,1.38700,1.38700,1.38700,1.38700,0,1.38710,1.38710,1.38710,1.38710,0
48229000,1.38699,1.38699,1.38699,1.38699,0,1.38710,1.38710,1.38710,1.38710,0
48232000,1.38699,1.38700,1.38699,1.38700,0,1.38709,1.38709,1.38709,1.38709,0
48234000,1.38700,1.38700,1.38699,1.38699,0,1.38711,1.38712,1.38711,1.38712,0
48235000,1.38699,1.38699,1.38698,1.38698,0,1.38710,1.38710,1.38708,1.38708,0
48238000,1.38698,1.38698,1.38698,1.38698,0,1.38710,1.38710,1.38710,1.38710,0
48241000,1.38696,1.38697,1.38696,1.38697,0,1.38707,1.38707,1.38706,1.38706,0
48246000,1.38696,1.38696,1.38696,1.38696,0,1.38707,1.38708,1.38707,1.38708,0
48248000,1.38697,1.38697,1.38697,1.38697,0,1.38707,1.38707,1.38707,1.38707,0
48254000,1.38696,1.38699,1.38696,1.38699,0,1.38708,1.38710,1.38708,1.38710,0
48271000,1.38697,1.38697,1.38697,1.38697,0,1.38708,1.38708,1.38708,1.38708,0
48274000,1.38697,1.38697,1.38697,1.38697,0,1.38706,1.38706,1.38706,1.38706,0
48277000,1.38696,1.38696,1.38696,1.38696,0,1.38707,1.38708,1.38707,1.38708,0
48278000,1.38698,1.38698,1.38696,1.38696,0,1.38708,1.38708,1.38708,1.38708,0
48280000,1.38699,1.38699,1.38699,1.38699,0,1.38711,1.38711,1.38711,1.38711,0
48282000,1.38699,1.38699,1.38699,1.38699,0,1.38709,1.38709,1.38709,1.38709,0
48285000,1.38698,1.38698,1.38696,1.38696,0,1.38707,1.38707,1.38707,1.38707,0
48287000,1.38696,1.38698,1.38693,1.38693,0,1.38710,1.38710,1.38707,1.38707,0
48290000,1.38694,1.38694,1.38694,1.38694,0,1.38706,1.38706,1.38706,1.38706,0
48291000,1.38695,1.38695,1.38693,1.38693,0,1.38705,1.38707,1.38705,1.38707,0
48297000,1.38695,1.38695,1.38695,1.38695,0,1.38705,1.38705,1.38705,1.38705,0
48307000,1.38697,1.38697,1.38697,1.38697,0,1.38707,1.38707,1.38707,1.38707,0
48310000,1.38697,1.38697,1.38697,1.38697,0,1.38708,1.38708,1.38708,1.38708,0
48326000,1.38695,1.38697,1.38695,1.38697,0,1.38706,1.38707,1.38706,1.38706,0
48327000,1.38695,1.38695,1.38695,1.38695,0,1.38706,1.38706,1.38706,1.38706,0
48338000,1.38692,1.38694,1.38692,1.38694,0,1.38705,1.38705,1.38705,1.38705,0
48353000,1.38697,1.38697,1.38697,1.38697,0,1.38708,1.38708,1.38708,1.38708,0
48355000,1.38697,1.38700,1.38697,1.38699,0,1.38706,1.38711,1.38706,1.38711,0
48356000,1.38698,1.38698,1.38695,1.38695,0,1.38709,1.38709,1.38705,1.38705,0
48357000,1.38697,1.38697,1.38697,1.38697,0,1.38706,1.38706,1.38706,1.38706,0
48358000,1.38696,1.38696,1.38696,1.38696,0,1.38706,1.38706,1.38706,1.38706,0
48362000,1.38695,1.38695,1.38695,1.38695,0,1.38707,1.38707,1.38707,1.38707,0
48368000,1.38695,1.38695,1.38695,1.38695,0,1.38705,1.38705,1.38705,1.38705,0
48373000,1.38693,1.38693,1.38693,1.38693,0,1.38705,1.38705,1.38705,1.38705,0
48375000,1.38693,1.38693,1.38692,1.38693,0,1.38702,1.38704,1.38702,1.38704,0
48387000,1.38695,1.38695,1.38695,1.38695,0,1.38705,1.38705,1.38705,1.38705,0
48393000,1.38693,1.38693,1.38693,1.38693,0,1.38706,1.38706,1.38705,1.38705,0
48395000,1.38695,1.38695,1.38695,1.38695,0,1.38705,1.38705,1.38705,1.38705,0
48396000,1.38694,1.38694,1.38694,1.38694,0,1.38706,1.38706,1.38706,1.38706,0
48397000,1.38693,1.38696,1.38693,1.38696,0,1.38706,1.38708,1.38706,1.38707,0
48398000,1.38697,1.38697,1.38697,1.38697,0,1.38706,1.38706,1.38706,1.38706,0
48400000,1.38697,1.38697,1.38697,1.38697,0,1.38708,1.38708,1.38708,1.38708,0
48403000,1.38697,1.38697,1.38697,1.38697,0,1.38707,1.38707,1.38707,1.38707,0
48409000,1.38698,1.38698,1.38698,1.38698,0,1.38710,1.38710,1.38710,1.38710,0
48410000,1.38701,1.38701,1.38701,1.38701,0,1.38710,1.38710,1.38710,1.38710,0
48414000,1.38701,1.38701,1.38701,1.38701,0,1.38712,1.38712,1.38712,1.38712,0
48430000,1.38699,1.38699,1.38699,1.38699,0,1.38711,1.38711,1.38711,1.38711,0
48431000,1.38698,1.38698,1.38697,1.38697,0,1.38709,1.38710,1.38709,1.38709,0
48432000,1.38698,1.38698,1.38698,1.38698,0,1.38707,1.38707,1.38707,1.38707,0
48436000,1.38698,1.38703,1.38697,1.38703,0,1.38708,1.38712,1.38708,1.38712,0
48437000,1.38704,1.38704,1.38704,1.38704,0,1.38712,1.38712,1.38712,1.38712,0
48441000,1.38704,1.38704,1.38704,1.38704,0,1.38713,1.38713,1.38713,1.38713,0
48442000,1.38704,1.38704,1.38703,1.38703,0,1.38711,1.38712,1.38711,1.38712,0
48443000,1.38701,1.38701,1.38699,1.38699,0,1.38712,1.38712,1.38711,1.38711,0
48444000,1.38698,1.38698,1.38698,1.38698,0,1.38709,1.38709,1.38709,1.38709,0
48445000,1.38700,1.38700,1.38700,1.38700,0,1.38709,1.38709,1.38709,1.38709,0
48446000,1.38699,1.38699,1.38699,1.38699,0,1.38710,1.38710,1.38710,1.38710,0
48447000,1.38701,1.38701,1.38701,1.38701,0,1.38711,1.38711,1.38711,1.38711,0
48458000,1.38702,1.38702,1.38702,1.38702,0,1.38713,1.38713,1.38713,1.38713,0
48466000,1.38703,1.38703,1.38703,1.38703,0,1.38713,1.38713,1.38713,1.38713,0
48469000,1.38702,1.38702,1.38702,1.38702,0,1.38714,1.38714,1.38714,1.38714,0
48470000,1.38702,1.38704,1.38702,1.38704,0,1.38715,1.38717,1.38715,1.38716,0
48483000,1.38706,1.38706,1.38705,1.38705,0,1.38715,1.38716,1.38715,1.38716,0
48491000,1.38706,1.38706,1.38705,1.38705,0,1.38716,1.38717,1.38716,1.38717,0
48492000,1.38706,1.38707,1.38706,1.38707,0,1.38717,1.38717,1.38717,1.38717,0
48496000,1.38709,1.38711,1.38709,1.38711,0,1.38719,1.38722,1.38719,1.38722,0
48498000,1.38714,1.38714,1.38713,1.38713,0,1.38722,1.38723,1.38722,1.38723,0
48499000,1.38715,1.38715,1.38715,1.38715,0,1.38725,1.38725,1.38725,1.38725,0
48500000,1.38716,1.38716,1.38716,1.38716,0,1.38727,1.38727,1.38727,1.38727,0
48502000,1.38718,1.38720,1.38715,1.38715,0,1.38729,1.38731,1.38729,1.38729,0
48503000,1.38716,1.38716,1.38716,1.38716,0,1.38726,1.38726,1.38726,1.38726,0
48505000,1.38717,1.38717,1.38717,1.38717,0,1.38728,1.38728,1.38728,1.38728,0
48513000,1.38716,1.38716,1.38716,1.38716,0,1.38726,1.38726,1.38726,1.38726,0
48516000,1.38717,1.38721,1.38717,1.38721,0,1.38728,1.38732,1.38728,1.38732,0
48519000,1.38723,1.38723,1.38723,1.38723,0,1.38732,1.38732,1.38732,1.38732,0
48520000,1.38722,1.38722,1.38722,1.38722,0,1.38733,1.38733,1.38733,1.38733,0
48530000,1.38720,1.38720,1.38720,1.38720,0,1.38730,1.38730,1.38730,1.38730,0
48531000,1.38719,1.38721,1.38719,1.38721,0,1.38730,1.38732,1.38730,1.38732,0
48532000,1.38720,1.38720,1.38720,1.38720,0,1.38730,1.38730,1.38730,1.38730,0
48534000,1.38719,1.38719,1.38719,1.38719,0,1.38731,1.38731,1.38731,1.38731,0
48535000,1.38719,1.38719,1.38719,1.38719,0,1.38730,1.38731,1.38730,1.38730,0
48536000,1.38721,1.38722,1.38721,1.38722,0,1.38732,1.38732,1.38731,1.38731,0
48537000,1.38721,1.38721,1.38721,1.38721,0,1.38732,1.38732,1.38731,1.38731,0
48539000,1.38721,1.38721,1.38721,1.38721,0,1.38732,1.38732,1.38732,1.38732,0
48540000,1.38721,1.38721,1.38721,1.38721,0,1.38730,1.38730,1.38730,1.38730,0
48541000,1.38719,1.38721,1.38718,1.38721,0,1.38728,1.38731,1.38728,1.38731,0
48544000,1.38721,1.38725,1.38721,1.38725,0,1.38732,1.38735,1.38732,1.38735,0
48545000,1.38724,1.38724,1.38724,1.38724,0,1.38736,1.38736,1.38736,1.38736,0
48546000,1.38724,1.38724,1.38724,1.38724,0,1.38734,1.38734,1.38734,1.38734,0
48558000,1.38725,1.38725,1.38725,1.38725,0,1.38737,1.38737,1.38736,1.38736,0
48570000,1.38725,1.38725,1.38725,1.38725,0,1.38737,1.38737,1.38737,1.38737,0
48571000,1.38727,1.38727,1.38727,1.38727,0,1.38737,1.38737,1.38737,1.38737,0
48604000,1.38727,1.38727,1.38727,1.38727,0,1.38736,1.38736,1.38736,1.38736,0
48610000,1.38726,1.38726,1.38726,1.38726,0,1.38737,1.38737,1.38737,1.38737,0
48611000,1.38727,1.38727,1.38727,1.38727,0,1.38736,1.38736,1.38736,1.38736,0
48615000,1.38725,1.38725,1.38721,1.38721,0,1.38736,1.38736,1.38733,1.38733,0
48616000,1.38723,1.38723,1.38723,1.38723,0,1.38733,1.38733,1.38733,1.38733,0
48618000,1.38721,1.38721,1.38716,1.38717,0,1.38731,1.38731,1.38727,1.38729,0
48621000,1.38714,1.38714,1.38714,1.38714,0,1.38726,1.38726,1.38726,1.38726,0
48622000,1.38713,1.38713,1.38713,1.38713,0,1.38723,1.38724,1.38723,1.38724,0
48623000,1.38714,1.38714,1.38713,1.38714,0,1.38723,1.38724,1.38723,1.38723,0
48624000,1.38713,1.38714,1.38712,1.38713,0,1.38724,1.38724,1.38723,1.38723,0
48631000,1.38713,1.38714,1.38713,1.38714,0,1.38725,1.38725,1.38725,1.38725,0
48640000,1.38716,1.38716,1.38716,1.38716,0,1.38726,1.38726,1.38726,1.38726,0
48651000,1.38714,1.38714,1.38712,1.38713,0,1.38724,1.38724,1.38724,1.38724,0
48675000,1.38712,1.38712,1.38712,1.38712,0,1.38725,1.38725,1.38724,1.38724,0
48676000,1.38713,1.38713,1.38713,1.38713,0,1.38723,1.38723,1.38723,1.38723,0
48677000,1.38711,1.38711,1.38704,1.38704,0,1.38723,1.38723,1.38717,1.38717,0
48678000,1.38704,1.38704,1.38704,1.38704,0,1.38716,1.38716,1.38716,1.38716,0
48679000,1.38704,1.38704,1.38704,1.38704,0,1.38713,1.38714,1.38713,1.38714,0
48686000,1.38702,1.38702,1.38702,1.38702,0,1.38712,1.38712,1.38712,1.38712,0
48696000,1.38704,1.38706,1.38703,1.38706,0,1.38714,1.38716,1.38714,1.38716,0
48703000,1.38705,1.38705,1.38705,1.38705,0,1.38717,1.38717,1.38717,1.38717,0
48707000,1.38706,1.38706,1.38706,1.38706,0,1.38716,1.38716,1.38716,1.38716,0
48708000,1.38707,1.38707,1.38707,1.38707,0,1.38716,1.38716,1.38716,1.38716,0
48711000,1.38706,1.38709,1.38706,1.38709,0,1.38716,1.38721,1.38716,1.38721,0
48712000,1.38709,1.38709,1.38709,1.38709,0,1.38720,1.38720,1.38720,1.38720,0
48719000,1.38706,1.38706,1.38706,1.38706,0,1.38717,1.38717,1.38716,1.38716,0
48721000,1.38706,1.38706,1.38706,1.38706,0,1.38718,1.38718,1.38718,1.38718,0
48722000,1.38707,1.38707,1.38707,1.38707,0,1.38717,1.38717,1.38717,1.38717,0
48726000,1.38706,1.38706,1.38706,1.38706,0,1.38718,1.38718,1.38718,1.38718,0
48727000,1.38706,1.38706,1.38706,1.38706,0,1.38717,1.38717,1.38717,1.38717,0
48730000,1.38707,1.38707,1.38707,1.38707,0,1.38716,1.38716,1.38716,1.38716,0
48732000,1.38707,1.38707,1.38707,1.38707,0,1.38717,1.38717,1.38717,1.38717,0
48741000,1.38707,1.38707,1.38707,1.38707,0,1.38716,1.38717,1.38716,1.38717,0
48754000,1.38707,1.38707,1.38707,1.38707,0,1.38718,1.38718,1.38718,1.38718,0
48756000,1.38708,1.38708,1.38708,1.38708,0,1.38717,1.38717,1.38717,1.38717,0
48757000,1.38708,1.38708,1.38705,1.38705,0,1.38718,1.38718,1.38716,1.38717,0
48761000,1.38705,1.38705,1.38705,1.38705,0,1.38716,1.38716,1.38716,1.38716,0
48769000,1.38703,1.38704,1.38703,1.38704,0,1.38715,1.38715,1.38715,1.38715,0
48771000,1.38704,1.38704,1.38704,1.38704,0,1.38714,1.38715,1.38714,1.38715,0
48772000,1.38705,1.38705,1.38705,1.38705,0,1.38714,1.38714,1.38714,1.38714,0
48782000,1.38705,1.38705,1.38705,1.38705,0,1.38716,1.38716,1.38716,1.38716,0
48788000,1.38705,1.38705,1.38705,1.38705,0,1.38714,1.38714,1.38714,1.38714,0
48792000,1.38702,1.38702,1.38702,1.38702,0,1.38714,1.38714,1.38714,1.38714,0
48793000,1.38704,1.38704,1.38702,1.38703,0,1.38713,1.38714,1.38713,1.38714,0
48794000,1.38704,1.38704,1.38704,1.38704,0,1.38713,1.38713,1.38713,1.38713,0
48822000,1.38704,1.38706,1.38704,1.38706,0,1.38715,1.38717,1.38715,1.38717,0
48823000,1.38706,1.38706,1.38706,1.38706,0,1.38716,1.38716,1.38716,1.38716,0
48856000,1.38708,1.38708,1.38708,1.38708,0,1.38717,1.38717,1.38717,1.38717,0
48857000,1.38708,1.38714,1.38707,1.38712,0,1.38716,1.38725,1.38716,1.38723,0
48863000,1.38711,1.38711,1.38711,1.38711,0,1.38721,1.38721,1.38721,1.38721,0
48871000,1.38709,1.38709,1.38709,1.38709,0,1.38719,1.38719,1.38719,1.38719,0
48872000,1.38707,1.38707,1.38707,1.38707,0,1.38719,1.38719,1.38719,1.38719,0
48873000,1.38709,1.38709,1.38709,1.38709,0,1.38718,1.38718,1.38718,1.38718,0
48887000,1.38708,1.38708,1.38708,1.38708,0,1.38720,1.38720,1.38720,1.38720,0
48888000,1.38709,1.38709,1.38704,1.38704,0,1.38718,1.38718,1.38714,1.38714,0
48890000,1.38704,1.38704,1.38704,1.38704,0,1.38716,1.38716,1.38716,1.38716,0
48892000,1.38706,1.38706,1.38706,1.38706,0,1.38716,1.38716,1.38716,1.38716,0
48894000,1.38706,1.38706,1.38706,1.38706,0,1.38718,1.38718,1.38716,1.38716,0
48897000,1.38706,1.38709,1.38706,1.38709,0,1.38717,1.38720,1.38717,1.38720,0
48898000,1.38709,1.38709,1.38707,1.38707,0,1.38718,1.38718,1.38718,1.38718,0
48900000,1.38707,1.38710,1.38707,1.38710,0,1.38717,1.38721,1.38717,1.38720,0
48904000,1.38711,1.38711,1.38710,1.38710,0,1.38720,1.38720,1.38720,1.38720,0
48905000,1.38711,1.38711,1.38710,1.38710,0,1.38720,1.38722,1.38720,1.38720,0
48907000,1.38711,1.38711,1.38710,1.38711,0,1.38720,1.38721,1.38720,1.38721,0
48908000,1.38710,1.38710,1.38710,1.38710,0,1.38721,1.38721,1.38721,1.38721,0
48913000,1.38711,1.38711,1.38711,1.38711,0,1.38721,1.38721,1.38721,1.38721,0
48952000,1.38711,1.38711,1.38711,1.38711,0,1.38720,1.38720,1.38720,1.38720,0
48961000,1.38710,1.38710,1.38710,1.38710,0,1.38720,1.38720,1.38720,1.38720,0
48967000,1.38711,1.38711,1.38711,1.38711,0,1.38720,1.38720,1.38720,1.38720,0
48969000,1.38711,1.38711,1.38711,1.38711,0,1.38719,1.38719,1.38719,1.38719,0
48971000,1.38710,1.38710,1.38708,1.38708,0,1.38720,1.38720,1.38718,1.38718,0
48973000,1.38710,1.38710,1.38710,1.38710,0,1.38720,1.38720,1.38720,1.38720,0
48985000,1.38710,1.38710,1.38710,1.38710,0,1.38721,1.38721,1.38721,1.38721,0
48987000,1.38710,1.38710,1.38710,1.38710,0,1.38720,1.38720,1.38720,1.38720,0
48990000,1.38710,1.38712,1.38710,1.38712,0,1.38721,1.38723,1.38721,1.38723,0
48991000,1.38710,1.38710,1.38710,1.38710,0,1.38721,1.38721,1.38721,1.38721,0
48992000,1.38711,1.38711,1.38711,1.38711,0,1.38721,1.38721,1.38721,1.38721,0
49001000,1.38712,1.38712,1.38712,1.38712,0,1.38723,1.38723,1.38723,1.38723,0
49003000,1.38713,1.38713,1.38713,1.38713,0,1.38722,1.38722,1.38722,1.38722,0
49009000,1.38711,1.38711,1.38711,1.38711,0,1.38723,1.38723,1.38723,1.38723,0
49021000,1.38712,1.38712,1.38712,1.38712,0,1.38722,1.38722,1.38722,1.38722,0
49029000,1.38712,1.38712,1.38712,1.38712,0,1.38723,1.38723,1.38723,1.38723,0
49030000,1.38713,1.38713,1.38713,1.38713,0,1.38722,1.38724,1.38722,1.38724,0
49034000,1.38711,1.38711,1.38708,1.38708,0,1.38722,1.38722,1.38721,1.38721,0
49035000,1.38710,1.38710,1.38710,1.38710,0,1.38721,1.38721,1.38721,1.38721,0
49044000,1.38712,1.38712,1.38712,1.38712,0,1.38723,1.38723,1.38723,1.38723,0
49046000,1.38712,1.38713,1.38712,1.38713,0,1.38724,1.38724,1.38724,1.38724,0
49051000,1.38714,1.38714,1.38714,1.38714,0,1.38723,1.38724,1.38723,1.38724,0
49053000,1.38712,1.38712,1.38712,1.38712,0,1.38722,1.38722,1.38722,1.38722,0
49066000,1.38713,1.38713,1.38713,1.38713,0,1.38721,1.38721,1.38721,1.38721,0
49071000,1.38712,1.38712,1.38712,1.38712,0,1.38722,1.38722,1.38722,1.38722,0
49073000,1.38713,1.38713,1.38713,1.38713,0,1.38722,1.38722,1.38722,1.38722,0
49075000,1.38712,1.38712,1.38712,1.38712,0,1.38723,1.38723,1.38723,1.38723,0
49080000,1.38712,1.38712,1.38712,1.38712,0,1.38722,1.38722,1.38722,1.38722,0
49082000,1.38712,1.38713,1.38712,1.38713,0,1.38723,1.38723,1.38721,1.38721,0
49083000,1.38712,1.38712,1.38712,1.38712,0,1.38722,1.38722,1.38722,1.38722,0
49132000,1.38710,1.38710,1.38710,1.38710,0,1.38721,1.38721,1.38721,1.38721,0
49137000,1.38711,1.38711,1.38709,1.38710,0,1.38720,1.38721,1.38719,1.38719,0
49147000,1.38709,1.38709,1.38709,1.38709,0,1.38720,1.38720,1.38720,1.38720,0
49149000,1.38710,1.38710,1.38710,1.38710,0,1.38719,1.38719,1.38719,1.38719,0
49159000,1.38709,1.38709,1.38709,1.38709,0,1.38720,1.38720,1.38720,1.38720,0
49160000,1.38710,1.38710,1.38710,1.38710,0,1.38719,1.38719,1.38719,1.38719,0
49162000,1.38709,1.38709,1.38709,1.38709,0,1.38719,1.38719,1.38719,1.38719,0
49167000,1.38711,1.38711,1.38711,1.38711,0,1.38721,1.38721,1.38721,1.38721,0
49170000,1.38712,1.38712,1.38712,1.38712,0,1.38720,1.38720,1.38720,1.38720,0
49171000,1.38710,1.38710,1.38710,1.38710,0,1.38720,1.38720,1.38720,1.38720,0
49176000,1.38712,1.38713,1.38712,1.38713,0,1.38720,1.38723,1.38720,1.38723,0
49177000,1.38714,1.38714,1.38714,1.38714,0,1.38722,1.38722,1.38722,1.38722,0
49178000,1.38715,1.38715,1.38715,1.38715,0,1.38724,1.38724,1.38723,1.38723,0
49180000,1.38713,1.38713,1.38712,1.38712,0,1.38723,1.38723,1.38722,1.38722,0
49206000,1.38713,1.38713,1.38711,1.38711,0,1.38722,1.38723,1.38720,1.38720,0
49214000,1.38710,1.38710,1.38710,1.38710,0,1.38720,1.38720,1.38720,1.38720,0
49220000,1.38710,1.38710,1.38710,1.38710,0,1.38719,1.38719,1.38719,1.38719,0
49223000,1.38710,1.38710,1.38710,1.38710,0,1.38720,1.38720,1.38720,1.38720,0
49229000,1.38710,1.38711,1.38710,1.38711,0,1.38722,1.38722,1.38721,1.38721,0
49230000,1.38710,1.38710,1.38710,1.38710,0,1.38722,1.38722,1.38722,1.38722,0
49231000,1.38711,1.38711,1.38711,1.38711,0,1.38722,1.38722,1.38722,1.38722,0
49232000,1.38713,1.38713,1.38712,1.38712,0,1.38722,1.38722,1.38722,1.38722,0
49238000,1.38713,1.38713,1.38713,1.38713,0,1.38722,1.38722,1.38722,1.38722,0
49242000,1.38712,1.38712,1.38712,1.38712,0,1.38723,1.38723,1.38723,1.38723,0
49248000,1.38712,1.38712,1.38712,1.38712,0,1.38722,1.38722,1.38722,1.38722,0
49249000,1.38711,1.38711,1.38711,1.38711,0,1.38723,1.38723,1.38723,1.38723,0
49250000,1.38712,1.38712,1.38712,1.38712,0,1.38722,1.38722,1.38722,1.38722,0
49253000,1.38711,1.38711,1.38711,1.38711,0,1.38723,1.38723,1.38723,1.38723,0
49256000,1.38711,1.38711,1.38711,1.38711,0,1.38722,1.38722,1.38722,1.38722,0
49260000,1.38711,1.38712,1.38711,1.38711,0,1.38723,1.38723,1.38720,1.38721,0
49264000,1.38710,1.38711,1.38710,1.38711,0,1.38722,1.38722,1.38721,1.38721,0
49282000,1.38709,1.38709,1.38706,1.38706,0,1.38720,1.38720,1.38717,1.38717,0
49296000,1.38706,1.38706,1.38706,1.38706,0,1.38718,1.38718,1.38718,1.38718,0
49311000,1.38707,1.38707,1.38707,1.38707,0,1.38717,1.38717,1.38717,1.38717,0
49314000,1.38706,1.38707,1.38706,1.38707,0,1.38718,1.38718,1.38717,1.38717,0
49318000,1.38706,1.38707,1.38706,1.38707,0,1.38718,1.38718,1.38718,1.38718,0
49320000,1.38705,1.38705,1.38705,1.38705,0,1.38716,1.38716,1.38716,1.38716,0
49321000,1.38707,1.38707,1.38707,1.38707,0,1.38718,1.38718,1.38717,1.38717,0
49322000,1.38707,1.38707,1.38707,1.38707,0,1.38718,1.38718,1.38718,1.38718,0
49327000,1.38706,1.38706,1.38706,1.38706,0,1.38716,1.38717,1.38716,1.38717,0
49328000,1.38704,1.38704,1.38704,1.38704,0,1.38714,1.38714,1.38714,1.38714,0
49332000,1.38704,1.38704,1.38704,1.38704,0,1.38713,1.38713,1.38713,1.38713,0
49333000,1.38704,1.38704,1.38704,1.38704,0,1.38715,1.38715,1.38715,1.38715,0
49335000,1.38705,1.38705,1.38705,1.38705,0,1.38714,1.38714,1.38714,1.38714,0
49338000,1.38704,1.38704,1.38704,1.38704,0,1.38715,1.38715,1.38715,1.38715,0
49342000,1.38702,1.38703,1.38702,1.38703,0,1.38713,1.38714,1.38713,1.38713,0
49348000,1.38701,1.38701,1.38701,1.38701,0,1.38711,1.38711,1.38711,1.38711,0
49354000,1.38703,1.38703,1.38701,1.38701,0,1.38712,1.38712,1.38712,1.38712,0
49365000,1.38699,1.38699,1.38698,1.38698,0,1.38708,1.38709,1.38708,1.38709,0
49376000,1.38699,1.38699,1.38699,1.38699,0,1.38708,1.38708,1.38708,1.38708,0
49378000,1.38699,1.38699,1.38699,1.38699,0,1.38710,1.38710,1.38710,1.38710,0
49380000,1.38700,1.38700,1.38700,1.38700,0,1.38710,1.38710,1.38710,1.38710,0
49381000,1.38699,1.38699,1.38699,1.38699,0,1.38710,1.38710,1.38710,1.38710,0
49382000,1.38699,1.38699,1.38699,1.38699,0,1.38709,1.38709,1.38709,1.38709,0
49388000,1.38699,1.38700,1.38699,1.38700,0,1.38710,1.38710,1.38709,1.38709,0
49389000,1.38698,1.38698,1.38697,1.38697,0,1.38708,1.38709,1.38708,1.38709,0
49391000,1.38698,1.38698,1.38698,1.38698,0,1.38709,1.38709,1.38709,1.38709,0
49392000,1.38699,1.38699,1.38699,1.38699,0,1.38708,1.38708,1.38708,1.38708,0
49403000,1.38701,1.38701,1.38700,1.38701,0,1.38710,1.38711,1.38710,1.38711,0
49405000,1.38700,1.38700,1.38700,1.38700,0,1.38711,1.38711,1.38711,1.38711,0
49407000,1.38701,1.38701,1.38701,1.38701,0,1.38711,1.38711,1.38711,1.38711,0
49410000,1.38700,1.38700,1.38700,1.38700,0,1.38711,1.38711,1.38711,1.38711,0
49424000,1.38701,1.38701,1.38701,1.38701,0,1.38711,1.38711,1.38711,1.38711,0
49425000,1.38702,1.38702,1.38702,1.38702,0,1.38710,1.38710,1.38710,1.38710,0
49430000,1.38702,1.38702,1.38702,1.38702,0,1.38711,1.38711,1.38711,1.38711,0
49440000,1.38700,1.38700,1.38697,1.38697,0,1.38711,1.38711,1.38709,1.38709,0
49441000,1.38698,1.38698,1.38698,1.38698,0,1.38708,1.38708,1.38707,1.38707,0
49443000,1.38698,1.38698,1.38698,1.38698,0,1.38709,1.38709,1.38709,1.38709,0
49444000,1.38701,1.38701,1.38701,1.38701,0,1.38711,1.38711,1.38711,1.38711,0
49445000,1.38700,1.38700,1.38700,1.38700,0,1.38712,1.38712,1.38712,1.38712,0
49447000,1.38701,1.38701,1.38699,1.38699,0,1.38711,1.38711,1.38711,1.38711,0
49451000,1.38698,1.38698,1.38690,1.38690,0,1.38709,1.38709,1.38704,1.38704,0
49452000,1.38691,1.38693,1.38691,1.38693,0,1.38704,1.38704,1.38703,1.38703,0
49454000,1.38694,1.38694,1.38693,1.38693,0,1.38702,1.38703,1.38702,1.38703,0
49455000,1.38695,1.38698,1.38695,1.38698,0,1.38705,1.38711,1.38705,1.38711,0
49456000,1.38698,1.38700,1.38698,1.38700,0,1.38710,1.38710,1.38710,1.38710,0
49474000,1.38699,1.38699,1.38699,1.38699,0,1.38711,1.38711,1.38711,1.38711,0
49475000,1.38700,1.38700,1.38700,1.38700,0,1.38710,1.38711,1.38710,1.38711,0
49477000,1.38699,1.38699,1.38699,1.38699,0,1.38711,1.38711,1.38711,1.38711,0
49478000,1.38696,1.38697,1.38696,1.38697,0,1.38708,1.38708,1.38707,1.38707,0
49480000,1.38696,1.38696,1.38696,1.38696,0,1.38707,1.38707,1.38707,1.38707,0
49482000,1.38697,1.38697,1.38695,1.38696,0,1.38707,1.38708,1.38705,1.38706,0
49487000,1.38695,1.38695,1.38695,1.38695,0,1.38706,1.38706,1.38706,1.38706,0
49490000,1.38695,1.38695,1.38695,1.38695,0,1.38708,1.38708,1.38708,1.38708,0
49491000,1.38691,1.38691,1.38691,1.38691,0,1.38706,1.38706,1.38706,1.38706,0
49492000,1.38693,1.38693,1.38689,1.38689,0,1.38706,1.38708,1.38706,1.38708,0
49493000,1.38691,1.38691,1.38690,1.38690,0,1.38707,1.38707,1.38705,1.38706,0
49495000,1.38693,1.38693,1.38692,1.38692,0,1.38708,1.38708,1.38706,1.38706,0
49496000,1.38693,1.38693,1.38693,1.38693,0,1.38705,1.38705,1.38705,1.38705,0
49497000,1.38692,1.38692,1.38692,1.38692,0,1.38706,1.38706,1.38706,1.38706,0
49501000,1.38692,1.38692,1.38690,1.38690,0,1.38705,1.38705,1.38703,1.38703,0
49502000,1.38692,1.38692,1.38690,1.38691,0,1.38702,1.38704,1.38702,1.38703,0
49503000,1.38691,1.38691,1.38691,1.38691,0,1.38702,1.38704,1.38702,1.38704,0
49504000,1.38691,1.38691,1.38691,1.38691,0,1.38702,1.38702,1.38702,1.38702,0
49510000,1.38692,1.38692,1.38692,1.38692,0,1.38701,1.38701,1.38701,1.38701,0
49541000,1.38692,1.38693,1.38692,1.38693,0,1.38703,1.38703,1.38702,1.38702,0
49542000,1.38692,1.38692,1.38692,1.38692,0,1.38703,1.38703,1.38703,1.38703,0
49545000,1.38692,1.38692,1.38692,1.38692,0,1.38701,1.38701,1.38701,1.38701,0
49560000,1.38689,1.38689,1.38689,1.38689,0,1.38699,1.38699,1.38699,1.38699,0
49563000,1.38689,1.38689,1.38689,1.38689,0,1.38700,1.38700,1.38700,1.38700,0
49565000,1.38689,1.38689,1.38687,1.38687,0,1.38699,1.38699,1.38697,1.38697,0
49566000,1.38688,1.38688,1.38688,1.38688,0,1.38699,1.38699,1.38699,1.38699,0
49568000,1.38689,1.38689,1.38682,1.38684,0,1.38698,1.38699,1.38695,1.38695,0
49569000,1.38683,1.38687,1.38683,1.38687,0,1.38696,1.38700,1.38696,1.38700,0
49570000,1.38689,1.38690,1.38689,1.38690,0,1.38699,1.38699,1.38699,1.38699,0
49571000,1.38688,1.38688,1.38688,1.38688,0,1.38699,1.38699,1.38699,1.38699,0
49574000,1.38690,1.38690,1.38690,1.38690,0,1.38701,1.38701,1.38701,1.38701,0
49588000,1.38692,1.38696,1.38692,1.38696,0,1.38704,1.38708,1.38704,1.38708,0
49589000,1.38697,1.38697,1.38697,1.38697,0,1.38707,1.38707,1.38707,1.38707,0
49591000,1.38699,1.38699,1.38699,1.38699,0,1.38710,1.38710,1.38710,1.38710,0
49595000,1.38702,1.38702,1.38702,1.38702,0,1.38712,1.38712,1.38712,1.38712,0
49606000,1.38700,1.38701,1.38700,1.38701,0,1.38711,1.38711,1.38711,1.38711,0
49609000,1.38700,1.38700,1.38700,1.38700,0,1.38712,1.38712,1.38712,1.38712,0
49615000,1.38701,1.38701,1.38700,1.38700,0,1.38710,1.38711,1.38710,1.38711,0
49617000,1.38701,1.38701,1.38701,1.38701,0,1.38710,1.38710,1.38710,1.38710,0
49620000,1.38699,1.38699,1.38699,1.38699,0,1.38710,1.38710,1.38709,1.38709,0
49621000,1.38700,1.38700,1.38700,1.38700,0,1.38709,1.38709,1.38709,1.38709,0
49622000,1.38700,1.38700,1.38695,1.38697,0,1.38710,1.38710,1.38707,1.38707,0
49624000,1.38700,1.38700,1.38699,1.38699,0,1.38710,1.38711,1.38710,1.38711,0
49625000,1.38700,1.38701,1.38700,1.38701,0,1.38711,1.38711,1.38711,1.38711,0
49637000,1.38700,1.38700,1.38699,1.38699,0,1.38711,1.38711,1.38709,1.38709,0
49650000,1.38697,1.38698,1.38697,1.38698,0,1.38708,1.38708,1.38707,1.38707,0
49651000,1.38698,1.38698,1.38698,1.38698,0,1.38708,1.38708,1.38708,1.38708,0
49656000,1.38698,1.38698,1.38698,1.38698,0,1.38706,1.38706,1.38706,1.38706,0
49657000,1.38697,1.38698,1.38695,1.38695,0,1.38707,1.38708,1.38706,1.38706,0
49658000,1.38696,1.38696,1.38695,1.38695,0,1.38705,1.38706,1.38705,1.38706,0
49659000,1.38695,1.38695,1.38695,1.38695,0,1.38705,1.38705,1.38705,1.38705,0
49661000,1.38693,1.38693,1.38693,1.38693,0,1.38705,1.38705,1.38705,1.38705,0
49662000,1.38694,1.38694,1.38694,1.38694,0,1.38704,1.38704,1.38704,1.38704,0
49665000,1.38693,1.38693,1.38693,1.38693,0,1.38704,1.38704,1.38704,1.38704,0
49668000,1.38693,1.38693,1.38693,1.38693,0,1.38702,1.38702,1.38702,1.38702,0
49675000,1.38696,1.38696,1.38695,1.38696,0,1.38705,1.38706,1.38705,1.38706,0
49676000,1.38696,1.38696,1.38694,1.38694,0,1.38707,1.38707,1.38704,1.38706,0
49677000,1.38694,1.38695,1.38694,1.38695,0,1.38705,1.38705,1.38704,1.38704,0
49681000,1.38693,1.38693,1.38693,1.38693,0,1.38704,1.38704,1.38704,1.38704,0
49682000,1.38693,1.38693,1.38693,1.38693,0,1.38703,1.38703,1.38703,1.38703,0
49686000,1.38694,1.38695,1.38694,1.38695,0,1.38703,1.38705,1.38703,1.38705,0
49687000,1.38695,1.38698,1.38695,1.38698,0,1.38706,1.38709,1.38706,1.38707,0
49688000,1.38697,1.38702,1.38697,1.38702,0,1.38707,1.38716,1.38707,1.38716,0
49689000,1.38701,1.38704,1.38701,1.38704,0,1.38714,1.38714,1.38714,1.38714,0
49690000,1.38704,1.38704,1.38704,1.38704,0,1.38715,1.38715,1.38715,1.38715,0
49692000,1.38704,1.38704,1.38703,1.38703,0,1.38714,1.38714,1.38712,1.38712,0
49693000,1.38702,1.38704,1.38702,1.38704,0,1.38713,1.38715,1.38713,1.38715,0
49694000,1.38705,1.38707,1.38705,1.38707,0,1.38714,1.38716,1.38714,1.38716,0
49696000,1.38705,1.38705,1.38705,1.38705,0,1.38717,1.38717,1.38715,1.38715,0
49699000,1.38705,1.38705,1.38705,1.38705,0,1.38717,1.38717,1.38717,1.38717,0
49701000,1.38706,1.38706,1.38706,1.38706,0,1.38716,1.38716,1.38716,1.38716,0
49702000,1.38705,1.38705,1.38705,1.38705,0,1.38717,1.38717,1.38717,1.38717,0
49704000,1.38706,1.38711,1.38706,1.38711,0,1.38717,1.38722,1.38716,1.38722,0
49721000,1.38713,1.38715,1.38713,1.38715,0,1.38724,1.38725,1.38724,1.38724,0
49725000,1.38714,1.38714,1.38714,1.38714,0,1.38725,1.38725,1.38725,1.38725,0
49728000,1.38714,1.38714,1.38714,1.38714,0,1.38724,1.38724,1.38724,1.38724,0
49730000,1.38712,1.38712,1.38710,1.38710,0,1.38725,1.38725,1.38721,1.38723,0
49731000,1.38710,1.38710,1.38704,1.38707,0,1.38722,1.38722,1.38717,1.38717,0
49732000,1.38707,1.38709,1.38706,1.38709,0,1.38715,1.38721,1.38715,1.38720,0
49737000,1.38709,1.38709,1.38707,1.38708,0,1.38721,1.38721,1.38719,1.38720,0
49739000,1.38709,1.38709,1.38709,1.38709,0,1.38719,1.38719,1.38719,1.38719,0
49741000,1.38709,1.38709,1.38709,1.38709,0,1.38721,1.38721,1.38720,1.38720,0
49742000,1.38710,1.38710,1.38710,1.38710,0,1.38719,1.38719,1.38719,1.38719,0
49743000,1.38710,1.38711,1.38710,1.38711,0,1.38721,1.38721,1.38720,1.38720,0
49749000,1.38712,1.38712,1.38712,1.38712,0,1.38722,1.38724,1.38722,1.38724,0
49752000,1.38713,1.38713,1.38713,1.38713,0,1.38722,1.38722,1.38722,1.38722,0
49754000,1.38711,1.38711,1.38710,1.38710,0,1.38722,1.38723,1.38722,1.38723,0
49755000,1.38711,1.38711,1.38711,1.38711,0,1.38721,1.38721,1.38721,1.38721,0
49778000,1.38711,1.38711,1.38711,1.38711,0,1.38720,1.38720,1.38720,1.38720,0
49779000,1.38709,1.38709,1.38708,1.38708,0,1.38721,1.38722,1.38721,1.38722,0
49780000,1.38709,1.38709,1.38709,1.38709,0,1.38720,1.38720,1.38720,1.38720,0
49781000,1.38709,1.38709,1.38709,1.38709,0,1.38719,1.38719,1.38719,1.38719,0
49783000,1.38707,1.38708,1.38707,1.38707,0,1.38718,1.38718,1.38718,1.38718,0
49784000,1.38708,1.38708,1.38708,1.38708,0,1.38718,1.38718,1.38718,1.38718,0
49785000,1.38708,1.38708,1.38708,1.38708,0,1.38717,1.38717,1.38717,1.38717,0
49791000,1.38707,1.38707,1.38701,1.38701,0,1.38718,1.38718,1.38713,1.38713,0
49792000,1.38701,1.38701,1.38701,1.38701,0,1.38715,1.38715,1.38713,1.38713,0
49794000,1.38701,1.38701,1.38701,1.38701,0,1.38712,1.38713,1.38712,1.38713,0
49795000,1.38701,1.38701,1.38701,1.38701,0,1.38712,1.38712,1.38712,1.38712,0
49796000,1.38703,1.38703,1.38703,1.38703,0,1.38712,1.38712,1.38712,1.38712,0
49797000,1.38702,1.38702,1.38702,1.38702,0,1.38713,1.38713,1.38713,1.38713,0
49798000,1.38703,1.38703,1.38702,1.38703,0,1.38712,1.38713,1.38712,1.38712,0
49806000,1.38703,1.38703,1.38703,1.38703,0,1.38714,1.38715,1.38714,1.38715,0
49807000,1.38704,1.38704,1.38704,1.38704,0,1.38714,1.38714,1.38714,1.38714,0
49808000,1.38702,1.38702,1.38702,1.38702,0,1.38714,1.38714,1.38714,1.38714,0
49814000,1.38703,1.38703,1.38703,1.38703,0,1.38714,1.38714,1.38714,1.38714,0
49818000,1.38702,1.38702,1.38702,1.38702,0,1.38714,1.38714,1.38714,1.38714,0
49832000,1.38702,1.38702,1.38702,1.38702,0,1.38713,1.38713,1.38713,1.38713,0
49834000,1.38703,1.38703,1.38703,1.38703,0,1.38712,1.38712,1.38712,1.38712,0
49836000,1.38701,1.38701,1.38701,1.38701,0,1.38714,1.38714,1.38714,1.38714,0
49837000,1.38703,1.38703,1.38703,1.38703,0,1.38713,1.38713,1.38713,1.38713,0
49847000,1.38703,1.38703,1.38703,1.38703,0,1.38712,1.38712,1.38712,1.38712,0
49849000,1.38702,1.38706,1.38702,1.38706,0,1.38714,1.38719,1.38714,1.38719,0
49850000,1.38707,1.38707,1.38705,1.38705,0,1.38718,1.38719,1.38718,1.38719,0
49851000,1.38705,1.38705,1.38705,1.38705,0,1.38717,1.38717,1.38717,1.38717,0
49855000,1.38706,1.38706,1.38704,1.38706,0,1.38716,1.38719,1.38716,1.38719,0
49856000,1.38706,1.38706,1.38704,1.38704,0,1.38717,1.38717,1.38714,1.38714,0
49863000,1.38702,1.38702,1.38702,1.38702,0,1.38712,1.38712,1.38712,1.38712,0
49864000,1.38700,1.38700,1.38700,1.38700,0,1.38710,1.38710,1.38710,1.38710,0
49866000,1.38699,1.38699,1.38699,1.38699,0,1.38710,1.38710,1.38710,1.38710,0
49867000,1.38699,1.38699,1.38699,1.38699,0,1.38708,1.38708,1.38708,1.38708,0
49869000,1.38697,1.38699,1.38697,1.38699,0,1.38709,1.38709,1.38709,1.38709,0
49870000,1.38699,1.38701,1.38699,1.38701,0,1.38710,1.38715,1.38710,1.38713,0
49877000,1.38703,1.38703,1.38703,1.38703,0,1.38713,1.38713,1.38713,1.38713,0
49880000,1.38702,1.38702,1.38702,1.38702,0,1.38713,1.38713,1.38713,1.38713,0
49883000,1.38704,1.38706,1.38704,1.38706,0,1.38715,1.38715,1.38715,1.38715,0
49888000,1.38707,1.38707,1.38707,1.38707,0,1.38715,1.38715,1.38715,1.38715,0
49889000,1.38706,1.38706,1.38706,1.38706,0,1.38717,1.38717,1.38717,1.38717,0
49893000,1.38705,1.38705,1.38705,1.38705,0,1.38717,1.38717,1.38717,1.38717,0
49907000,1.38706,1.38706,1.38705,1.38706,0,1.38716,1.38717,1.38716,1.38717,0
49909000,1.38707,1.38707,1.38707,1.38707,0,1.38717,1.38718,1.38717,1.38718,0
49911000,1.38707,1.38709,1.38707,1.38709,0,1.38721,1.38721,1.38719,1.38719,0
49912000,1.38707,1.38707,1.38707,1.38707,0,1.38718,1.38718,1.38718,1.38718,0
49916000,1.38706,1.38706,1.38706,1.38706,0,1.38716,1.38718,1.38716,1.38718,0
49919000,1.38705,1.38705,1.38705,1.38705,0,1.38719,1.38719,1.38719,1.38719,0
49923000,1.38706,1.38706,1.38706,1.38706,0,1.38719,1.38719,1.38719,1.38719,0
49927000,1.38707,1.38707,1.38707,1.38707,0,1.38719,1.38719,1.38719,1.38719,0
49928000,1.38707,1.38707,1.38707,1.38707,0,1.38717,1.38717,1.38717,1.38717,0
49929000,1.38706,1.38706,1.38706,1.38706,0,1.38718,1.38718,1.38718,1.38718,0
49932000,1.38706,1.38706,1.38706,1.38706,0,1.38717,1.38717,1.38717,1.38717,0
49935000,1.38708,1.38708,1.38708,1.38708,0,1.38717,1.38717,1.38717,1.38717,0
49940000,1.38708,1.38708,1.38708,1.38708,0,1.38719,1.38719,1.38719,1.38719,0
49947000,1.38707,1.38707,1.38707,1.38707,0,1.38719,1.38719,1.38719,1.38719,0
49963000,1.38705,1.38705,1.38705,1.38705,0,1.38717,1.38717,1.38716,1.38717,0
49977000,1.38705,1.38705,1.38705,1.38705,0,1.38716,1.38716,1.38716,1.38716,0
49981000,1.38705,1.38705,1.38705,1.38705,0,1.38717,1.38717,1.38717,1.38717,0
49983000,1.38707,1.38707,1.38707,1.38707,0,1.38719,1.38719,1.38719,1.38719,0
49986000,1.38706,1.38706,1.38706,1.38706,0,1.38719,1.38719,1.38717,1.38717,0
50008000,1.38704,1.38704,1.38704,1.38704,0,1.38715,1.38715,1.38715,1.38715,0
50011000,1.38705,1.38705,1.38705,1.38705,0,1.38714,1.38714,1.38714,1.38714,0
50012000,1.38705,1.38705,1.38704,1.38704,0,1.38715,1.38716,1.38715,1.38716,0
50030000,1.38706,1.38706,1.38703,1.38705,0,1.38716,1.38716,1.38715,1.38716,0
50031000,1.38706,1.38706,1.38706,1.38706,0,1.38716,1.38716,1.38716,1.38716,0
50032000,1.38703,1.38703,1.38703,1.38703,0,1.38713,1.38715,1.38713,1.38714,0
50033000,1.38702,1.38703,1.38702,1.38703,0,1.38715,1.38715,1.38714,1.38714,0
50034000,1.38702,1.38703,1.38702,1.38703,0,1.38714,1.38714,1.38714,1.38714,0
50035000,1.38703,1.38704,1.38703,1.38704,0,1.38715,1.38715,1.38715,1.38715,0
50036000,1.38704,1.38704,1.38704,1.38704,0,1.38714,1.38714,1.38714,1.38714,0
50039000,1.38703,1.38704,1.38703,1.38704,0,1.38715,1.38715,1.38715,1.38715,0
50041000,1.38704,1.38706,1.38704,1.38706,0,1.38714,1.38716,1.38714,1.38716,0
50043000,1.38704,1.38705,1.38704,1.38705,0,1.38718,1.38718,1.38715,1.38715,0
50070000,1.38707,1.38708,1.38703,1.38703,0,1.38718,1.38720,1.38714,1.38714,0
50074000,1.38704,1.38704,1.38704,1.38704,0,1.38714,1.38714,1.38714,1.38714,0
50076000,1.38703,1.38706,1.38703,1.38705,0,1.38715,1.38717,1.38715,1.38717,0
50077000,1.38705,1.38706,1.38705,1.38706,0,1.38716,1.38716,1.38716,1.38716,0
50086000,1.38703,1.38703,1.38703,1.38703,0,1.38713,1.38714,1.38713,1.38714,0
50087000,1.38703,1.38703,1.38703,1.38703,0,1.38713,1.38713,1.38713,1.38713,0
50090000,1.38702,1.38704,1.38702,1.38703,0,1.38714,1.38715,1.38714,1.38715,0
50097000,1.38705,1.38705,1.38703,1.38703,0,1.38716,1.38716,1.38715,1.38715,0
50100000,1.38703,1.38703,1.38701,1.38702,0,1.38713,1.38713,1.38711,1.38713,0
50105000,1.38703,1.38703,1.38703,1.38703,0,1.38712,1.38712,1.38712,1.38712,0
50106000,1.38702,1.38702,1.38702,1.38702,0,1.38712,1.38712,1.38712,1.38712,0
50109000,1.38700,1.38700,1.38699,1.38699,0,1.38711,1.38711,1.38711,1.38711,0
50110000,1.38700,1.38700,1.38700,1.38700,0,1.38710,1.38710,1.38710,1.38710,0
50111000,1.38701,1.38701,1.38701,1.38701,0,1.38710,1.38710,1.38710,1.38710,0
50113000,1.38701,1.38703,1.38701,1.38703,0,1.38711,1.38713,1.38711,1.38713,0
50115000,1.38701,1.38701,1.38701,1.38701,0,1.38711,1.38711,1.38711,1.38711,0
50158000,1.38701,1.38701,1.38700,1.38701,0,1.38710,1.38711,1.38710,1.38710,0
50159000,1.38700,1.38700,1.38700,1.38700,0,1.38711,1.38711,1.38711,1.38711,0
50163000,1.38701,1.38701,1.38700,1.38700,0,1.38710,1.38711,1.38710,1.38711,0
50173000,1.38700,1.38700,1.38700,1.38700,0,1.38710,1.38710,1.38709,1.38709,0
50176000,1.38700,1.38700,1.38700,1.38700,0,1.38710,1.38710,1.38710,1.38710,0
50192000,1.38699,1.38699,1.38699,1.38699,0,1.38710,1.38710,1.38710,1.38710,0
50193000,1.38699,1.38699,1.38697,1.38697,0,1.38712,1.38712,1.38707,1.38707,0
50194000,1.38695,1.38695,1.38690,1.38690,0,1.38706,1.38707,1.38701,1.38701,0
50197000,1.38690,1.38690,1.38690,1.38690,0,1.38700,1.38700,1.38700,1.38700,0
50199000,1.38690,1.38690,1.38690,1.38690,0,1.38701,1.38701,1.38701,1.38701,0
50205000,1.38690,1.38690,1.38689,1.38689,0,1.38700,1.38701,1.38700,1.38700,0
50206000,1.38689,1.38689,1.38688,1.38688,0,1.38698,1.38699,1.38698,1.38699,0
50207000,1.38687,1.38687,1.38687,1.38687,0,1.38697,1.38697,1.38697,1.38697,0
50208000,1.38687,1.38687,1.38687,1.38687,0,1.38698,1.38698,1.38698,1.38698,0
50209000,1.38687,1.38687,1.38687,1.38687,0,1.38697,1.38697,1.38697,1.38697,0
50212000,1.38686,1.38686,1.38686,1.38686,0,1.38697,1.38697,1.38697,1.38697,0
50213000,1.38688,1.38688,1.38688,1.38688,0,1.38697,1.38697,1.38697,1.38697,0
50214000,1.38688,1.38688,1.38688,1.38688,0,1.38698,1.38698,1.38698,1.38698,0
50217000,1.38689,1.38689,1.38689,1.38689,0,1.38698,1.38698,1.38698,1.38698,0
50218000,1.38686,1.38687,1.38686,1.38687,0,1.38698,1.38698,1.38696,1.38696,0
50219000,1.38687,1.38687,1.38687,1.38687,0,1.38697,1.38697,1.38697,1.38697,0
50221000,1.38687,1.38687,1.38687,1.38687,0,1.38696,1.38696,1.38696,1.38696,0
50224000,1.38688,1.38691,1.38687,1.38691,0,1.38698,1.38702,1.38698,1.38702,0
50225000,1.38693,1.38693,1.38693,1.38693,0,1.38701,1.38701,1.38701,1.38701,0
50228000,1.38692,1.38692,1.38692,1.38692,0,1.38702,1.38702,1.38702,1.38702,0
50229000,1.38693,1.38693,1.38693,1.38693,0,1.38701,1.38701,1.38701,1.38701,0
50235000,1.38691,1.38691,1.38687,1.38689,0,1.38703,1.38703,1.38699,1.38699,0
50236000,1.38689,1.38689,1.38689,1.38689,0,1.38700,1.38700,1.38700,1.38700,0
50237000,1.38690,1.38690,1.38690,1.38690,0,1.38699,1.38699,1.38699,1.38699,0
50239000,1.38690,1.38690,1.38690,1.38690,0,1.38701,1.38701,1.38701,1.38701,0
50240000,1.38691,1.38691,1.38691,1.38691,0,1.38701,1.38701,1.38701,1.38701,0
50243000,1.38692,1.38692,1.38692,1.38692,0,1.38700,1.38700,1.38700,1.38700,0
50250000,1.38690,1.38690,1.38690,1.38690,0,1.38700,1.38700,1.38700,1.38700,0
50256000,1.38691,1.38691,1.38691,1.38691,0,1.38700,1.38700,1.38700,1.38700,0
50258000,1.38689,1.38689,1.38689,1.38689,0,1.38701,1.38701,1.38699,1.38699,0
50259000,1.38690,1.38690,1.38690,1.38690,0,1.38698,1.38698,1.38698,1.38698,0
50267000,1.38689,1.38689,1.38689,1.38689,0,1.38699,1.38699,1.38699,1.38699,0
50293000,1.38690,1.38690,1.38690,1.38690,0,1.38701,1.38701,1.38701,1.38701,0
50294000,1.38692,1.38697,1.38692,1.38697,0,1.38702,1.38709,1.38702,1.38707,0
50296000,1.38695,1.38695,1.38692,1.38693,0,1.38707,1.38707,1.38705,1.38706,0
50297000,1.38694,1.38694,1.38694,1.38694,0,1.38706,1.38706,1.38705,1.38705,0
50298000,1.38695,1.38695,1.38695,1.38695,0,1.38704,1.38704,1.38704,1.38704,0
50299000,1.38694,1.38694,1.38694,1.38694,0,1.38705,1.38705,1.38705,1.38705,0
50301000,1.38691,1.38691,1.38691,1.38691,0,1.38702,1.38702,1.38702,1.38702,0
50306000,1.38694,1.38694,1.38694,1.38694,0,1.38703,1.38703,1.38703,1.38703,0
50310000,1.38692,1.38694,1.38692,1.38694,0,1.38702,1.38705,1.38702,1.38705,0
50312000,1.38695,1.38695,1.38695,1.38695,0,1.38704,1.38704,1.38704,1.38704,0
50318000,1.38693,1.38693,1.38693,1.38693,0,1.38705,1.38705,1.38705,1.38705,0
50321000,1.38696,1.38699,1.38696,1.38699,0,1.38704,1.38711,1.38704,1.38709,0
50325000,1.38696,1.38697,1.38696,1.38696,0,1.38710,1.38710,1.38709,1.38710,0
50332000,1.38698,1.38698,1.38698,1.38698,0,1.38710,1.38710,1.38710,1.38710,0
50333000,1.38697,1.38697,1.38697,1.38697,0,1.38710,1.38710,1.38710,1.38710,0
50334000,1.38700,1.38700,1.38700,1.38700,0,1.38708,1.38708,1.38708,1.38708,0
50341000,1.38699,1.38699,1.38699,1.38699,0,1.38711,1.38711,1.38710,1.38710,0
50344000,1.38699,1.38699,1.38699,1.38699,0,1.38711,1.38711,1.38711,1.38711,0
50356000,1.38700,1.38700,1.38700,1.38700,0,1.38709,1.38709,1.38709,1.38709,0
50358000,1.38699,1.38700,1.38699,1.38700,0,1.38710,1.38710,1.38710,1.38710,0
50369000,1.38699,1.38700,1.38699,1.38700,0,1.38711,1.38711,1.38709,1.38709,0
50370000,1.38699,1.38700,1.38699,1.38700,0,1.38711,1.38711,1.38709,1.38709,0
50372000,1.38698,1.38698,1.38698,1.38698,0,1.38712,1.38712,1.38712,1.38712,0
50373000,1.38700,1.38701,1.38700,1.38701,0,1.38711,1.38711,1.38710,1.38710,0
50374000,1.38700,1.38700,1.38700,1.38700,0,1.38710,1.38711,1.38710,1.38711,0
50377000,1.38699,1.38699,1.38699,1.38699,0,1.38714,1.38714,1.38714,1.38714,0
50378000,1.38701,1.38705,1.38701,1.38703,0,1.38715,1.38722,1.38715,1.38722,0
50379000,1.38704,1.38704,1.38704,1.38704,0,1.38721,1.38721,1.38720,1.38720,0
50380000,1.38706,1.38708,1.38706,1.38708,0,1.38722,1.38722,1.38722,1.38722,0
50381000,1.38706,1.38706,1.38704,1.38705,0,1.38720,1.38720,1.38715,1.38715,0
50382000,1.38703,1.38703,1.38702,1.38702,0,1.38717,1.38719,1.38717,1.38719,0
50383000,1.38703,1.38706,1.38703,1.38706,0,1.38719,1.38719,1.38716,1.38716,0
50384000,1.38706,1.38706,1.38706,1.38706,0,1.38717,1.38717,1.38716,1.38716,0
50385000,1.38705,1.38710,1.38705,1.38710,0,1.38716,1.38731,1.38716,1.38731,0
50386000,1.38710,1.38710,1.38708,1.38710,0,1.38730,1.38730,1.38721,1.38721,0
50387000,1.38712,1.38712,1.38712,1.38712,0,1.38722,1.38722,1.38722,1.38722,0
50388000,1.38710,1.38710,1.38710,1.38710,0,1.38721,1.38721,1.38721,1.38721,0
50390000,1.38707,1.38708,1.38699,1.38705,0,1.38721,1.38731,1.38717,1.38726,0
50391000,1.38707,1.38711,1.38707,1.38709,0,1.38726,1.38731,1.38723,1.38730,0
50392000,1.38710,1.38717,1.38710,1.38713,0,1.38730,1.38735,1.38729,1.38735,0
50393000,1.38713,1.38716,1.38713,1.38716,0,1.38734,1.38734,1.38731,1.38731,0
50394000,1.38715,1.38715,1.38715,1.38715,0,1.38733,1.38734,1.38732,1.38733,0
50395000,1.38714,1.38715,1.38713,1.38714,0,1.38734,1.38736,1.38733,1.38736,0
50396000,1.38715,1.38715,1.38713,1.38713,0,1.38739,1.38739,1.38736,1.38736,0
50397000,1.38716,1.38716,1.38690,1.38693,0,1.38739,1.38739,1.38722,1.38722,0
50398000,1.38697,1.38698,1.38695,1.38698,0,1.38724,1.38724,1.38717,1.38717,0
50400000,1.38690,1.38690,1.38674,1.38675,0,1.38716,1.38716,1.38705,1.38705,0
50401000,1.38676,1.38678,1.38672,1.38674,0,1.38705,1.38705,1.38700,1.38701,0
50402000,1.38676,1.38678,1.38672,1.38672,0,1.38702,1.38704,1.38697,1.38702,0
50403000,1.38671,1.38674,1.38671,1.38673,0,1.38700,1.38700,1.38692,1.38692,0
50404000,1.38673,1.38682,1.38673,1.38675,0,1.38690,1.38699,1.38690,1.38694,0
50405000,1.38677,1.38682,1.38677,1.38682,0,1.38695,1.38696,1.38694,1.38696,0
50406000,1.38683,1.38683,1.38683,1.38683,0,1.38696,1.38696,1.38696,1.38696,0
50408000,1.38685,1.38685,1.38685,1.38685,0,1.38698,1.38698,1.38698,1.38698,0
50409000,1.38686,1.38689,1.38686,1.38688,0,1.38698,1.38701,1.38698,1.38701,0
50410000,1.38689,1.38689,1.38688,1.38689,0,1.38700,1.38701,1.38700,1.38700,0
50411000,1.38687,1.38693,1.38687,1.38693,0,1.38702,1.38707,1.38702,1.38706,0
50412000,1.38696,1.38707,1.38696,1.38706,0,1.38708,1.38722,1.38708,1.38722,0
50413000,1.38707,1.38711,1.38707,1.38711,0,1.38722,1.38722,1.38722,1.38722,0
50414000,1.38711,1.38711,1.38704,1.38704,0,1.38723,1.38723,1.38716,1.38716,0
50415000,1.38703,1.38703,1.38696,1.38697,0,1.38716,1.38717,1.38710,1.38715,0
50416000,1.38697,1.38704,1.38695,1.38704,0,1.38714,1.38714,1.38712,1.38713,0
50417000,1.38703,1.38703,1.38702,1.38702,0,1.38713,1.38714,1.38713,1.38714,0
50418000,1.38704,1.38705,1.38704,1.38705,0,1.38715,1.38717,1.38714,1.38717,0
50419000,1.38706,1.38708,1.38701,1.38708,0,1.38715,1.38723,1.38713,1.38723,0
50420000,1.38709,1.38710,1.38706,1.38706,0,1.38722,1.38722,1.38719,1.38719,0
50421000,1.38707,1.38708,1.38707,1.38708,0,1.38719,1.38719,1.38719,1.38719,0
50424000,1.38704,1.38704,1.38695,1.38695,0,1.38718,1.38718,1.38710,1.38710,0
50425000,1.38696,1.38698,1.38696,1.38698,0,1.38710,1.38711,1.38709,1.38710,0
50426000,1.38698,1.38699,1.38698,1.38699,0,1.38709,1.38710,1.38708,1.38710,0
50427000,1.38700,1.38700,1.38700,1.38700,0,1.38710,1.38710,1.38710,1.38710,0
50428000,1.38698,1.38700,1.38698,1.38699,0,1.38710,1.38711,1.38710,1.38711,0
50429000,1.38700,1.38700,1.38700,1.38700,0,1.38711,1.38711,1.38710,1.38710,0
50430000,1.38701,1.38701,1.38701,1.38701,0,1.38710,1.38710,1.38710,1.38710,0
50433000,1.38700,1.38700,1.38700,1.38700,0,1.38712,1.38712,1.38712,1.38712,0
50434000,1.38702,1.38706,1.38702,1.38706,0,1.38714,1.38720,1.38714,1.38720,0
50435000,1.38708,1.38710,1.38708,1.38710,0,1.38721,1.38721,1.38720,1.38720,0
50436000,1.38710,1.38710,1.38709,1.38709,0,1.38721,1.38721,1.38719,1.38719,0
50437000,1.38707,1.38708,1.38706,1.38706,0,1.38719,1.38719,1.38717,1.38717,0
50438000,1.38707,1.38707,1.38707,1.38707,0,1.38717,1.38717,1.38717,1.38717,0
50441000,1.38709,1.38709,1.38706,1.38709,0,1.38719,1.38725,1.38719,1.38721,0
50442000,1.38710,1.38710,1.38709,1.38709,0,1.38720,1.38722,1.38720,1.38722,0
50443000,1.38711,1.38713,1.38709,1.38709,0,1.38721,1.38727,1.38720,1.38720,0
50444000,1.38710,1.38714,1.38709,1.38714,0,1.38719,1.38726,1.38719,1.38726,0
50445000,1.38713,1.38713,1.38712,1.38712,0,1.38727,1.38727,1.38722,1.38722,0
50446000,1.38712,1.38712,1.38712,1.38712,0,1.38723,1.38723,1.38723,1.38723,0
50448000,1.38711,1.38711,1.38711,1.38711,0,1.38721,1.38721,1.38721,1.38721,0
50449000,1.38709,1.38709,1.38709,1.38709,0,1.38721,1.38721,1.38721,1.38721,0
50450000,1.38711,1.38711,1.38711,1.38711,0,1.38720,1.38720,1.38720,1.38720,0
50454000,1.38710,1.38710,1.38709,1.38709,0,1.38720,1.38720,1.38720,1.38720,0
50455000,1.38708,1.38708,1.38708,1.38708,0,1.38718,1.38718,1.38718,1.38718,0
50456000,1.38710,1.38710,1.38709,1.38710,0,1.38719,1.38720,1.38719,1.38720,0
50458000,1.38710,1.38710,1.38710,1.38710,0,1.38719,1.38719,1.38719,1.38719,0
50459000,1.38710,1.38710,1.38708,1.38708,0,1.38722,1.38722,1.38721,1.38721,0
50460000,1.38709,1.38709,1.38709,1.38709,0,1.38720,1.38720,1.38719,1.38719,0
50461000,1.38707,1.38707,1.38707,1.38707,0,1.38718,1.38718,1.38718,1.38718,0
50462000,1.38709,1.38712,1.38708,1.38712,0,1.38719,1.38722,1.38719,1.38721,0
50463000,1.38712,1.38716,1.38711,1.38716,0,1.38723,1.38732,1.38723,1.38727,0
50464000,1.38718,1.38718,1.38715,1.38715,0,1.38729,1.38729,1.38726,1.38726,0
50466000,1.38712,1.38712,1.38712,1.38712,0,1.38723,1.38723,1.38723,1.38723,0
50468000,1.38713,1.38713,1.38713,1.38713,0,1.38725,1.38725,1.38724,1.38724,0
50469000,1.38715,1.38717,1.38715,1.38717,0,1.38725,1.38727,1.38725,1.38727,0
50470000,1.38714,1.38714,1.38714,1.38714,0,1.38725,1.38725,1.38725,1.38725,0
50471000,1.38713,1.38713,1.38713,1.38713,0,1.38725,1.38725,1.38725,1.38725,0
50474000,1.38715,1.38716,1.38713,1.38713,0,1.38726,1.38726,1.38725,1.38725,0
50475000,1.38713,1.38713,1.38713,1.38713,0,1.38723,1.38723,1.38722,1.38722,0
50478000,1.38713,1.38713,1.38713,1.38713,0,1.38723,1.38723,1.38723,1.38723,0
50484000,1.38713,1.38713,1.38713,1.38713,0,1.38725,1.38725,1.38725,1.38725,0
50486000,1.38714,1.38714,1.38714,1.38714,0,1.38724,1.38724,1.38724,1.38724,0
50487000,1.38714,1.38719,1.38714,1.38719,0,1.38726,1.38729,1.38726,1.38729,0
50488000,1.38720,1.38720,1.38720,1.38720,0,1.38729,1.38731,1.38729,1.38731,0
50491000,1.38719,1.38719,1.38716,1.38718,0,1.38731,1.38731,1.38728,1.38728,0
50504000,1.38718,1.38719,1.38718,1.38719,0,1.38730,1.38730,1.38729,1.38729,0
50509000,1.38718,1.38718,1.38718,1.38718,0,1.38727,1.38727,1.38727,1.38727,0
50513000,1.38716,1.38716,1.38716,1.38716,0,1.38728,1.38728,1.38728,1.38728,0
50514000,1.38717,1.38717,1.38717,1.38717,0,1.38727,1.38727,1.38727,1.38727,0
50515000,1.38716,1.38720,1.38716,1.38719,0,1.38728,1.38731,1.38727,1.38731,0
50516000,1.38717,1.38718,1.38716,1.38716,0,1.38728,1.38728,1.38728,1.38728,0
50517000,1.38716,1.38716,1.38716,1.38716,0,1.38726,1.38726,1.38726,1.38726,0
50520000,1.38714,1.38714,1.38712,1.38712,0,1.38724,1.38725,1.38721,1.38721,0
50532000,1.38712,1.38712,1.38712,1.38712,0,1.38724,1.38724,1.38724,1.38724,0
50533000,1.38713,1.38713,1.38713,1.38713,0,1.38723,1.38723,1.38723,1.38723,0
50534000,1.38712,1.38712,1.38712,1.38712,0,1.38724,1.38724,1.38724,1.38724,0
50535000,1.38712,1.38712,1.38712,1.38712,0,1.38723,1.38723,1.38723,1.38723,0
50538000,1.38712,1.38712,1.38712,1.38712,0,1.38724,1.38724,1.38723,1.38723,0
50542000,1.38713,1.38713,1.38713,1.38713,0,1.38725,1.38725,1.38725,1.38725,0
50545000,1.38714,1.38714,1.38714,1.38714,0,1.38723,1.38723,1.38723,1.38723,0
50547000,1.38713,1.38713,1.38713,1.38713,0,1.38725,1.38725,1.38725,1.38725,0
50550000,1.38715,1.38716,1.38715,1.38716,0,1.38727,1.38727,1.38725,1.38725,0
50551000,1.38715,1.38721,1.38715,1.38721,0,1.38726,1.38732,1.38726,1.38732,0
50552000,1.38723,1.38723,1.38722,1.38722,0,1.38733,1.38733,1.38733,1.38733,0
50553000,1.38723,1.38723,1.38723,1.38723,0,1.38732,1.38732,1.38732,1.38732,0
50554000,1.38722,1.38722,1.38714,1.38715,0,1.38733,1.38733,1.38727,1.38727,0
50555000,1.38715,1.38718,1.38715,1.38718,0,1.38729,1.38729,1.38729,1.38729,0
50561000,1.38718,1.38718,1.38718,1.38718,0,1.38730,1.38730,1.38730,1.38730,0
50564000,1.38720,1.38720,1.38720,1.38720,0,1.38730,1.38730,1.38730,1.38730,0
50565000,1.38721,1.38721,1.38720,1.38721,0,1.38730,1.38733,1.38730,1.38733,0
50566000,1.38721,1.38724,1.38721,1.38724,0,1.38731,1.38734,1.38731,1.38733,0
50567000,1.38724,1.38724,1.38724,1.38724,0,1.38735,1.38735,1.38735,1.38735,0
50569000,1.38725,1.38725,1.38725,1.38725,0,1.38735,1.38735,1.38735,1.38735,0
50571000,1.38723,1.38723,1.38718,1.38718,0,1.38734,1.38734,1.38729,1.38729,0
50572000,1.38719,1.38719,1.38718,1.38718,0,1.38728,1.38729,1.38728,1.38729,0
50573000,1.38720,1.38721,1.38719,1.38721,0,1.38731,1.38733,1.38731,1.38733,0
50574000,1.38723,1.38727,1.38723,1.38727,0,1.38737,1.38739,1.38736,1.38739,0
50580000,1.38725,1.38725,1.38725,1.38725,0,1.38736,1.38736,1.38736,1.38736,0
50582000,1.38728,1.38728,1.38728,1.38728,0,1.38738,1.38738,1.38738,1.38738,0
50584000,1.38726,1.38726,1.38726,1.38726,0,1.38736,1.38738,1.38736,1.38738,0
50585000,1.38728,1.38731,1.38728,1.38731,0,1.38740,1.38742,1.38740,1.38742,0
50586000,1.38733,1.38733,1.38733,1.38733,0,1.38743,1.38743,1.38743,1.38743,0
50589000,1.38732,1.38732,1.38732,1.38732,0,1.38744,1.38744,1.38743,1.38743,0
50591000,1.38732,1.38732,1.38732,1.38732,0,1.38744,1.38744,1.38744,1.38744,0
50593000,1.38732,1.38732,1.38732,1.38732,0,1.38742,1.38742,1.38742,1.38742,0
50595000,1.38733,1.38733,1.38733,1.38733,0,1.38744,1.38744,1.38744,1.38744,0
50596000,1.38734,1.38734,1.38734,1.38734,0,1.38744,1.38744,1.38744,1.38744,0
50597000,1.38733,1.38740,1.38733,1.38740,0,1.38745,1.38751,1.38745,1.38751,0
50598000,1.38740,1.38740,1.38739,1.38739,0,1.38750,1.38751,1.38750,1.38750,0
50599000,1.38739,1.38741,1.38739,1.38741,0,1.38749,1.38751,1.38749,1.38751,0
50600000,1.38741,1.38741,1.38741,1.38741,0,1.38752,1.38752,1.38752,1.38752,0
50603000,1.38740,1.38740,1.38740,1.38740,0,1.38750,1.38750,1.38750,1.38750,0
50607000,1.38741,1.38741,1.38741,1.38741,0,1.38749,1.38749,1.38749,1.38749,0
50608000,1.38740,1.38742,1.38740,1.38742,0,1.38750,1.38751,1.38750,1.38751,0
50610000,1.38740,1.38740,1.38740,1.38740,0,1.38751,1.38751,1.38751,1.38751,0
50612000,1.38738,1.38738,1.38738,1.38738,0,1.38749,1.38750,1.38749,1.38750,0
50613000,1.38739,1.38739,1.38739,1.38739,0,1.38749,1.38750,1.38749,1.38750,0
50614000,1.38740,1.38742,1.38740,1.38742,0,1.38750,1.38754,1.38750,1.38754,0
50616000,1.38743,1.38743,1.38743,1.38743,0,1.38753,1.38753,1.38753,1.38753,0
50617000,1.38741,1.38741,1.38741,1.38741,0,1.38752,1.38752,1.38752,1.38752,0
50619000,1.38742,1.38742,1.38738,1.38738,0,1.38751,1.38752,1.38749,1.38749,0
50620000,1.38738,1.38738,1.38738,1.38738,0,1.38747,1.38747,1.38747,1.38747,0
50621000,1.38738,1.38740,1.38738,1.38740,0,1.38748,1.38749,1.38748,1.38749,0
50622000,1.38739,1.38740,1.38739,1.38740,0,1.38750,1.38750,1.38750,1.38750,0
50623000,1.38738,1.38742,1.38738,1.38742,0,1.38750,1.38751,1.38750,1.38751,0
50626000,1.38742,1.38751,1.38741,1.38751,0,1.38753,1.38764,1.38753,1.38764,0
50628000,1.38754,1.38754,1.38754,1.38754,0,1.38766,1.38766,1.38766,1.38766,0
50629000,1.38755,1.38763,1.38755,1.38762,0,1.38766,1.38776,1.38766,1.38776,0
50630000,1.38762,1.38762,1.38757,1.38759,0,1.38775,1.38775,1.38770,1.38772,0
50631000,1.38760,1.38760,1.38751,1.38751,0,1.38771,1.38771,1.38761,1.38761,0
50632000,1.38754,1.38754,1.38754,1.38754,0,1.38764,1.38764,1.38764,1.38764,0
50634000,1.38754,1.38754,1.38754,1.38754,0,1.38763,1.38764,1.38763,1.38764,0
50636000,1.38753,1.38754,1.38753,1.38754,0,1.38765,1.38765,1.38765,1.38765,0
50637000,1.38754,1.38754,1.38754,1.38754,0,1.38764,1.38764,1.38764,1.38764,0
50638000,1.38751,1.38751,1.38751,1.38751,0,1.38762,1.38762,1.38762,1.38762,0
50641000,1.38752,1.38752,1.38752,1.38752,0,1.38762,1.38762,1.38762,1.38762,0
50642000,1.38753,1.38753,1.38753,1.38753,0,1.38764,1.38764,1.38764,1.38764,0
50643000,1.38756,1.38758,1.38753,1.38758,0,1.38767,1.38771,1.38767,1.38768,0
50645000,1.38759,1.38759,1.38758,1.38759,0,1.38767,1.38768,1.38767,1.38768,0
50646000,1.38758,1.38758,1.38758,1.38758,0,1.38768,1.38768,1.38768,1.38768,0
50647000,1.38758,1.38758,1.38756,1.38758,0,1.38772,1.38772,1.38770,1.38770,0
50648000,1.38759,1.38759,1.38759,1.38759,0,1.38768,1.38768,1.38768,1.38768,0
50649000,1.38757,1.38757,1.38757,1.38757,0,1.38768,1.38768,1.38768,1.38768,0
50650000,1.38758,1.38758,1.38758,1.38758,0,1.38767,1.38768,1.38767,1.38768,0
50651000,1.38756,1.38756,1.38756,1.38756,0,1.38768,1.38768,1.38768,1.38768,0
50652000,1.38758,1.38759,1.38758,1.38759,0,1.38771,1.38771,1.38770,1.38770,0
50654000,1.38759,1.38762,1.38759,1.38762,0,1.38771,1.38773,1.38771,1.38773,0
50661000,1.38761,1.38761,1.38761,1.38761,0,1.38773,1.38773,1.38773,1.38773,0
50664000,1.38759,1.38759,1.38755,1.38755,0,1.38770,1.38770,1.38768,1.38769,0
50665000,1.38757,1.38758,1.38757,1.38758,0,1.38768,1.38768,1.38766,1.38766,0
50666000,1.38755,1.38755,1.38753,1.38753,0,1.38766,1.38766,1.38763,1.38763,0
50668000,1.38755,1.38755,1.38755,1.38755,0,1.38765,1.38765,1.38765,1.38765,0
50671000,1.38753,1.38753,1.38753,1.38753,0,1.38764,1.38764,1.38764,1.38764,0
50672000,1.38754,1.38754,1.38754,1.38754,0,1.38764,1.38764,1.38764,1.38764,0
50674000,1.38753,1.38753,1.38753,1.38753,0,1.38765,1.38765,1.38765,1.38765,0
50675000,1.38755,1.38755,1.38755,1.38755,0,1.38767,1.38767,1.38766,1.38766,0
50676000,1.38756,1.38756,1.38756,1.38756,0,1.38768,1.38768,1.38767,1.38767,0
50677000,1.38756,1.38756,1.38755,1.38755,0,1.38765,1.38766,1.38765,1.38766,0
50686000,1.38758,1.38758,1.38758,1.38758,0,1.38768,1.38768,1.38768,1.38768,0
50688000,1.38756,1.38756,1.38756,1.38756,0,1.38767,1.38767,1.38767,1.38767,0
50690000,1.38756,1.38756,1.38754,1.38754,0,1.38766,1.38766,1.38764,1.38764,0
50691000,1.38753,1.38754,1.38753,1.38754,0,1.38765,1.38765,1.38764,1.38764,0
50692000,1.38754,1.38754,1.38742,1.38742,0,1.38763,1.38763,1.38753,1.38753,0
50693000,1.38741,1.38742,1.38741,1.38742,0,1.38753,1.38753,1.38753,1.38753,0
50695000,1.38745,1.38745,1.38745,1.38745,0,1.38755,1.38755,1.38754,1.38754,0
50703000,1.38745,1.38745,1.38745,1.38745,0,1.38756,1.38756,1.38756,1.38756,0
50704000,1.38746,1.38746,1.38746,1.38746,0,1.38758,1.38758,1.38756,1.38756,0
50713000,1.38744,1.38744,1.38744,1.38744,0,1.38756,1.38756,1.38756,1.38756,0
50715000,1.38747,1.38747,1.38747,1.38747,0,1.38758,1.38758,1.38758,1.38758,0
50716000,1.38746,1.38746,1.38746,1.38746,0,1.38756,1.38756,1.38756,1.38756,0
50730000,1.38746,1.38746,1.38746,1.38746,0,1.38757,1.38757,1.38757,1.38757,0
50734000,1.38744,1.38744,1.38744,1.38744,0,1.38755,1.38755,1.38755,1.38755,0
50735000,1.38745,1.38745,1.38745,1.38745,0,1.38755,1.38755,1.38754,1.38755,0
50744000,1.38744,1.38744,1.38744,1.38744,0,1.38755,1.38755,1.38755,1.38755,0
50746000,1.38744,1.38745,1.38744,1.38745,0,1.38754,1.38755,1.38753,1.38755,0
50747000,1.38743,1.38745,1.38742,1.38742,0,1.38754,1.38755,1.38752,1.38752,0
50748000,1.38742,1.38742,1.38735,1.38737,0,1.38751,1.38752,1.38746,1.38747,0
50749000,1.38736,1.38738,1.38736,1.38738,0,1.38749,1.38749,1.38749,1.38749,0
50752000,1.38739,1.38739,1.38739,1.38739,0,1.38748,1.38748,1.38748,1.38748,0
50757000,1.38736,1.38737,1.38736,1.38737,0,1.38748,1.38748,1.38747,1.38747,0
50759000,1.38738,1.38738,1.38737,1.38737,0,1.38747,1.38747,1.38747,1.38747,0
50762000,1.38735,1.38735,1.38731,1.38731,0,1.38745,1.38745,1.38742,1.38742,0
50763000,1.38731,1.38731,1.38731,1.38731,0,1.38741,1.38742,1.38740,1.38740,0
50766000,1.38730,1.38730,1.38730,1.38730,0,1.38740,1.38740,1.38740,1.38740,0
50767000,1.38729,1.38729,1.38729,1.38729,0,1.38741,1.38741,1.38741,1.38741,0
50773000,1.38730,1.38730,1.38730,1.38730,0,1.38740,1.38740,1.38740,1.38740,0
50775000,1.38728,1.38728,1.38726,1.38726,0,1.38738,1.38738,1.38737,1.38737,0
50776000,1.38726,1.38726,1.38726,1.38726,0,1.38736,1.38736,1.38736,1.38736,0
50777000,1.38727,1.38727,1.38727,1.38727,0,1.38736,1.38736,1.38736,1.38736,0
50780000,1.38725,1.38725,1.38722,1.38722,0,1.38735,1.38736,1.38733,1.38733,0
50781000,1.38720,1.38721,1.38719,1.38721,0,1.38732,1.38732,1.38731,1.38731,0
50783000,1.38722,1.38724,1.38721,1.38723,0,1.38733,1.38736,1.38733,1.38733,0
50803000,1.38723,1.38723,1.38723,1.38723,0,1.38734,1.38734,1.38734,1.38734,0
50804000,1.38725,1.38725,1.38725,1.38725,0,1.38734,1.38734,1.38734,1.38734,0
50808000,1.38725,1.38725,1.38725,1.38725,0,1.38735,1.38735,1.38735,1.38735,0
50810000,1.38726,1.38726,1.38725,1.38725,0,1.38734,1.38735,1.38734,1.38735,0
50811000,1.38725,1.38725,1.38725,1.38725,0,1.38734,1.38735,1.38734,1.38735,0
50812000,1.38726,1.38726,1.38726,1.38726,0,1.38734,1.38734,1.38734,1.38734,0
50814000,1.38726,1.38726,1.38726,1.38726,0,1.38736,1.38736,1.38736,1.38736,0
50815000,1.38724,1.38726,1.38724,1.38726,0,1.38736,1.38736,1.38735,1.38735,0
50823000,1.38728,1.38731,1.38727,1.38731,0,1.38738,1.38742,1.38738,1.38742,0
50824000,1.38732,1.38732,1.38732,1.38732,0,1.38742,1.38742,1.38742,1.38742,0
50833000,1.38733,1.38733,1.38733,1.38733,0,1.38741,1.38741,1.38741,1.38741,0
50842000,1.38731,1.38732,1.38731,1.38732,0,1.38743,1.38743,1.38741,1.38741,0
50843000,1.38732,1.38732,1.38732,1.38732,0,1.38742,1.38742,1.38742,1.38742,0
50847000,1.38730,1.38730,1.38730,1.38730,0,1.38740,1.38740,1.38740,1.38740,0
50855000,1.38732,1.38732,1.38731,1.38731,0,1.38742,1.38743,1.38742,1.38743,0
50856000,1.38732,1.38739,1.38732,1.38739,0,1.38743,1.38751,1.38743,1.38751,0
50857000,1.38739,1.38739,1.38739,1.38739,0,1.38750,1.38750,1.38749,1.38749,0
50858000,1.38739,1.38739,1.38739,1.38739,0,1.38750,1.38750,1.38750,1.38750,0
50859000,1.38740,1.38740,1.38740,1.38740,0,1.38750,1.38750,1.38750,1.38750,0
50861000,1.38737,1.38737,1.38730,1.38730,0,1.38747,1.38748,1.38742,1.38742,0
50862000,1.38730,1.38732,1.38730,1.38732,0,1.38741,1.38741,1.38741,1.38741,0
50863000,1.38730,1.38730,1.38730,1.38730,0,1.38741,1.38741,1.38741,1.38741,0
50865000,1.38730,1.38730,1.38730,1.38730,0,1.38740,1.38740,1.38740,1.38740,0
50867000,1.38730,1.38730,1.38730,1.38730,0,1.38741,1.38741,1.38741,1.38741,0
50871000,1.38731,1.38731,1.38727,1.38727,0,1.38741,1.38742,1.38739,1.38739,0
50872000,1.38727,1.38727,1.38726,1.38727,0,1.38737,1.38738,1.38737,1.38737,0
50876000,1.38727,1.38727,1.38727,1.38727,0,1.38736,1.38736,1.38736,1.38736,0
50877000,1.38725,1.38725,1.38723,1.38724,0,1.38736,1.38736,1.38734,1.38734,0
50878000,1.38722,1.38722,1.38721,1.38721,0,1.38732,1.38733,1.38732,1.38733,0
50879000,1.38722,1.38722,1.38722,1.38722,0,1.38732,1.38732,1.38732,1.38732,0
50888000,1.38724,1.38724,1.38724,1.38724,0,1.38734,1.38734,1.38734,1.38734,0
50890000,1.38727,1.38728,1.38726,1.38728,0,1.38737,1.38738,1.38737,1.38738,0
50895000,1.38730,1.38730,1.38730,1.38730,0,1.38740,1.38741,1.38740,1.38741,0
50904000,1.38731,1.38731,1.38731,1.38731,0,1.38741,1.38742,1.38741,1.38742,0
50907000,1.38731,1.38731,1.38731,1.38731,0,1.38741,1.38741,1.38741,1.38741,0
50914000,1.38729,1.38729,1.38729,1.38729,0,1.38739,1.38739,1.38739,1.38739,0
50916000,1.38729,1.38729,1.38729,1.38729,0,1.38740,1.38740,1.38740,1.38740,0
50924000,1.38731,1.38734,1.38730,1.38730,0,1.38742,1.38748,1.38740,1.38740,0
50931000,1.38731,1.38731,1.38731,1.38731,0,1.38742,1.38742,1.38742,1.38742,0
50939000,1.38732,1.38732,1.38732,1.38732,0,1.38742,1.38742,1.38742,1.38742,0
50940000,1.38733,1.38733,1.38731,1.38731,0,1.38744,1.38744,1.38742,1.38742,0
50941000,1.38732,1.38732,1.38732,1.38732,0,1.38742,1.38742,1.38742,1.38742,0
50942000,1.38732,1.38732,1.38732,1.38732,0,1.38744,1.38744,1.38744,1.38744,0
50943000,1.38732,1.38733,1.38730,1.38730,0,1.38743,1.38743,1.38740,1.38740,0
50944000,1.38729,1.38729,1.38729,1.38729,0,1.38740,1.38740,1.38739,1.38739,0
50947000,1.38730,1.38730,1.38721,1.38721,0,1.38738,1.38739,1.38735,1.38735,0
50948000,1.38721,1.38721,1.38721,1.38721,0,1.38734,1.38734,1.38731,1.38731,0
50950000,1.38722,1.38722,1.38722,1.38722,0,1.38730,1.38730,1.38730,1.38730,0
50951000,1.38722,1.38722,1.38722,1.38722,0,1.38732,1.38732,1.38732,1.38732,0
50953000,1.38723,1.38723,1.38723,1.38723,0,1.38731,1.38731,1.38731,1.38731,0
50955000,1.38722,1.38722,1.38722,1.38722,0,1.38731,1.38733,1.38731,1.38733,0
50956000,1.38723,1.38723,1.38722,1.38722,0,1.38733,1.38733,1.38733,1.38733,0
50964000,1.38724,1.38727,1.38724,1.38725,0,1.38735,1.38738,1.38735,1.38736,0
50966000,1.38723,1.38723,1.38723,1.38723,0,1.38735,1.38735,1.38735,1.38735,0
50968000,1.38724,1.38724,1.38724,1.38724,0,1.38733,1.38733,1.38733,1.38733,0
50972000,1.38724,1.38724,1.38724,1.38724,0,1.38734,1.38734,1.38734,1.38734,0
50973000,1.38724,1.38724,1.38724,1.38724,0,1.38733,1.38733,1.38733,1.38733,0
50974000,1.38724,1.38724,1.38724,1.38724,0,1.38734,1.38734,1.38734,1.38734,0
50982000,1.38724,1.38724,1.38724,1.38724,0,1.38733,1.38733,1.38733,1.38733,0
50983000,1.38725,1.38725,1.38725,1.38725,0,1.38733,1.38733,1.38733,1.38733,0
50991000,1.38724,1.38724,1.38724,1.38724,0,1.38734,1.38734,1.38734,1.38734,0
50998000,1.38725,1.38725,1.38725,1.38725,0,1.38732,1.38732,1.38732,1.38732,0
50999000,1.38724,1.38724,1.38723,1.38723,0,1.38732,1.38732,1.38732,1.38732,0
51017000,1.38719,1.38719,1.38719,1.38719,0,1.38730,1.38730,1.38730,1.38730,0
51018000,1.38717,1.38717,1.38717,1.38717,0,1.38728,1.38728,1.38727,1.38727,0
51019000,1.38717,1.38717,1.38717,1.38717,0,1.38728,1.38730,1.38728,1.38728,0
51020000,1.38717,1.38717,1.38712,1.38712,0,1.38727,1.38728,1.38724,1.38724,0
51021000,1.38711,1.38711,1.38709,1.38709,0,1.38722,1.38722,1.38720,1.38720,0
51022000,1.38711,1.38711,1.38710,1.38710,0,1.38720,1.38721,1.38720,1.38721,0
51029000,1.38712,1.38712,1.38712,1.38712,0,1.38724,1.38724,1.38724,1.38724,0
51030000,1.38713,1.38713,1.38713,1.38713,0,1.38722,1.38722,1.38722,1.38722,0
51032000,1.38711,1.38711,1.38711,1.38711,0,1.38722,1.38722,1.38722,1.38722,0
51040000,1.38711,1.38711,1.38711,1.38711,0,1.38720,1.38720,1.38720,1.38720,0
51041000,1.38710,1.38710,1.38710,1.38710,0,1.38722,1.38722,1.38722,1.38722,0
51042000,1.38712,1.38712,1.38712,1.38712,0,1.38720,1.38720,1.38720,1.38720,0
51044000,1.38712,1.38712,1.38712,1.38712,0,1.38722,1.38722,1.38722,1.38722,0
51045000,1.38713,1.38713,1.38711,1.38711,0,1.38721,1.38721,1.38721,1.38721,0
51046000,1.38712,1.38716,1.38712,1.38716,0,1.38723,1.38729,1.38723,1.38729,0
51047000,1.38717,1.38717,1.38717,1.38717,0,1.38727,1.38727,1.38727,1.38727,0
51054000,1.38715,1.38715,1.38715,1.38715,0,1.38724,1.38724,1.38724,1.38724,0
51056000,1.38713,1.38714,1.38713,1.38714,0,1.38725,1.38725,1.38722,1.38723,0
51058000,1.38715,1.38715,1.38715,1.38715,0,1.38723,1.38723,1.38723,1.38723,0
51066000,1.38715,1.38715,1.38714,1.38715,0,1.38724,1.38726,1.38724,1.38726,0
51067000,1.38715,1.38715,1.38715,1.38715,0,1.38724,1.38724,1.38724,1.38724,0
51071000,1.38716,1.38717,1.38716,1.38717,0,1.38726,1.38726,1.38726,1.38726,0
51072000,1.38717,1.38723,1.38717,1.38723,0,1.38727,1.38734,1.38727,1.38734,0
51073000,1.38722,1.38723,1.38722,1.38723,0,1.38734,1.38734,1.38734,1.38734,0
51074000,1.38725,1.38727,1.38725,1.38727,0,1.38736,1.38736,1.38736,1.38736,0
51075000,1.38727,1.38727,1.38727,1.38727,0,1.38737,1.38737,1.38737,1.38737,0
51076000,1.38727,1.38728,1.38727,1.38727,0,1.38738,1.38738,1.38737,1.38738,0
51079000,1.38726,1.38726,1.38726,1.38726,0,1.38736,1.38736,1.38736,1.38736,0
51099000,1.38725,1.38725,1.38725,1.38725,0,1.38734,1.38734,1.38734,1.38734,0
51100000,1.38725,1.38727,1.38725,1.38727,0,1.38736,1.38738,1.38736,1.38736,0
51101000,1.38726,1.38726,1.38726,1.38726,0,1.38737,1.38737,1.38737,1.38737,0
51102000,1.38727,1.38727,1.38727,1.38727,0,1.38736,1.38736,1.38736,1.38736,0
51103000,1.38725,1.38726,1.38725,1.38726,0,1.38736,1.38736,1.38735,1.38735,0
51121000,1.38724,1.38725,1.38716,1.38716,0,1.38735,1.38735,1.38727,1.38727,0
51122000,1.38717,1.38717,1.38717,1.38717,0,1.38726,1.38726,1.38726,1.38726,0
51124000,1.38715,1.38715,1.38715,1.38715,0,1.38726,1.38726,1.38726,1.38726,0
51132000,1.38718,1.38718,1.38718,1.38718,0,1.38729,1.38729,1.38729,1.38729,0
51142000,1.38718,1.38718,1.38717,1.38717,0,1.38730,1.38730,1.38730,1.38730,0
51143000,1.38715,1.38715,1.38715,1.38715,0,1.38727,1.38727,1.38726,1.38726,0
51145000,1.38716,1.38716,1.38716,1.38716,0,1.38725,1.38725,1.38725,1.38725,0
51148000,1.38715,1.38715,1.38715,1.38715,0,1.38726,1.38726,1.38726,1.38726,0
51166000,1.38717,1.38717,1.38717,1.38717,0,1.38725,1.38725,1.38725,1.38725,0
51167000,1.38717,1.38717,1.38717,1.38717,0,1.38727,1.38727,1.38727,1.38727,0
51168000,1.38719,1.38721,1.38719,1.38721,0,1.38730,1.38732,1.38730,1.38732,0
51177000,1.38722,1.38722,1.38722,1.38722,0,1.38734,1.38734,1.38733,1.38733,0
51178000,1.38724,1.38724,1.38724,1.38724,0,1.38735,1.38735,1.38735,1.38735,0
51181000,1.38724,1.38724,1.38722,1.38723,0,1.38734,1.38734,1.38733,1.38733,0
51182000,1.38722,1.38722,1.38722,1.38722,0,1.38734,1.38734,1.38733,1.38733,0
51183000,1.38722,1.38722,1.38722,1.38722,0,1.38731,1.38731,1.38731,1.38731,0
51184000,1.38722,1.38722,1.38722,1.38722,0,1.38732,1.38732,1.38732,1.38732,0
51191000,1.38721,1.38721,1.38721,1.38721,0,1.38733,1.38733,1.38733,1.38733,0
51193000,1.38722,1.38722,1.38722,1.38722,0,1.38732,1.38732,1.38732,1.38732,0
51195000,1.38721,1.38722,1.38721,1.38722,0,1.38733,1.38733,1.38732,1.38732,0
51201000,1.38722,1.38722,1.38722,1.38722,0,1.38731,1.38731,1.38731,1.38731,0
51203000,1.38722,1.38729,1.38722,1.38727,0,1.38733,1.38740,1.38733,1.38739,0
51204000,1.38725,1.38725,1.38725,1.38725,0,1.38736,1.38736,1.38736,1.38736,0
51215000,1.38725,1.38725,1.38725,1.38725,0,1.38734,1.38734,1.38734,1.38734,0
51223000,1.38726,1.38726,1.38726,1.38726,0,1.38736,1.38736,1.38736,1.38736,0
51224000,1.38725,1.38725,1.38725,1.38725,0,1.38734,1.38735,1.38734,1.38735,0
51227000,1.38725,1.38725,1.38725,1.38725,0,1.38734,1.38734,1.38734,1.38734,0
51230000,1.38724,1.38724,1.38724,1.38724,0,1.38735,1.38735,1.38735,1.38735,0
51231000,1.38722,1.38722,1.38719,1.38720,0,1.38733,1.38733,1.38730,1.38731,0
51232000,1.38723,1.38723,1.38723,1.38723,0,1.38733,1.38733,1.38733,1.38733,0
51236000,1.38722,1.38722,1.38722,1.38722,0,1.38734,1.38734,1.38734,1.38734,0
51237000,1.38722,1.38723,1.38722,1.38723,0,1.38733,1.38733,1.38733,1.38733,0
51252000,1.38721,1.38721,1.38720,1.38721,0,1.38731,1.38732,1.38731,1.38732,0
51260000,1.38721,1.38721,1.38720,1.38720,0,1.38731,1.38731,1.38731,1.38731,0
51262000,1.38723,1.38723,1.38723,1.38723,0,1.38732,1.38732,1.38732,1.38732,0
51267000,1.38722,1.38722,1.38722,1.38722,0,1.38733,1.38733,1.38733,1.38733,0
51273000,1.38723,1.38723,1.38718,1.38718,0,1.38733,1.38733,1.38730,1.38730,0
51274000,1.38718,1.38720,1.38718,1.38720,0,1.38729,1.38731,1.38729,1.38731,0
51280000,1.38722,1.38722,1.38722,1.38722,0,1.38731,1.38731,1.38731,1.38731,0
51283000,1.38721,1.38721,1.38721,1.38721,0,1.38732,1.38732,1.38732,1.38732,0
51284000,1.38722,1.38722,1.38722,1.38722,0,1.38731,1.38731,1.38731,1.38731,0
51285000,1.38722,1.38722,1.38722,1.38722,0,1.38733,1.38733,1.38733,1.38733,0
51295000,1.38724,1.38724,1.38724,1.38724,0,1.38735,1.38735,1.38735,1.38735,0
51296000,1.38722,1.38722,1.38720,1.38721,0,1.38733,1.38733,1.38731,1.38731,0
51299000,1.38721,1.38721,1.38721,1.38721,0,1.38732,1.38732,1.38732,1.38732,0
51302000,1.38720,1.38720,1.38720,1.38720,0,1.38732,1.38732,1.38732,1.38732,0
51303000,1.38721,1.38721,1.38721,1.38721,0,1.38732,1.38732,1.38732,1.38732,0
51304000,1.38721,1.38721,1.38721,1.38721,0,1.38731,1.38731,1.38731,1.38731,0
51305000,1.38719,1.38719,1.38718,1.38718,0,1.38729,1.38730,1.38729,1.38730,0
51306000,1.38722,1.38722,1.38722,1.38722,0,1.38731,1.38731,1.38731,1.38731,0
51309000,1.38722,1.38722,1.38722,1.38722,0,1.38732,1.38732,1.38732,1.38732,0
51313000,1.38720,1.38720,1.38718,1.38718,0,1.38730,1.38731,1.38729,1.38729,0
51314000,1.38720,1.38720,1.38720,1.38720,0,1.38729,1.38729,1.38729,1.38729,0
51315000,1.38721,1.38721,1.38721,1.38721,0,1.38731,1.38731,1.38730,1.38730,0
51317000,1.38720,1.38720,1.38720,1.38720,0,1.38731,1.38731,1.38731,1.38731,0
51326000,1.38720,1.38721,1.38720,1.38720,0,1.38730,1.38730,1.38730,1.38730,0
51327000,1.38717,1.38717,1.38717,1.38717,0,1.38728,1.38728,1.38727,1.38727,0
51329000,1.38715,1.38715,1.38714,1.38715,0,1.38725,1.38727,1.38725,1.38727,0
51330000,1.38717,1.38717,1.38717,1.38717,0,1.38727,1.38727,1.38727,1.38727,0
51334000,1.38716,1.38716,1.38716,1.38716,0,1.38727,1.38727,1.38726,1.38726,0
51335000,1.38715,1.38718,1.38715,1.38718,0,1.38727,1.38727,1.38727,1.38727,0
51338000,1.38716,1.38727,1.38716,1.38727,0,1.38727,1.38741,1.38726,1.38739,0
51339000,1.38728,1.38728,1.38728,1.38728,0,1.38739,1.38739,1.38739,1.38739,0
51340000,1.38727,1.38731,1.38727,1.38731,0,1.38739,1.38742,1.38739,1.38741,0
51341000,1.38731,1.38731,1.38731,1.38731,0,1.38742,1.38742,1.38742,1.38742,0
51348000,1.38730,1.38730,1.38726,1.38726,0,1.38742,1.38742,1.38737,1.38737,0
51349000,1.38728,1.38728,1.38728,1.38728,0,1.38737,1.38737,1.38737,1.38737,0
51361000,1.38726,1.38726,1.38726,1.38726,0,1.38735,1.38735,1.38735,1.38735,0
51362000,1.38726,1.38728,1.38726,1.38728,0,1.38737,1.38739,1.38737,1.38739,0
51369000,1.38730,1.38730,1.38729,1.38729,0,1.38738,1.38739,1.38738,1.38739,0
51370000,1.38730,1.38730,1.38730,1.38730,0,1.38739,1.38739,1.38739,1.38739,0
51371000,1.38729,1.38729,1.38729,1.38729,0,1.38739,1.38739,1.38739,1.38739,0
51372000,1.38731,1.38731,1.38731,1.38731,0,1.38741,1.38741,1.38741,1.38741,0
51374000,1.38731,1.38731,1.38731,1.38731,0,1.38742,1.38742,1.38742,1.38742,0
51377000,1.38732,1.38732,1.38732,1.38732,0,1.38741,1.38741,1.38741,1.38741,0
51379000,1.38731,1.38731,1.38731,1.38731,0,1.38742,1.38742,1.38742,1.38742,0
51381000,1.38732,1.38732,1.38732,1.38732,0,1.38741,1.38742,1.38741,1.38742,0
51385000,1.38732,1.38732,1.38731,1.38731,0,1.38741,1.38742,1.38741,1.38742,0
51387000,1.38732,1.38732,1.38732,1.38732,0,1.38741,1.38741,1.38741,1.38741,0
51388000,1.38731,1.38731,1.38731,1.38731,0,1.38741,1.38741,1.38741,1.38741,0
51391000,1.38732,1.38732,1.38731,1.38731,0,1.38741,1.38741,1.38741,1.38741,0
51393000,1.38732,1.38732,1.38732,1.38732,0,1.38741,1.38741,1.38741,1.38741,0
51402000,1.38730,1.38730,1.38730,1.38730,0,1.38739,1.38739,1.38739,1.38739,0
51404000,1.38732,1.38732,1.38732,1.38732,0,1.38742,1.38742,1.38742,1.38742,0
51406000,1.38731,1.38733,1.38731,1.38732,0,1.38743,1.38743,1.38742,1.38743,0
51408000,1.38734,1.38734,1.38732,1.38732,0,1.38742,1.38743,1.38742,1.38743,0
51409000,1.38731,1.38733,1.38731,1.38731,0,1.38743,1.38743,1.38743,1.38743,0
51410000,1.38733,1.38733,1.38733,1.38733,0,1.38743,1.38743,1.38743,1.38743,0
51411000,1.38731,1.38732,1.38731,1.38732,0,1.38743,1.38743,1.38743,1.38743,0
51412000,1.38733,1.38733,1.38733,1.38733,0,1.38741,1.38741,1.38741,1.38741,0
51417000,1.38732,1.38732,1.38732,1.38732,0,1.38742,1.38742,1.38742,1.38742,0
51420000,1.38731,1.38731,1.38726,1.38726,0,1.38742,1.38742,1.38737,1.38737,0
51421000,1.38727,1.38727,1.38727,1.38727,0,1.38736,1.38736,1.38736,1.38736,0
51422000,1.38725,1.38725,1.38725,1.38725,0,1.38736,1.38736,1.38736,1.38736,0
51423000,1.38727,1.38728,1.38726,1.38728,0,1.38738,1.38739,1.38738,1.38739,0
51424000,1.38727,1.38727,1.38727,1.38727,0,1.38739,1.38739,1.38739,1.38739,0
51425000,1.38729,1.38731,1.38729,1.38731,0,1.38739,1.38739,1.38739,1.38739,0
51428000,1.38729,1.38729,1.38729,1.38729,0,1.38739,1.38739,1.38739,1.38739,0
51434000,1.38728,1.38730,1.38728,1.38730,0,1.38740,1.38741,1.38739,1.38741,0
51435000,1.38730,1.38732,1.38730,1.38732,0,1.38740,1.38744,1.38740,1.38744,0
51436000,1.38735,1.38743,1.38735,1.38743,0,1.38747,1.38755,1.38747,1.38755,0
51437000,1.38743,1.38743,1.38743,1.38743,0,1.38754,1.38754,1.38754,1.38754,0
51438000,1.38743,1.38743,1.38743,1.38743,0,1.38755,1.38755,1.38754,1.38754,0
51441000,1.38744,1.38744,1.38744,1.38744,0,1.38754,1.38754,1.38754,1.38754,0
51444000,1.38744,1.38744,1.38744,1.38744,0,1.38756,1.38756,1.38756,1.38756,0
51446000,1.38744,1.38744,1.38744,1.38744,0,1.38754,1.38754,1.38754,1.38754,0
51447000,1.38744,1.38744,1.38744,1.38744,0,1.38756,1.38756,1.38756,1.38756,0
51448000,1.38745,1.38745,1.38745,1.38745,0,1.38756,1.38756,1.38756,1.38756,0
51449000,1.38743,1.38744,1.38743,1.38744,0,1.38754,1.38754,1.38753,1.38753,0
51450000,1.38743,1.38743,1.38743,1.38743,0,1.38754,1.38754,1.38753,1.38753,0
51452000,1.38743,1.38743,1.38743,1.38743,0,1.38754,1.38754,1.38754,1.38754,0
51453000,1.38743,1.38743,1.38743,1.38743,0,1.38755,1.38755,1.38755,1.38755,0
51454000,1.38743,1.38748,1.38743,1.38748,0,1.38754,1.38761,1.38754,1.38761,0
51455000,1.38748,1.38750,1.38748,1.38750,0,1.38759,1.38759,1.38759,1.38759,0
51458000,1.38749,1.38754,1.38749,1.38754,0,1.38759,1.38764,1.38759,1.38764,0
51459000,1.38754,1.38754,1.38754,1.38754,0,1.38763,1.38763,1.38763,1.38763,0
51460000,1.38752,1.38752,1.38749,1.38750,0,1.38762,1.38763,1.38760,1.38761,0
51461000,1.38752,1.38754,1.38752,1.38754,0,1.38762,1.38764,1.38762,1.38764,0
51462000,1.38755,1.38755,1.38755,1.38755,0,1.38764,1.38764,1.38764,1.38764,0
51467000,1.38755,1.38755,1.38748,1.38748,0,1.38763,1.38764,1.38758,1.38758,0
51468000,1.38747,1.38747,1.38747,1.38747,0,1.38759,1.38759,1.38759,1.38759,0
51469000,1.38749,1.38751,1.38747,1.38751,0,1.38757,1.38764,1.38757,1.38764,0
51470000,1.38751,1.38752,1.38751,1.38752,0,1.38763,1.38763,1.38762,1.38762,0
51471000,1.38751,1.38751,1.38751,1.38751,0,1.38762,1.38762,1.38761,1.38761,0
51472000,1.38752,1.38752,1.38752,1.38752,0,1.38761,1.38761,1.38761,1.38761,0
51473000,1.38752,1.38752,1.38752,1.38752,0,1.38764,1.38764,1.38764,1.38764,0
51474000,1.38753,1.38753,1.38753,1.38753,0,1.38763,1.38763,1.38763,1.38763,0
51476000,1.38751,1.38751,1.38749,1.38749,0,1.38763,1.38763,1.38760,1.38760,0
51477000,1.38749,1.38749,1.38748,1.38748,0,1.38758,1.38761,1.38758,1.38758,0
51478000,1.38748,1.38748,1.38748,1.38748,0,1.38757,1.38757,1.38757,1.38757,0
51480000,1.38746,1.38746,1.38746,1.38746,0,1.38757,1.38757,1.38757,1.38757,0
51481000,1.38748,1.38748,1.38748,1.38748,0,1.38758,1.38758,1.38758,1.38758,0
51482000,1.38748,1.38748,1.38748,1.38748,0,1.38759,1.38759,1.38759,1.38759,0
51483000,1.38750,1.38750,1.38749,1.38750,0,1.38760,1.38761,1.38760,1.38761,0
51484000,1.38750,1.38750,1.38750,1.38750,0,1.38762,1.38762,1.38762,1.38762,0
51485000,1.38750,1.38750,1.38750,1.38750,0,1.38760,1.38760,1.38760,1.38760,0
51488000,1.38752,1.38755,1.38752,1.38755,0,1.38763,1.38765,1.38763,1.38764,0
51489000,1.38754,1.38754,1.38754,1.38754,0,1.38764,1.38764,1.38764,1.38764,0
51495000,1.38754,1.38756,1.38754,1.38755,0,1.38766,1.38768,1.38766,1.38766,0
51497000,1.38753,1.38753,1.38753,1.38753,0,1.38765,1.38765,1.38765,1.38765,0
51499000,1.38754,1.38754,1.38754,1.38754,0,1.38765,1.38765,1.38764,1.38764,0
51500000,1.38753,1.38753,1.38751,1.38752,0,1.38765,1.38765,1.38762,1.38762,0
51501000,1.38753,1.38753,1.38753,1.38753,0,1.38761,1.38762,1.38761,1.38762,0
51502000,1.38751,1.38752,1.38751,1.38752,0,1.38762,1.38762,1.38762,1.38762,0
51503000,1.38753,1.38753,1.38753,1.38753,0,1.38761,1.38761,1.38761,1.38761,0
51505000,1.38753,1.38753,1.38753,1.38753,0,1.38762,1.38762,1.38762,1.38762,0
51506000,1.38752,1.38753,1.38752,1.38753,0,1.38764,1.38764,1.38763,1.38763,0
51507000,1.38752,1.38752,1.38752,1.38752,0,1.38764,1.38764,1.38764,1.38764,0
51508000,1.38752,1.38752,1.38751,1.38752,0,1.38762,1.38763,1.38762,1.38762,0
51509000,1.38752,1.38752,1.38751,1.38751,0,1.38764,1.38764,1.38762,1.38763,0
51511000,1.38752,1.38752,1.38752,1.38752,0,1.38762,1.38762,1.38762,1.38762,0
51517000,1.38751,1.38751,1.38751,1.38751,0,1.38763,1.38763,1.38763,1.38763,0
51518000,1.38752,1.38752,1.38751,1.38751,0,1.38763,1.38763,1.38763,1.38763,0
51520000,1.38754,1.38754,1.38754,1.38754,0,1.38765,1.38765,1.38765,1.38765,0
51521000,1.38753,1.38753,1.38753,1.38753,0,1.38765,1.38765,1.38765,1.38765,0
51522000,1.38754,1.38755,1.38754,1.38755,0,1.38763,1.38766,1.38763,1.38766,0
51523000,1.38753,1.38753,1.38753,1.38753,0,1.38763,1.38763,1.38763,1.38763,0
51525000,1.38755,1.38756,1.38753,1.38753,0,1.38765,1.38767,1.38764,1.38764,0
51526000,1.38754,1.38754,1.38753,1.38753,0,1.38764,1.38764,1.38764,1.38764,0
51527000,1.38754,1.38754,1.38754,1.38754,0,1.38763,1.38763,1.38763,1.38763,0
51529000,1.38754,1.38756,1.38754,1.38756,0,1.38765,1.38767,1.38765,1.38767,0
51532000,1.38756,1.38758,1.38756,1.38758,0,1.38768,1.38768,1.38767,1.38768,0
51533000,1.38758,1.38758,1.38758,1.38758,0,1.38767,1.38767,1.38767,1.38767,0
51534000,1.38757,1.38759,1.38757,1.38759,0,1.38767,1.38769,1.38767,1.38768,0
51535000,1.38758,1.38758,1.38758,1.38758,0,1.38768,1.38768,1.38768,1.38768,0
51538000,1.38756,1.38757,1.38756,1.38757,0,1.38766,1.38766,1.38766,1.38766,0
51539000,1.38756,1.38756,1.38756,1.38756,0,1.38766,1.38767,1.38766,1.38766,0
51541000,1.38758,1.38758,1.38757,1.38758,0,1.38768,1.38769,1.38768,1.38769,0
51542000,1.38758,1.38762,1.38758,1.38762,0,1.38768,1.38772,1.38768,1.38771,0
51543000,1.38762,1.38762,1.38762,1.38762,0,1.38773,1.38773,1.38773,1.38773,0
51545000,1.38763,1.38763,1.38763,1.38763,0,1.38772,1.38772,1.38772,1.38772,0
51546000,1.38762,1.38762,1.38762,1.38762,0,1.38773,1.38773,1.38773,1.38773,0
51550000,1.38764,1.38764,1.38764,1.38764,0,1.38773,1.38773,1.38773,1.38773,0
51551000,1.38763,1.38765,1.38763,1.38765,0,1.38775,1.38776,1.38775,1.38775,0
51555000,1.38763,1.38763,1.38762,1.38762,0,1.38776,1.38776,1.38774,1.38774,0
51557000,1.38765,1.38765,1.38759,1.38759,0,1.38773,1.38774,1.38770,1.38770,0
51563000,1.38758,1.38758,1.38757,1.38757,0,1.38770,1.38770,1.38768,1.38768,0
51564000,1.38754,1.38755,1.38754,1.38755,0,1.38767,1.38767,1.38766,1.38766,0
51565000,1.38756,1.38756,1.38756,1.38756,0,1.38764,1.38764,1.38764,1.38764,0
51567000,1.38755,1.38755,1.38755,1.38755,0,1.38765,1.38765,1.38765,1.38765,0
51575000,1.38755,1.38755,1.38754,1.38754,0,1.38764,1.38765,1.38764,1.38765,0
51580000,1.38754,1.38754,1.38754,1.38754,0,1.38764,1.38764,1.38764,1.38764,0
51582000,1.38751,1.38751,1.38746,1.38746,0,1.38762,1.38762,1.38757,1.38757,0
51583000,1.38746,1.38746,1.38746,1.38746,0,1.38756,1.38757,1.38756,1.38757,0
51584000,1.38747,1.38747,1.38747,1.38747,0,1.38757,1.38758,1.38757,1.38758,0
51585000,1.38750,1.38750,1.38750,1.38750,0,1.38761,1.38761,1.38761,1.38761,0
51586000,1.38749,1.38749,1.38749,1.38749,0,1.38761,1.38761,1.38760,1.38760,0
51599000,1.38746,1.38746,1.38743,1.38745,0,1.38757,1.38757,1.38755,1.38755,0
51600000,1.38745,1.38745,1.38745,1.38745,0,1.38754,1.38754,1.38754,1.38754,0
51605000,1.38743,1.38743,1.38743,1.38743,0,1.38754,1.38754,1.38754,1.38754,0
51607000,1.38745,1.38745,1.38744,1.38744,0,1.38754,1.38754,1.38754,1.38754,0
51612000,1.38747,1.38747,1.38747,1.38747,0,1.38757,1.38757,1.38757,1.38757,0
51615000,1.38747,1.38747,1.38747,1.38747,0,1.38756,1.38756,1.38756,1.38756,0
51618000,1.38746,1.38746,1.38746,1.38746,0,1.38757,1.38757,1.38757,1.38757,0
51622000,1.38746,1.38747,1.38746,1.38747,0,1.38758,1.38758,1.38757,1.38757,0
51623000,1.38747,1.38748,1.38747,1.38747,0,1.38759,1.38760,1.38758,1.38760,0
51624000,1.38748,1.38749,1.38748,1.38749,0,1.38760,1.38760,1.38759,1.38759,0
51629000,1.38751,1.38751,1.38751,1.38751,0,1.38760,1.38760,1.38760,1.38760,0
51630000,1.38750,1.38750,1.38750,1.38750,0,1.38761,1.38761,1.38761,1.38761,0
51635000,1.38749,1.38749,1.38749,1.38749,0,1.38761,1.38761,1.38760,1.38760,0
51636000,1.38750,1.38750,1.38750,1.38750,0,1.38760,1.38760,1.38760,1.38760,0
51641000,1.38749,1.38749,1.38749,1.38749,0,1.38760,1.38760,1.38760,1.38760,0
51644000,1.38747,1.38747,1.38746,1.38746,0,1.38759,1.38759,1.38759,1.38759,0
51645000,1.38744,1.38745,1.38744,1.38745,0,1.38757,1.38758,1.38756,1.38756,0
51652000,1.38747,1.38747,1.38747,1.38747,0,1.38758,1.38758,1.38758,1.38758,0
51660000,1.38745,1.38745,1.38735,1.38735,0,1.38756,1.38757,1.38749,1.38749,0
51661000,1.38737,1.38742,1.38737,1.38742,0,1.38749,1.38751,1.38749,1.38750,0
51663000,1.38740,1.38740,1.38736,1.38736,0,1.38751,1.38752,1.38747,1.38748,0
51664000,1.38736,1.38738,1.38736,1.38738,0,1.38747,1.38749,1.38747,1.38749,0
51667000,1.38736,1.38738,1.38735,1.38738,0,1.38747,1.38751,1.38747,1.38749,0
51668000,1.38736,1.38736,1.38736,1.38736,0,1.38746,1.38746,1.38746,1.38746,0
51669000,1.38734,1.38734,1.38734,1.38734,0,1.38746,1.38746,1.38743,1.38743,0
51670000,1.38734,1.38734,1.38734,1.38734,0,1.38744,1.38744,1.38744,1.38744,0
51672000,1.38734,1.38734,1.38734,1.38734,0,1.38745,1.38745,1.38745,1.38745,0
51681000,1.38734,1.38734,1.38734,1.38734,0,1.38744,1.38744,1.38744,1.38744,0
51698000,1.38735,1.38735,1.38735,1.38735,0,1.38744,1.38744,1.38744,1.38744,0
51701000,1.38734,1.38734,1.38734,1.38734,0,1.38744,1.38744,1.38744,1.38744,0
51704000,1.38733,1.38734,1.38733,1.38734,0,1.38745,1.38745,1.38744,1.38744,0
51710000,1.38734,1.38734,1.38734,1.38734,0,1.38745,1.38745,1.38745,1.38745,0
51713000,1.38736,1.38736,1.38736,1.38736,0,1.38746,1.38746,1.38746,1.38746,0
51714000,1.38737,1.38737,1.38737,1.38737,0,1.38746,1.38746,1.38746,1.38746,0
51715000,1.38735,1.38740,1.38735,1.38740,0,1.38747,1.38751,1.38747,1.38750,0
51717000,1.38742,1.38742,1.38741,1.38741,0,1.38752,1.38752,1.38752,1.38752,0
51719000,1.38741,1.38741,1.38741,1.38741,0,1.38751,1.38751,1.38751,1.38751,0
51724000,1.38739,1.38739,1.38735,1.38735,0,1.38750,1.38750,1.38745,1.38746,0
51736000,1.38736,1.38736,1.38736,1.38736,0,1.38748,1.38748,1.38746,1.38747,0
51737000,1.38736,1.38736,1.38736,1.38736,0,1.38748,1.38748,1.38748,1.38748,0
51738000,1.38736,1.38736,1.38736,1.38736,0,1.38746,1.38746,1.38746,1.38746,0
51739000,1.38736,1.38736,1.38736,1.38736,0,1.38747,1.38747,1.38747,1.38747,0
51740000,1.38737,1.38737,1.38737,1.38737,0,1.38746,1.38746,1.38746,1.38746,0
51741000,1.38734,1.38735,1.38733,1.38735,0,1.38746,1.38746,1.38746,1.38746,0
51742000,1.38735,1.38735,1.38735,1.38735,0,1.38747,1.38747,1.38747,1.38747,0
51746000,1.38735,1.38735,1.38735,1.38735,0,1.38746,1.38747,1.38746,1.38746,0
51749000,1.38735,1.38735,1.38735,1.38735,0,1.38744,1.38744,1.38744,1.38744,0
51750000,1.38733,1.38733,1.38733,1.38733,0,1.38744,1.38744,1.38744,1.38744,0
51775000,1.38736,1.38736,1.38736,1.38736,0,1.38745,1.38745,1.38745,1.38745,0
51776000,1.38735,1.38735,1.38735,1.38735,0,1.38746,1.38746,1.38746,1.38746,0
51780000,1.38735,1.38735,1.38734,1.38734,0,1.38744,1.38744,1.38744,1.38744,0
51794000,1.38734,1.38734,1.38734,1.38734,0,1.38745,1.38745,1.38745,1.38745,0
51809000,1.38733,1.38733,1.38733,1.38733,0,1.38743,1.38743,1.38743,1.38743,0
51819000,1.38733,1.38733,1.38733,1.38733,0,1.38744,1.38744,1.38744,1.38744,0
51824000,1.38735,1.38735,1.38735,1.38735,0,1.38745,1.38745,1.38745,1.38745,0
51827000,1.38733,1.38733,1.38732,1.38732,0,1.38743,1.38744,1.38743,1.38744,0
51828000,1.38733,1.38733,1.38733,1.38733,0,1.38743,1.38743,1.38743,1.38743,0
51834000,1.38731,1.38731,1.38725,1.38725,0,1.38742,1.38742,1.38736,1.38736,0
51836000,1.38723,1.38724,1.38723,1.38724,0,1.38734,1.38734,1.38734,1.38734,0
51839000,1.38724,1.38724,1.38714,1.38715,0,1.38735,1.38735,1.38727,1.38727,0
51840000,1.38715,1.38715,1.38715,1.38715,0,1.38724,1.38724,1.38724,1.38724,0
51856000,1.38715,1.38722,1.38715,1.38722,0,1.38727,1.38732,1.38726,1.38732,0
51859000,1.38722,1.38724,1.38722,1.38724,0,1.38734,1.38734,1.38734,1.38734,0
51861000,1.38722,1.38724,1.38722,1.38724,0,1.38734,1.38735,1.38733,1.38735,0
51863000,1.38723,1.38723,1.38723,1.38723,0,1.38733,1.38733,1.38733,1.38733,0
51864000,1.38722,1.38722,1.38722,1.38722,0,1.38733,1.38733,1.38733,1.38733,0
51865000,1.38723,1.38724,1.38722,1.38724,0,1.38733,1.38735,1.38733,1.38735,0
51867000,1.38725,1.38725,1.38725,1.38725,0,1.38734,1.38734,1.38734,1.38734,0
51876000,1.38725,1.38725,1.38725,1.38725,0,1.38736,1.38736,1.38736,1.38736,0
51880000,1.38724,1.38724,1.38724,1.38724,0,1.38736,1.38736,1.38736,1.38736,0
51883000,1.38725,1.38725,1.38725,1.38725,0,1.38735,1.38735,1.38735,1.38735,0
51885000,1.38724,1.38724,1.38724,1.38724,0,1.38735,1.38735,1.38735,1.38735,0
51892000,1.38725,1.38725,1.38723,1.38723,0,1.38734,1.38734,1.38734,1.38734,0
51893000,1.38723,1.38723,1.38723,1.38723,0,1.38735,1.38735,1.38735,1.38735,0
51895000,1.38723,1.38723,1.38723,1.38723,0,1.38734,1.38735,1.38734,1.38735,0
51896000,1.38724,1.38724,1.38723,1.38723,0,1.38734,1.38735,1.38734,1.38734,0
51916000,1.38722,1.38722,1.38722,1.38722,0,1.38734,1.38734,1.38734,1.38734,0
51918000,1.38724,1.38724,1.38724,1.38724,0,1.38734,1.38734,1.38734,1.38734,0
51922000,1.38725,1.38725,1.38725,1.38725,0,1.38734,1.38734,1.38734,1.38734,0
51923000,1.38725,1.38725,1.38725,1.38725,0,1.38732,1.38732,1.38732,1.38732,0
51931000,1.38724,1.38724,1.38724,1.38724,0,1.38733,1.38733,1.38733,1.38733,0
51932000,1.38722,1.38722,1.38715,1.38715,0,1.38733,1.38733,1.38726,1.38726,0
51935000,1.38715,1.38719,1.38715,1.38719,0,1.38724,1.38730,1.38724,1.38730,0
51936000,1.38720,1.38720,1.38720,1.38720,0,1.38730,1.38730,1.38730,1.38730,0
51937000,1.38717,1.38718,1.38717,1.38717,0,1.38728,1.38728,1.38728,1.38728,0
51938000,1.38717,1.38717,1.38714,1.38714,0,1.38727,1.38727,1.38724,1.38724,0
51939000,1.38713,1.38715,1.38713,1.38715,0,1.38725,1.38726,1.38725,1.38726,0
51940000,1.38714,1.38718,1.38714,1.38718,0,1.38726,1.38728,1.38726,1.38728,0
51941000,1.38721,1.38721,1.38721,1.38721,0,1.38730,1.38730,1.38730,1.38730,0
51948000,1.38721,1.38721,1.38721,1.38721,0,1.38731,1.38731,1.38731,1.38731,0
51953000,1.38721,1.38721,1.38721,1.38721,0,1.38732,1.38732,1.38732,1.38732,0
51955000,1.38721,1.38721,1.38721,1.38721,0,1.38731,1.38731,1.38731,1.38731,0
51957000,1.38720,1.38721,1.38720,1.38721,0,1.38729,1.38730,1.38729,1.38730,0
51960000,1.38721,1.38721,1.38721,1.38721,0,1.38729,1.38730,1.38729,1.38730,0
51985000,1.38722,1.38722,1.38722,1.38722,0,1.38732,1.38732,1.38732,1.38732,0
51987000,1.38724,1.38724,1.38724,1.38724,0,1.38732,1.38732,1.38732,1.38732,0
51996000,1.38722,1.38722,1.38722,1.38722,0,1.38732,1.38732,1.38732,1.38732,0
52006000,1.38723,1.38723,1.38722,1.38722,0,1.38731,1.38732,1.38731,1.38732,0
52008000,1.38723,1.38723,1.38723,1.38723,0,1.38731,1.38731,1.38731,1.38731,0
52010000,1.38722,1.38722,1.38722,1.38722,0,1.38732,1.38732,1.38732,1.38732,0
52019000,1.38723,1.38723,1.38723,1.38723,0,1.38731,1.38731,1.38731,1.38731,0
52023000,1.38721,1.38721,1.38721,1.38721,0,1.38733,1.38733,1.38733,1.38733,0
52025000,1.38723,1.38723,1.38722,1.38722,0,1.38732,1.38732,1.38732,1.38732,0
52031000,1.38723,1.38723,1.38723,1.38723,0,1.38732,1.38732,1.38732,1.38732,0
52032000,1.38723,1.38723,1.38723,1.38723,0,1.38731,1.38731,1.38731,1.38731,0
52038000,1.38722,1.38722,1.38722,1.38722,0,1.38732,1.38732,1.38732,1.38732,0
52057000,1.38723,1.38723,1.38723,1.38723,0,1.38731,1.38731,1.38731,1.38731,0
52069000,1.38722,1.38722,1.38722,1.38722,0,1.38731,1.38731,1.38731,1.38731,0
52088000,1.38722,1.38722,1.38722,1.38722,0,1.38732,1.38732,1.38732,1.38732,0
52091000,1.38721,1.38721,1.38721,1.38721,0,1.38733,1.38733,1.38733,1.38733,0
52095000,1.38719,1.38720,1.38717,1.38720,0,1.38730,1.38730,1.38728,1.38730,0
52096000,1.38720,1.38720,1.38720,1.38720,0,1.38729,1.38729,1.38729,1.38729,0
52098000,1.38720,1.38720,1.38720,1.38720,0,1.38730,1.38730,1.38730,1.38730,0
52105000,1.38722,1.38722,1.38722,1.38722,0,1.38732,1.38732,1.38732,1.38732,0
52110000,1.38721,1.38721,1.38721,1.38721,0,1.38730,1.38730,1.38730,1.38730,0
52116000,1.38720,1.38720,1.38718,1.38718,0,1.38731,1.38731,1.38729,1.38729,0
52119000,1.38721,1.38722,1.38721,1.38722,0,1.38730,1.38732,1.38730,1.38732,0
52120000,1.38722,1.38722,1.38722,1.38722,0,1.38731,1.38731,1.38731,1.38731,0
52121000,1.38724,1.38726,1.38724,1.38726,0,1.38734,1.38737,1.38734,1.38736,0
52122000,1.38727,1.38727,1.38727,1.38727,0,1.38736,1.38738,1.38736,1.38738,0
52123000,1.38730,1.38733,1.38729,1.38733,0,1.38741,1.38745,1.38741,1.38745,0
52124000,1.38733,1.38733,1.38733,1.38733,0,1.38744,1.38744,1.38744,1.38744,0
52126000,1.38731,1.38731,1.38731,1.38731,0,1.38742,1.38742,1.38742,1.38742,0
52127000,1.38730,1.38732,1.38730,1.38732,0,1.38743,1.38744,1.38743,1.38744,0
52128000,1.38732,1.38732,1.38732,1.38732,0,1.38743,1.38743,1.38743,1.38743,0
52131000,1.38732,1.38732,1.38732,1.38732,0,1.38744,1.38744,1.38744,1.38744,0
52135000,1.38734,1.38734,1.38734,1.38734,0,1.38744,1.38744,1.38744,1.38744,0
52136000,1.38736,1.38740,1.38736,1.38740,0,1.38746,1.38753,1.38746,1.38753,0
52137000,1.38742,1.38742,1.38741,1.38741,0,1.38751,1.38752,1.38751,1.38752,0
52139000,1.38739,1.38739,1.38736,1.38736,0,1.38750,1.38750,1.38748,1.38748,0
52140000,1.38736,1.38736,1.38736,1.38736,0,1.38747,1.38748,1.38747,1.38748,0
52142000,1.38736,1.38736,1.38736,1.38736,0,1.38747,1.38747,1.38747,1.38747,0
52145000,1.38736,1.38736,1.38736,1.38736,0,1.38745,1.38745,1.38745,1.38745,0
52147000,1.38735,1.38737,1.38735,1.38735,0,1.38746,1.38746,1.38745,1.38745,0
52154000,1.38735,1.38735,1.38735,1.38735,0,1.38747,1.38747,1.38747,1.38747,0
52156000,1.38735,1.38735,1.38735,1.38735,0,1.38745,1.38745,1.38745,1.38745,0
52157000,1.38734,1.38734,1.38734,1.38734,0,1.38746,1.38746,1.38746,1.38746,0
52159000,1.38736,1.38736,1.38736,1.38736,0,1.38748,1.38748,1.38748,1.38748,0
52161000,1.38737,1.38737,1.38737,1.38737,0,1.38746,1.38746,1.38746,1.38746,0
52163000,1.38735,1.38735,1.38735,1.38735,0,1.38746,1.38746,1.38746,1.38746,0
52164000,1.38733,1.38733,1.38730,1.38730,0,1.38743,1.38744,1.38742,1.38742,0
52165000,1.38730,1.38732,1.38730,1.38732,0,1.38741,1.38743,1.38741,1.38743,0
52168000,1.38734,1.38734,1.38734,1.38734,0,1.38743,1.38743,1.38743,1.38743,0
52170000,1.38734,1.38734,1.38734,1.38734,0,1.38745,1.38745,1.38745,1.38745,0
52171000,1.38734,1.38734,1.38734,1.38734,0,1.38744,1.38744,1.38744,1.38744,0
52175000,1.38734,1.38734,1.38733,1.38733,0,1.38743,1.38745,1.38743,1.38745,0
52176000,1.38735,1.38735,1.38735,1.38735,0,1.38746,1.38746,1.38746,1.38746,0
52182000,1.38735,1.38735,1.38735,1.38735,0,1.38747,1.38747,1.38746,1.38746,0
52196000,1.38734,1.38734,1.38734,1.38734,0,1.38747,1.38747,1.38747,1.38747,0
52198000,1.38736,1.38736,1.38736,1.38736,0,1.38745,1.38745,1.38745,1.38745,0
52201000,1.38733,1.38733,1.38729,1.38729,0,1.38744,1.38744,1.38740,1.38741,0
52202000,1.38729,1.38731,1.38729,1.38729,0,1.38740,1.38740,1.38739,1.38740,0
52203000,1.38731,1.38732,1.38731,1.38732,0,1.38742,1.38742,1.38742,1.38742,0
52219000,1.38731,1.38731,1.38724,1.38725,0,1.38740,1.38742,1.38736,1.38736,0
52220000,1.38725,1.38725,1.38724,1.38724,0,1.38734,1.38734,1.38734,1.38734,0
52222000,1.38726,1.38726,1.38726,1.38726,0,1.38738,1.38738,1.38737,1.38737,0
52223000,1.38728,1.38728,1.38728,1.38728,0,1.38737,1.38739,1.38737,1.38739,0
52230000,1.38728,1.38728,1.38728,1.38728,0,1.38740,1.38740,1.38740,1.38740,0
52233000,1.38728,1.38728,1.38728,1.38728,0,1.38739,1.38739,1.38739,1.38739,0
52241000,1.38729,1.38729,1.38729,1.38729,0,1.38737,1.38738,1.38737,1.38738,0
52242000,1.38726,1.38726,1.38722,1.38723,0,1.38736,1.38738,1.38733,1.38733,0
52252000,1.38721,1.38721,1.38721,1.38721,0,1.38731,1.38731,1.38731,1.38731,0
52271000,1.38720,1.38720,1.38720,1.38720,0,1.38731,1.38731,1.38731,1.38731,0
52273000,1.38721,1.38721,1.38721,1.38721,0,1.38731,1.38731,1.38731,1.38731,0
52280000,1.38721,1.38721,1.38721,1.38721,0,1.38730,1.38730,1.38730,1.38730,0
52286000,1.38719,1.38719,1.38715,1.38715,0,1.38730,1.38730,1.38727,1.38727,0
52287000,1.38713,1.38713,1.38713,1.38713,0,1.38727,1.38727,1.38723,1.38723,0
52288000,1.38713,1.38713,1.38713,1.38713,0,1.38722,1.38722,1.38722,1.38722,0
52291000,1.38713,1.38715,1.38713,1.38715,0,1.38723,1.38726,1.38723,1.38726,0
52321000,1.38715,1.38715,1.38715,1.38715,0,1.38727,1.38727,1.38726,1.38726,0
52324000,1.38714,1.38718,1.38714,1.38718,0,1.38727,1.38729,1.38727,1.38729,0
52325000,1.38720,1.38721,1.38720,1.38721,0,1.38731,1.38731,1.38731,1.38731,0
52337000,1.38720,1.38720,1.38720,1.38720,0,1.38732,1.38732,1.38732,1.38732,0
52341000,1.38721,1.38721,1.38721,1.38721,0,1.38731,1.38731,1.38731,1.38731,0
52369000,1.38719,1.38719,1.38716,1.38716,0,1.38731,1.38731,1.38728,1.38728,0
52375000,1.38718,1.38718,1.38717,1.38717,0,1.38728,1.38729,1.38728,1.38729,0
52384000,1.38715,1.38715,1.38713,1.38713,0,1.38728,1.38728,1.38725,1.38725,0
52385000,1.38714,1.38714,1.38714,1.38714,0,1.38725,1.38725,1.38724,1.38724,0
52390000,1.38713,1.38713,1.38713,1.38713,0,1.38724,1.38724,1.38724,1.38724,0
52391000,1.38712,1.38712,1.38712,1.38712,0,1.38722,1.38722,1.38722,1.38722,0
52394000,1.38711,1.38714,1.38711,1.38713,0,1.38724,1.38727,1.38723,1.38723,0
52395000,1.38712,1.38712,1.38712,1.38712,0,1.38723,1.38723,1.38723,1.38723,0
52397000,1.38712,1.38712,1.38712,1.38712,0,1.38721,1.38723,1.38721,1.38723,0
52405000,1.38712,1.38714,1.38712,1.38714,0,1.38721,1.38724,1.38721,1.38724,0
52407000,1.38714,1.38715,1.38714,1.38715,0,1.38725,1.38725,1.38725,1.38725,0
52410000,1.38716,1.38716,1.38716,1.38716,0,1.38724,1.38724,1.38724,1.38724,0
52419000,1.38714,1.38714,1.38714,1.38714,0,1.38724,1.38724,1.38724,1.38724,0
52421000,1.38715,1.38715,1.38715,1.38715,0,1.38723,1.38723,1.38723,1.38723,0
52423000,1.38714,1.38714,1.38714,1.38714,0,1.38724,1.38724,1.38724,1.38724,0
52429000,1.38712,1.38712,1.38710,1.38711,0,1.38722,1.38722,1.38720,1.38720,0
52433000,1.38710,1.38710,1.38710,1.38710,0,1.38720,1.38720,1.38720,1.38720,0
52439000,1.38707,1.38707,1.38691,1.38691,0,1.38717,1.38718,1.38703,1.38703,0
52440000,1.38690,1.38691,1.38690,1.38691,0,1.38703,1.38703,1.38703,1.38703,0
52441000,1.38691,1.38691,1.38691,1.38691,0,1.38704,1.38704,1.38703,1.38703,0
52443000,1.38691,1.38691,1.38691,1.38691,0,1.38702,1.38702,1.38702,1.38702,0
52450000,1.38689,1.38689,1.38688,1.38688,0,1.38701,1.38701,1.38699,1.38699,0
52451000,1.38686,1.38689,1.38686,1.38688,0,1.38698,1.38699,1.38698,1.38699,0
52452000,1.38689,1.38689,1.38689,1.38689,0,1.38699,1.38700,1.38699,1.38700,0
52453000,1.38689,1.38689,1.38688,1.38688,0,1.38699,1.38699,1.38699,1.38699,0
52455000,1.38689,1.38689,1.38689,1.38689,0,1.38701,1.38701,1.38701,1.38701,0
52456000,1.38690,1.38690,1.38690,1.38690,0,1.38700,1.38700,1.38700,1.38700,0
52457000,1.38688,1.38688,1.38683,1.38683,0,1.38698,1.38698,1.38693,1.38693,0
52458000,1.38680,1.38680,1.38678,1.38678,0,1.38691,1.38691,1.38689,1.38689,0
52459000,1.38676,1.38677,1.38671,1.38671,0,1.38687,1.38687,1.38684,1.38684,0
52460000,1.38673,1.38674,1.38673,1.38674,0,1.38685,1.38685,1.38685,1.38685,0
52461000,1.38672,1.38673,1.38672,1.38673,0,1.38685,1.38685,1.38685,1.38685,0
52462000,1.38673,1.38673,1.38673,1.38673,0,1.38686,1.38686,1.38685,1.38685,0
52463000,1.38674,1.38674,1.38673,1.38673,0,1.38684,1.38684,1.38684,1.38684,0
52464000,1.38670,1.38670,1.38668,1.38668,0,1.38682,1.38682,1.38679,1.38679,0
52465000,1.38665,1.38665,1.38661,1.38661,0,1.38676,1.38676,1.38673,1.38673,0
52467000,1.38664,1.38667,1.38664,1.38667,0,1.38676,1.38678,1.38675,1.38678,0
52468000,1.38668,1.38668,1.38667,1.38667,0,1.38677,1.38678,1.38677,1.38678,0
52470000,1.38667,1.38667,1.38663,1.38663,0,1.38679,1.38679,1.38675,1.38675,0
52472000,1.38664,1.38664,1.38663,1.38663,0,1.38673,1.38675,1.38673,1.38675,0
52473000,1.38664,1.38665,1.38664,1.38665,0,1.38675,1.38675,1.38674,1.38674,0
52474000,1.38664,1.38667,1.38664,1.38667,0,1.38676,1.38677,1.38676,1.38677,0
52476000,1.38666,1.38677,1.38666,1.38677,0,1.38677,1.38688,1.38677,1.38688,0
52481000,1.38679,1.38682,1.38679,1.38682,0,1.38690,1.38692,1.38690,1.38692,0
52482000,1.38683,1.38683,1.38683,1.38683,0,1.38692,1.38692,1.38692,1.38692,0
52484000,1.38682,1.38682,1.38682,1.38682,0,1.38694,1.38694,1.38694,1.38694,0
52485000,1.38683,1.38684,1.38683,1.38683,0,1.38693,1.38695,1.38693,1.38695,0
52488000,1.38680,1.38680,1.38680,1.38680,0,1.38692,1.38692,1.38690,1.38690,0
52489000,1.38678,1.38682,1.38678,1.38682,0,1.38691,1.38697,1.38691,1.38696,0
52490000,1.38681,1.38682,1.38681,1.38682,0,1.38694,1.38694,1.38693,1.38693,0
52491000,1.38683,1.38683,1.38683,1.38683,0,1.38693,1.38693,1.38693,1.38693,0
52494000,1.38683,1.38684,1.38682,1.38684,0,1.38694,1.38696,1.38694,1.38694,0
52495000,1.38682,1.38682,1.38674,1.38674,0,1.38692,1.38692,1.38686,1.38686,0
52496000,1.38674,1.38674,1.38674,1.38674,0,1.38684,1.38684,1.38684,1.38684,0
52499000,1.38676,1.38676,1.38676,1.38676,0,1.38685,1.38685,1.38685,1.38685,0
52500000,1.38675,1.38675,1.38675,1.38675,0,1.38686,1.38686,1.38686,1.38686,0
52502000,1.38677,1.38680,1.38677,1.38680,0,1.38688,1.38692,1.38688,1.38692,0
52503000,1.38681,1.38683,1.38681,1.38683,0,1.38692,1.38692,1.38691,1.38691,0
52504000,1.38682,1.38682,1.38682,1.38682,0,1.38691,1.38691,1.38691,1.38691,0
52525000,1.38679,1.38679,1.38676,1.38676,0,1.38693,1.38693,1.38689,1.38689,0
52526000,1.38674,1.38676,1.38674,1.38674,0,1.38686,1.38686,1.38685,1.38685,0
52527000,1.38676,1.38676,1.38676,1.38676,0,1.38684,1.38684,1.38684,1.38684,0
52528000,1.38674,1.38674,1.38672,1.38672,0,1.38685,1.38685,1.38682,1.38682,0
52534000,1.38673,1.38675,1.38671,1.38675,0,1.38682,1.38686,1.38682,1.38684,0
52535000,1.38674,1.38674,1.38674,1.38674,0,1.38685,1.38685,1.38685,1.38685,0
52537000,1.38674,1.38674,1.38674,1.38674,0,1.38683,1.38683,1.38683,1.38683,0
52539000,1.38672,1.38674,1.38668,1.38674,0,1.38681,1.38686,1.38680,1.38686,0
52540000,1.38674,1.38674,1.38674,1.38674,0,1.38685,1.38685,1.38683,1.38683,0
52542000,1.38674,1.38674,1.38674,1.38674,0,1.38685,1.38685,1.38685,1.38685,0
52547000,1.38673,1.38675,1.38673,1.38675,0,1.38685,1.38685,1.38685,1.38685,0
52551000,1.38673,1.38673,1.38671,1.38671,0,1.38684,1.38684,1.38682,1.38682,0
52556000,1.38673,1.38673,1.38673,1.38673,0,1.38682,1.38682,1.38682,1.38682,0
52557000,1.38672,1.38672,1.38672,1.38672,0,1.38683,1.38683,1.38683,1.38683,0
52559000,1.38675,1.38675,1.38673,1.38673,0,1.38684,1.38684,1.38684,1.38684,0
52560000,1.38673,1.38673,1.38673,1.38673,0,1.38683,1.38683,1.38683,1.38683,0
52561000,1.38673,1.38673,1.38673,1.38673,0,1.38684,1.38684,1.38684,1.38684,0
52562000,1.38674,1.38675,1.38674,1.38675,0,1.38683,1.38685,1.38683,1.38685,0
52572000,1.38673,1.38673,1.38673,1.38673,0,1.38685,1.38685,1.38683,1.38683,0
52574000,1.38673,1.38673,1.38673,1.38673,0,1.38681,1.38681,1.38681,1.38681,0
52575000,1.38672,1.38674,1.38672,1.38674,0,1.38682,1.38684,1.38682,1.38684,0
52576000,1.38675,1.38675,1.38675,1.38675,0,1.38686,1.38686,1.38686,1.38686,0
52579000,1.38676,1.38676,1.38676,1.38676,0,1.38686,1.38686,1.38686,1.38686,0
52583000,1.38675,1.38675,1.38675,1.38675,0,1.38686,1.38686,1.38686,1.38686,0
52584000,1.38676,1.38676,1.38676,1.38676,0,1.38686,1.38686,1.38686,1.38686,0
52587000,1.38675,1.38675,1.38675,1.38675,0,1.38686,1.38686,1.38686,1.38686,0
52594000,1.38677,1.38677,1.38677,1.38677,0,1.38686,1.38686,1.38686,1.38686,0
52595000,1.38676,1.38678,1.38676,1.38678,0,1.38687,1.38691,1.38687,1.38690,0
52596000,1.38680,1.38681,1.38680,1.38681,0,1.38692,1.38692,1.38692,1.38692,0
52599000,1.38681,1.38681,1.38679,1.38679,0,1.38694,1.38694,1.38692,1.38692,0
52600000,1.38680,1.38681,1.38678,1.38681,0,1.38691,1.38691,1.38689,1.38691,0
52603000,1.38681,1.38681,1.38681,1.38681,0,1.38690,1.38690,1.38690,1.38690,0
52610000,1.38682,1.38685,1.38682,1.38685,0,1.38692,1.38695,1.38692,1.38694,0
52616000,1.38684,1.38684,1.38684,1.38684,0,1.38695,1.38695,1.38695,1.38695,0
52621000,1.38685,1.38685,1.38685,1.38685,0,1.38694,1.38696,1.38694,1.38696,0
52625000,1.38685,1.38685,1.38685,1.38685,0,1.38695,1.38695,1.38695,1.38695,0
52626000,1.38685,1.38686,1.38684,1.38684,0,1.38696,1.38696,1.38695,1.38695,0
52635000,1.38685,1.38685,1.38684,1.38684,0,1.38694,1.38695,1.38694,1.38695,0
52637000,1.38682,1.38682,1.38682,1.38682,0,1.38693,1.38693,1.38693,1.38693,0
52643000,1.38684,1.38684,1.38684,1.38684,0,1.38695,1.38695,1.38695,1.38695,0
52645000,1.38684,1.38689,1.38684,1.38688,0,1.38696,1.38700,1.38696,1.38700,0
52646000,1.38691,1.38691,1.38691,1.38691,0,1.38703,1.38703,1.38703,1.38703,0
52647000,1.38692,1.38693,1.38692,1.38693,0,1.38702,1.38704,1.38702,1.38704,0
52665000,1.38692,1.38692,1.38692,1.38692,0,1.38704,1.38704,1.38704,1.38704,0
52668000,1.38693,1.38693,1.38693,1.38693,0,1.38703,1.38703,1.38703,1.38703,0
52671000,1.38692,1.38692,1.38692,1.38692,0,1.38704,1.38704,1.38704,1.38704,0
52673000,1.38693,1.38693,1.38693,1.38693,0,1.38704,1.38704,1.38704,1.38704,0
52674000,1.38695,1.38695,1.38695,1.38695,0,1.38705,1.38705,1.38705,1.38705,0
52677000,1.38695,1.38697,1.38695,1.38697,0,1.38706,1.38706,1.38706,1.38706,0
52679000,1.38696,1.38696,1.38696,1.38696,0,1.38706,1.38706,1.38706,1.38706,0
52680000,1.38696,1.38696,1.38696,1.38696,0,1.38705,1.38705,1.38705,1.38705,0
52681000,1.38694,1.38694,1.38692,1.38694,0,1.38706,1.38706,1.38704,1.38704,0
52682000,1.38693,1.38693,1.38693,1.38693,0,1.38702,1.38702,1.38702,1.38702,0
52686000,1.38692,1.38692,1.38692,1.38692,0,1.38704,1.38704,1.38703,1.38703,0
52687000,1.38693,1.38693,1.38693,1.38693,0,1.38702,1.38702,1.38702,1.38702,0
52694000,1.38689,1.38689,1.38686,1.38686,0,1.38700,1.38700,1.38699,1.38699,0
52695000,1.38684,1.38684,1.38679,1.38679,0,1.38696,1.38696,1.38690,1.38690,0
52696000,1.38679,1.38679,1.38679,1.38679,0,1.38689,1.38690,1.38689,1.38690,0
52699000,1.38681,1.38681,1.38681,1.38681,0,1.38690,1.38691,1.38690,1.38691,0
52700000,1.38679,1.38679,1.38679,1.38679,0,1.38689,1.38691,1.38689,1.38691,0
52703000,1.38681,1.38681,1.38681,1.38681,0,1.38692,1.38692,1.38692,1.38692,0
52709000,1.38681,1.38681,1.38671,1.38671,0,1.38690,1.38691,1.38682,1.38682,0
52710000,1.38672,1.38672,1.38672,1.38672,0,1.38681,1.38681,1.38681,1.38681,0
52716000,1.38674,1.38674,1.38674,1.38674,0,1.38684,1.38684,1.38684,1.38684,0
52717000,1.38674,1.38676,1.38674,1.38676,0,1.38686,1.38686,1.38686,1.38686,0
52719000,1.38674,1.38674,1.38674,1.38674,0,1.38684,1.38684,1.38684,1.38684,0
52726000,1.38676,1.38676,1.38675,1.38675,0,1.38686,1.38688,1.38686,1.38688,0
52727000,1.38676,1.38684,1.38676,1.38684,0,1.38687,1.38695,1.38687,1.38695,0
52728000,1.38685,1.38685,1.38684,1.38684,0,1.38694,1.38695,1.38694,1.38695,0
52729000,1.38682,1.38682,1.38682,1.38682,0,1.38694,1.38694,1.38694,1.38694,0
52730000,1.38679,1.38679,1.38676,1.38676,0,1.38692,1.38692,1.38689,1.38689,0
52731000,1.38675,1.38677,1.38675,1.38676,0,1.38686,1.38690,1.38686,1.38690,0
52732000,1.38675,1.38677,1.38675,1.38677,0,1.38688,1.38689,1.38688,1.38688,0
52733000,1.38677,1.38677,1.38674,1.38674,0,1.38689,1.38689,1.38685,1.38685,0
52740000,1.38672,1.38672,1.38672,1.38672,0,1.38682,1.38682,1.38682,1.38682,0
52743000,1.38672,1.38672,1.38672,1.38672,0,1.38683,1.38683,1.38683,1.38683,0
52745000,1.38670,1.38670,1.38670,1.38670,0,1.38681,1.38681,1.38681,1.38681,0
52747000,1.38672,1.38672,1.38672,1.38672,0,1.38683,1.38683,1.38683,1.38683,0
52749000,1.38673,1.38678,1.38673,1.38676,0,1.38686,1.38688,1.38686,1.38687,0
52753000,1.38675,1.38675,1.38672,1.38672,0,1.38685,1.38685,1.38684,1.38684,0
52757000,1.38674,1.38674,1.38674,1.38674,0,1.38683,1.38683,1.38683,1.38683,0
52758000,1.38673,1.38673,1.38673,1.38673,0,1.38685,1.38685,1.38685,1.38685,0
52759000,1.38676,1.38676,1.38676,1.38676,0,1.38686,1.38686,1.38686,1.38686,0
52760000,1.38675,1.38675,1.38675,1.38675,0,1.38686,1.38686,1.38686,1.38686,0
52761000,1.38675,1.38675,1.38675,1.38675,0,1.38685,1.38685,1.38685,1.38685,0
52762000,1.38675,1.38675,1.38675,1.38675,0,1.38686,1.38686,1.38686,1.38686,0
52763000,1.38674,1.38674,1.38673,1.38673,0,1.38684,1.38684,1.38683,1.38684,0
52800000,1.38675,1.38676,1.38675,1.38676,0,1.38685,1.38687,1.38685,1.38687,0
52804000,1.38678,1.38678,1.38678,1.38678,0,1.38689,1.38690,1.38689,1.38690,0
52805000,1.38678,1.38681,1.38678,1.38681,0,1.38689,1.38690,1.38688,1.38689,0
52806000,1.38681,1.38681,1.38681,1.38681,0,1.38690,1.38690,1.38690,1.38690,0
52809000,1.38681,1.38681,1.38681,1.38681,0,1.38691,1.38691,1.38691,1.38691,0
52813000,1.38682,1.38683,1.38682,1.38683,0,1.38693,1.38693,1.38693,1.38693,0
52816000,1.38686,1.38686,1.38686,1.38686,0,1.38695,1.38695,1.38695,1.38695,0
52817000,1.38685,1.38685,1.38685,1.38685,0,1.38695,1.38695,1.38695,1.38695,0
52819000,1.38684,1.38684,1.38684,1.38684,0,1.38696,1.38696,1.38696,1.38696,0
52820000,1.38685,1.38685,1.38685,1.38685,0,1.38695,1.38695,1.38695,1.38695,0
52823000,1.38685,1.38685,1.38685,1.38685,0,1.38696,1.38696,1.38696,1.38696,0
52827000,1.38684,1.38684,1.38684,1.38684,0,1.38694,1.38694,1.38694,1.38694,0
52838000,1.38684,1.38687,1.38684,1.38687,0,1.38696,1.38698,1.38696,1.38698,0
52841000,1.38687,1.38689,1.38687,1.38689,0,1.38697,1.38699,1.38697,1.38699,0
52842000,1.38689,1.38690,1.38689,1.38690,0,1.38700,1.38701,1.38699,1.38701,0
52852000,1.38688,1.38688,1.38688,1.38688,0,1.38699,1.38699,1.38699,1.38699,0
52857000,1.38688,1.38688,1.38683,1.38684,0,1.38700,1.38700,1.38694,1.38694,0
52858000,1.38684,1.38684,1.38684,1.38684,0,1.38693,1.38693,1.38693,1.38693,0
52862000,1.38684,1.38684,1.38684,1.38684,0,1.38694,1.38694,1.38694,1.38694,0
52869000,1.38685,1.38686,1.38680,1.38681,0,1.38696,1.38697,1.38692,1.38694,0
52870000,1.38681,1.38681,1.38681,1.38681,0,1.38693,1.38693,1.38693,1.38693,0
52875000,1.38682,1.38682,1.38682,1.38682,0,1.38692,1.38692,1.38692,1.38692,0
52876000,1.38681,1.38681,1.38681,1.38681,0,1.38693,1.38693,1.38692,1.38692,0
52877000,1.38681,1.38681,1.38679,1.38679,0,1.38693,1.38693,1.38690,1.38690,0
52885000,1.38680,1.38680,1.38680,1.38680,0,1.38690,1.38690,1.38690,1.38690,0
52887000,1.38679,1.38679,1.38671,1.38671,0,1.38690,1.38690,1.38686,1.38687,0
52888000,1.38672,1.38674,1.38672,1.38674,0,1.38686,1.38686,1.38684,1.38684,0
52889000,1.38673,1.38673,1.38673,1.38673,0,1.38685,1.38685,1.38685,1.38685,0
52891000,1.38674,1.38674,1.38674,1.38674,0,1.38683,1.38683,1.38683,1.38683,0
52893000,1.38672,1.38673,1.38672,1.38673,0,1.38684,1.38684,1.38682,1.38682,0
52904000,1.38672,1.38672,1.38672,1.38672,0,1.38683,1.38683,1.38683,1.38683,0
52912000,1.38670,1.38670,1.38668,1.38668,0,1.38681,1.38681,1.38679,1.38679,0
52913000,1.38664,1.38664,1.38661,1.38661,0,1.38677,1.38677,1.38672,1.38672,0
52914000,1.38660,1.38660,1.38660,1.38660,0,1.38670,1.38672,1.38670,1.38672,0
52915000,1.38661,1.38661,1.38661,1.38661,0,1.38671,1.38671,1.38671,1.38671,0
52920000,1.38662,1.38668,1.38661,1.38668,0,1.38674,1.38680,1.38674,1.38680,0
52921000,1.38670,1.38670,1.38670,1.38670,0,1.38679,1.38679,1.38679,1.38679,0
52923000,1.38670,1.38670,1.38670,1.38670,0,1.38680,1.38680,1.38680,1.38680,0
52925000,1.38670,1.38670,1.38670,1.38670,0,1.38682,1.38682,1.38682,1.38682,0
52926000,1.38673,1.38673,1.38673,1.38673,0,1.38681,1.38681,1.38681,1.38681,0
52927000,1.38672,1.38672,1.38672,1.38672,0,1.38682,1.38682,1.38682,1.38682,0
52931000,1.38671,1.38671,1.38671,1.38671,0,1.38683,1.38683,1.38682,1.38682,0
52932000,1.38671,1.38671,1.38671,1.38671,0,1.38680,1.38680,1.38680,1.38680,0
52933000,1.38671,1.38671,1.38671,1.38671,0,1.38682,1.38682,1.38682,1.38682,0
52935000,1.38671,1.38671,1.38671,1.38671,0,1.38683,1.38683,1.38683,1.38683,0
52939000,1.38672,1.38672,1.38672,1.38672,0,1.38682,1.38682,1.38682,1.38682,0
52941000,1.38672,1.38672,1.38672,1.38672,0,1.38683,1.38683,1.38683,1.38683,0
52946000,1.38672,1.38676,1.38672,1.38676,0,1.38682,1.38687,1.38682,1.38687,0
52947000,1.38678,1.38678,1.38675,1.38676,0,1.38689,1.38689,1.38687,1.38687,0
52948000,1.38678,1.38678,1.38678,1.38678,0,1.38689,1.38689,1.38688,1.38688,0
52949000,1.38679,1.38679,1.38679,1.38679,0,1.38688,1.38688,1.38688,1.38688,0
52950000,1.38678,1.38678,1.38678,1.38678,0,1.38688,1.38688,1.38688,1.38688,0
52953000,1.38676,1.38676,1.38676,1.38676,0,1.38687,1.38687,1.38686,1.38686,0
52954000,1.38674,1.38674,1.38673,1.38674,0,1.38684,1.38686,1.38684,1.38684,0
52955000,1.38673,1.38675,1.38673,1.38675,0,1.38685,1.38685,1.38684,1.38684,0
52956000,1.38673,1.38676,1.38673,1.38676,0,1.38686,1.38689,1.38686,1.38688,0
52957000,1.38678,1.38678,1.38678,1.38678,0,1.38687,1.38687,1.38687,1.38687,0
52958000,1.38677,1.38677,1.38677,1.38677,0,1.38688,1.38688,1.38688,1.38688,0
52959000,1.38678,1.38681,1.38678,1.38681,0,1.38690,1.38691,1.38689,1.38691,0
52960000,1.38681,1.38681,1.38680,1.38681,0,1.38690,1.38692,1.38690,1.38692,0
52962000,1.38679,1.38679,1.38677,1.38677,0,1.38689,1.38690,1.38688,1.38688,0
52963000,1.38677,1.38677,1.38677,1.38677,0,1.38686,1.38686,1.38686,1.38686,0
52965000,1.38676,1.38676,1.38671,1.38671,0,1.38686,1.38687,1.38682,1.38682,0
52966000,1.38670,1.38670,1.38670,1.38670,0,1.38682,1.38682,1.38682,1.38682,0
52967000,1.38672,1.38672,1.38672,1.38672,0,1.38682,1.38682,1.38682,1.38682,0
52968000,1.38670,1.38670,1.38669,1.38669,0,1.38683,1.38683,1.38682,1.38682,0
52970000,1.38671,1.38671,1.38671,1.38671,0,1.38681,1.38681,1.38681,1.38681,0
52972000,1.38669,1.38669,1.38669,1.38669,0,1.38681,1.38681,1.38681,1.38681,0
52977000,1.38670,1.38670,1.38670,1.38670,0,1.38680,1.38680,1.38680,1.38680,0
52979000,1.38669,1.38669,1.38669,1.38669,0,1.38681,1.38681,1.38681,1.38681,0
52980000,1.38670,1.38671,1.38670,1.38671,0,1.38681,1.38681,1.38680,1.38680,0
52981000,1.38670,1.38674,1.38670,1.38674,0,1.38681,1.38687,1.38681,1.38687,0
52982000,1.38674,1.38677,1.38674,1.38675,0,1.38686,1.38689,1.38685,1.38685,0
52984000,1.38673,1.38673,1.38667,1.38668,0,1.38684,1.38684,1.38678,1.38678,0
52986000,1.38666,1.38666,1.38666,1.38666,0,1.38677,1.38677,1.38677,1.38677,0
52988000,1.38668,1.38668,1.38667,1.38667,0,1.38678,1.38679,1.38678,1.38679,0
52989000,1.38665,1.38665,1.38659,1.38659,0,1.38677,1.38677,1.38672,1.38672,0
52991000,1.38660,1.38660,1.38660,1.38660,0,1.38672,1.38672,1.38672,1.38672,0
52996000,1.38662,1.38667,1.38660,1.38666,0,1.38674,1.38678,1.38672,1.38678,0
52997000,1.38663,1.38663,1.38663,1.38663,0,1.38675,1.38675,1.38675,1.38675,0
53004000,1.38661,1.38661,1.38660,1.38660,0,1.38672,1.38673,1.38672,1.38673,0
53006000,1.38660,1.38660,1.38660,1.38660,0,1.38672,1.38672,1.38672,1.38672,0
53008000,1.38661,1.38661,1.38661,1.38661,0,1.38671,1.38671,1.38671,1.38671,0
53015000,1.38663,1.38663,1.38663,1.38663,0,1.38674,1.38674,1.38674,1.38674,0
53018000,1.38664,1.38664,1.38664,1.38664,0,1.38673,1.38673,1.38673,1.38673,0
53019000,1.38664,1.38664,1.38664,1.38664,0,1.38674,1.38674,1.38674,1.38674,0
53022000,1.38662,1.38662,1.38661,1.38661,0,1.38673,1.38673,1.38673,1.38673,0
53024000,1.38662,1.38663,1.38662,1.38663,0,1.38672,1.38672,1.38672,1.38672,0
53025000,1.38663,1.38663,1.38663,1.38663,0,1.38673,1.38673,1.38673,1.38673,0
53026000,1.38663,1.38663,1.38663,1.38663,0,1.38672,1.38672,1.38672,1.38672,0
53039000,1.38660,1.38660,1.38660,1.38660,0,1.38671,1.38671,1.38671,1.38671,0
53048000,1.38661,1.38661,1.38661,1.38661,0,1.38673,1.38673,1.38673,1.38673,0
53049000,1.38662,1.38662,1.38662,1.38662,0,1.38672,1.38672,1.38672,1.38672,0
53050000,1.38661,1.38661,1.38661,1.38661,0,1.38673,1.38673,1.38673,1.38673,0
53051000,1.38662,1.38664,1.38662,1.38663,0,1.38672,1.38675,1.38672,1.38675,0
53052000,1.38661,1.38661,1.38661,1.38661,0,1.38672,1.38672,1.38672,1.38672,0
53053000,1.38659,1.38660,1.38659,1.38660,0,1.38671,1.38671,1.38670,1.38670,0
53056000,1.38660,1.38660,1.38660,1.38660,0,1.38672,1.38672,1.38670,1.38670,0
53057000,1.38660,1.38660,1.38660,1.38660,0,1.38672,1.38672,1.38670,1.38670,0
53060000,1.38660,1.38660,1.38660,1.38660,0,1.38672,1.38672,1.38672,1.38672,0
53061000,1.38658,1.38659,1.38658,1.38659,0,1.38670,1.38670,1.38670,1.38670,0
53070000,1.38659,1.38661,1.38659,1.38661,0,1.38669,1.38671,1.38669,1.38671,0
53071000,1.38661,1.38661,1.38661,1.38661,0,1.38670,1.38670,1.38670,1.38670,0
53072000,1.38660,1.38660,1.38660,1.38660,0,1.38671,1.38671,1.38671,1.38671,0
53081000,1.38662,1.38662,1.38661,1.38661,0,1.38672,1.38673,1.38672,1.38673,0
53085000,1.38659,1.38659,1.38659,1.38659,0,1.38671,1.38671,1.38671,1.38671,0
53086000,1.38659,1.38661,1.38659,1.38661,0,1.38670,1.38670,1.38670,1.38670,0
53087000,1.38660,1.38660,1.38660,1.38660,0,1.38671,1.38671,1.38671,1.38671,0
53102000,1.38662,1.38662,1.38660,1.38660,0,1.38671,1.38671,1.38671,1.38671,0
53113000,1.38663,1.38663,1.38663,1.38663,0,1.38674,1.38674,1.38674,1.38674,0
53118000,1.38663,1.38663,1.38663,1.38663,0,1.38673,1.38675,1.38673,1.38673,0
53122000,1.38663,1.38663,1.38663,1.38663,0,1.38675,1.38675,1.38675,1.38675,0
53126000,1.38664,1.38664,1.38664,1.38664,0,1.38675,1.38675,1.38675,1.38675,0
53132000,1.38666,1.38667,1.38666,1.38667,0,1.38677,1.38678,1.38676,1.38678,0
53133000,1.38666,1.38666,1.38664,1.38664,0,1.38678,1.38678,1.38675,1.38675,0
53154000,1.38663,1.38663,1.38663,1.38663,0,1.38675,1.38675,1.38675,1.38675,0
53156000,1.38664,1.38665,1.38662,1.38663,0,1.38674,1.38677,1.38673,1.38673,0
53164000,1.38664,1.38664,1.38663,1.38663,0,1.38673,1.38674,1.38673,1.38674,0
53165000,1.38664,1.38664,1.38664,1.38664,0,1.38673,1.38673,1.38673,1.38673,0
53177000,1.38663,1.38663,1.38663,1.38663,0,1.38674,1.38674,1.38674,1.38674,0
53181000,1.38665,1.38665,1.38665,1.38665,0,1.38675,1.38675,1.38675,1.38675,0
53185000,1.38663,1.38663,1.38663,1.38663,0,1.38674,1.38674,1.38674,1.38674,0
53187000,1.38665,1.38667,1.38665,1.38667,0,1.38676,1.38677,1.38675,1.38677,0
53188000,1.38666,1.38666,1.38666,1.38666,0,1.38677,1.38677,1.38676,1.38676,0
53205000,1.38665,1.38673,1.38665,1.38673,0,1.38677,1.38689,1.38677,1.38685,0
53208000,1.38673,1.38673,1.38673,1.38673,0,1.38682,1.38682,1.38682,1.38682,0
53212000,1.38672,1.38672,1.38670,1.38670,0,1.38683,1.38683,1.38681,1.38681,0
53218000,1.38668,1.38668,1.38662,1.38663,0,1.38679,1.38680,1.38674,1.38674,0
53219000,1.38663,1.38663,1.38663,1.38663,0,1.38672,1.38674,1.38672,1.38674,0
53223000,1.38663,1.38663,1.38663,1.38663,0,1.38673,1.38673,1.38673,1.38673,0
53224000,1.38662,1.38662,1.38662,1.38662,0,1.38673,1.38673,1.38672,1.38672,0
53225000,1.38662,1.38663,1.38662,1.38663,0,1.38674,1.38674,1.38673,1.38673,0
53238000,1.38661,1.38661,1.38661,1.38661,0,1.38673,1.38673,1.38673,1.38673,0
53239000,1.38659,1.38659,1.38657,1.38659,0,1.38671,1.38671,1.38668,1.38668,0
53240000,1.38658,1.38658,1.38658,1.38658,0,1.38668,1.38668,1.38668,1.38668,0
53241000,1.38658,1.38660,1.38658,1.38659,0,1.38669,1.38670,1.38669,1.38670,0
53242000,1.38657,1.38657,1.38657,1.38657,0,1.38668,1.38668,1.38668,1.38668,0
53243000,1.38657,1.38657,1.38657,1.38657,0,1.38669,1.38669,1.38669,1.38669,0
53248000,1.38657,1.38657,1.38657,1.38657,0,1.38668,1.38668,1.38668,1.38668,0
53249000,1.38657,1.38664,1.38657,1.38660,0,1.38671,1.38677,1.38671,1.38673,0
53250000,1.38660,1.38660,1.38660,1.38660,0,1.38672,1.38672,1.38672,1.38672,0
53251000,1.38658,1.38658,1.38655,1.38656,0,1.38671,1.38671,1.38668,1.38669,0
53254000,1.38657,1.38657,1.38657,1.38657,0,1.38668,1.38668,1.38668,1.38668,0
53259000,1.38658,1.38658,1.38657,1.38657,0,1.38671,1.38671,1.38669,1.38669,0
53262000,1.38660,1.38663,1.38659,1.38663,0,1.38669,1.38675,1.38669,1.38675,0
53263000,1.38664,1.38664,1.38661,1.38662,0,1.38675,1.38675,1.38672,1.38672,0
53264000,1.38662,1.38662,1.38662,1.38662,0,1.38673,1.38673,1.38673,1.38673,0
53266000,1.38660,1.38661,1.38660,1.38661,0,1.38673,1.38673,1.38672,1.38672,0
53273000,1.38663,1.38663,1.38663,1.38663,0,1.38674,1.38674,1.38674,1.38674,0
53276000,1.38665,1.38665,1.38665,1.38665,0,1.38676,1.38676,1.38675,1.38675,0
53277000,1.38665,1.38665,1.38663,1.38663,0,1.38676,1.38676,1.38676,1.38676,0
53278000,1.38663,1.38668,1.38663,1.38668,0,1.38674,1.38679,1.38674,1.38679,0
53279000,1.38669,1.38670,1.38667,1.38670,0,1.38679,1.38680,1.38679,1.38680,0
53287000,1.38668,1.38668,1.38668,1.38668,0,1.38678,1.38678,1.38678,1.38678,0
53288000,1.38668,1.38668,1.38661,1.38661,0,1.38680,1.38680,1.38672,1.38672,0
53290000,1.38660,1.38660,1.38659,1.38659,0,1.38670,1.38671,1.38670,1.38671,0
53291000,1.38659,1.38659,1.38659,1.38659,0,1.38670,1.38670,1.38670,1.38670,0
53299000,1.38659,1.38659,1.38659,1.38659,0,1.38671,1.38671,1.38671,1.38671,0
53300000,1.38661,1.38661,1.38661,1.38661,0,1.38670,1.38670,1.38670,1.38670,0
53320000,1.38658,1.38659,1.38655,1.38655,0,1.38671,1.38671,1.38668,1.38668,0
53321000,1.38653,1.38653,1.38652,1.38652,0,1.38665,1.38665,1.38662,1.38662,0
53322000,1.38651,1.38654,1.38651,1.38654,0,1.38664,1.38665,1.38664,1.38665,0
53323000,1.38657,1.38661,1.38657,1.38661,0,1.38668,1.38671,1.38668,1.38671,0
53332000,1.38661,1.38661,1.38661,1.38661,0,1.38670,1.38670,1.38670,1.38670,0
53335000,1.38659,1.38659,1.38659,1.38659,0,1.38670,1.38670,1.38668,1.38668,0
53336000,1.38659,1.38659,1.38659,1.38659,0,1.38669,1.38669,1.38669,1.38669,0
53340000,1.38657,1.38657,1.38654,1.38654,0,1.38669,1.38669,1.38665,1.38665,0
53344000,1.38655,1.38657,1.38655,1.38657,0,1.38668,1.38668,1.38668,1.38668,0
53345000,1.38659,1.38659,1.38653,1.38654,0,1.38670,1.38670,1.38666,1.38666,0
53347000,1.38654,1.38656,1.38653,1.38653,0,1.38665,1.38668,1.38665,1.38666,0
53348000,1.38654,1.38654,1.38651,1.38651,0,1.38664,1.38665,1.38664,1.38665,0
53349000,1.38650,1.38651,1.38650,1.38651,0,1.38663,1.38663,1.38662,1.38662,0
53353000,1.38651,1.38660,1.38651,1.38660,0,1.38661,1.38673,1.38661,1.38673,0
53354000,1.38659,1.38659,1.38658,1.38658,0,1.38670,1.38670,1.38668,1.38669,0
53356000,1.38660,1.38660,1.38655,1.38655,0,1.38669,1.38669,1.38669,1.38669,0
53357000,1.38656,1.38656,1.38652,1.38654,0,1.38669,1.38669,1.38663,1.38663,0
53358000,1.38654,1.38654,1.38654,1.38654,0,1.38664,1.38664,1.38664,1.38664,0
53366000,1.38653,1.38654,1.38653,1.38653,0,1.38666,1.38666,1.38664,1.38665,0
53372000,1.38655,1.38657,1.38655,1.38657,0,1.38667,1.38670,1.38667,1.38668,0
53373000,1.38657,1.38658,1.38655,1.38658,0,1.38669,1.38670,1.38666,1.38669,0
53374000,1.38660,1.38660,1.38660,1.38660,0,1.38671,1.38671,1.38671,1.38671,0
53381000,1.38661,1.38661,1.38661,1.38661,0,1.38670,1.38670,1.38670,1.38670,0
53387000,1.38661,1.38661,1.38661,1.38661,0,1.38672,1.38672,1.38672,1.38672,0
53388000,1.38661,1.38661,1.38661,1.38661,0,1.38670,1.38670,1.38670,1.38670,0
53401000,1.38661,1.38661,1.38661,1.38661,0,1.38671,1.38671,1.38671,1.38671,0
53405000,1.38660,1.38660,1.38653,1.38654,0,1.38669,1.38670,1.38665,1.38665,0
53406000,1.38654,1.38654,1.38654,1.38654,0,1.38667,1.38667,1.38664,1.38664,0
53407000,1.38652,1.38652,1.38652,1.38652,0,1.38662,1.38662,1.38662,1.38662,0
53408000,1.38651,1.38652,1.38651,1.38652,0,1.38664,1.38664,1.38663,1.38663,0
53409000,1.38654,1.38654,1.38652,1.38653,0,1.38666,1.38666,1.38664,1.38664,0
53410000,1.38651,1.38651,1.38651,1.38651,0,1.38662,1.38662,1.38662,1.38662,0
53411000,1.38652,1.38652,1.38652,1.38652,0,1.38662,1.38663,1.38662,1.38663,0
53419000,1.38655,1.38655,1.38655,1.38655,0,1.38666,1.38667,1.38666,1.38666,0
53421000,1.38652,1.38654,1.38652,1.38654,0,1.38664,1.38666,1.38664,1.38665,0
53422000,1.38652,1.38652,1.38652,1.38652,0,1.38664,1.38664,1.38664,1.38664,0
53426000,1.38652,1.38652,1.38652,1.38652,0,1.38663,1.38663,1.38663,1.38663,0
53427000,1.38653,1.38653,1.38653,1.38653,0,1.38662,1.38662,1.38662,1.38662,0
53429000,1.38654,1.38654,1.38654,1.38654,0,1.38664,1.38664,1.38664,1.38664,0
53430000,1.38654,1.38654,1.38654,1.38654,0,1.38663,1.38665,1.38663,1.38665,0
53432000,1.38657,1.38657,1.38657,1.38657,0,1.38667,1.38667,1.38667,1.38667,0
53433000,1.38656,1.38659,1.38656,1.38659,0,1.38667,1.38668,1.38667,1.38668,0
53434000,1.38658,1.38658,1.38656,1.38656,0,1.38668,1.38668,1.38668,1.38668,0
53436000,1.38656,1.38656,1.38656,1.38656,0,1.38666,1.38666,1.38666,1.38666,0
53437000,1.38656,1.38656,1.38656,1.38656,0,1.38665,1.38665,1.38665,1.38665,0
53443000,1.38657,1.38657,1.38657,1.38657,0,1.38665,1.38665,1.38665,1.38665,0
53444000,1.38656,1.38656,1.38652,1.38652,0,1.38665,1.38665,1.38662,1.38662,0
53446000,1.38651,1.38651,1.38651,1.38651,0,1.38662,1.38662,1.38662,1.38662,0
53447000,1.38652,1.38652,1.38652,1.38652,0,1.38662,1.38663,1.38662,1.38663,0
53448000,1.38653,1.38654,1.38653,1.38654,0,1.38663,1.38663,1.38663,1.38663,0
53450000,1.38653,1.38653,1.38653,1.38653,0,1.38664,1.38664,1.38664,1.38664,0
53452000,1.38654,1.38654,1.38654,1.38654,0,1.38664,1.38664,1.38664,1.38664,0
53453000,1.38656,1.38658,1.38654,1.38658,0,1.38664,1.38668,1.38664,1.38667,0
53458000,1.38658,1.38659,1.38658,1.38659,0,1.38669,1.38669,1.38668,1.38668,0
53459000,1.38657,1.38659,1.38657,1.38659,0,1.38669,1.38669,1.38668,1.38668,0
53461000,1.38658,1.38658,1.38658,1.38658,0,1.38668,1.38668,1.38668,1.38668,0
53463000,1.38658,1.38659,1.38657,1.38657,0,1.38671,1.38671,1.38670,1.38670,0
53464000,1.38657,1.38659,1.38656,1.38659,0,1.38669,1.38669,1.38668,1.38668,0
53465000,1.38656,1.38656,1.38656,1.38656,0,1.38669,1.38669,1.38669,1.38669,0
53466000,1.38657,1.38657,1.38657,1.38657,0,1.38669,1.38669,1.38669,1.38669,0
53468000,1.38658,1.38658,1.38658,1.38658,0,1.38668,1.38668,1.38668,1.38668,0
53477000,1.38658,1.38659,1.38658,1.38659,0,1.38669,1.38669,1.38669,1.38669,0
53488000,1.38657,1.38657,1.38657,1.38657,0,1.38669,1.38669,1.38669,1.38669,0
53497000,1.38657,1.38657,1.38657,1.38657,0,1.38670,1.38670,1.38670,1.38670,0
53500000,1.38659,1.38659,1.38659,1.38659,0,1.38670,1.38670,1.38670,1.38670,0
53503000,1.38658,1.38658,1.38657,1.38657,0,1.38670,1.38670,1.38668,1.38668,0
53508000,1.38658,1.38658,1.38658,1.38658,0,1.38667,1.38667,1.38667,1.38667,0
53509000,1.38657,1.38657,1.38657,1.38657,0,1.38668,1.38668,1.38668,1.38668,0
53518000,1.38656,1.38656,1.38656,1.38656,0,1.38669,1.38669,1.38669,1.38669,0
53519000,1.38658,1.38658,1.38658,1.38658,0,1.38668,1.38668,1.38668,1.38668,0
53522000,1.38659,1.38659,1.38658,1.38658,0,1.38671,1.38671,1.38669,1.38670,0
53528000,1.38660,1.38660,1.38660,1.38660,0,1.38672,1.38672,1.38672,1.38672,0
53535000,1.38660,1.38660,1.38660,1.38660,0,1.38670,1.38670,1.38670,1.38670,0
53537000,1.38660,1.38660,1.38660,1.38660,0,1.38671,1.38671,1.38671,1.38671,0
53549000,1.38659,1.38659,1.38659,1.38659,0,1.38671,1.38671,1.38671,1.38671,0
53550000,1.38659,1.38659,1.38659,1.38659,0,1.38670,1.38670,1.38670,1.38670,0
53551000,1.38659,1.38659,1.38655,1.38655,0,1.38669,1.38670,1.38665,1.38666,0
53552000,1.38655,1.38655,1.38655,1.38655,0,1.38665,1.38665,1.38665,1.38665,0
53553000,1.38656,1.38656,1.38656,1.38656,0,1.38664,1.38664,1.38664,1.38664,0
53554000,1.38654,1.38654,1.38654,1.38654,0,1.38666,1.38666,1.38666,1.38666,0
53556000,1.38655,1.38655,1.38655,1.38655,0,1.38665,1.38665,1.38665,1.38665,0
53557000,1.38653,1.38655,1.38653,1.38655,0,1.38664,1.38664,1.38664,1.38664,0
53558000,1.38656,1.38656,1.38651,1.38651,0,1.38663,1.38666,1.38663,1.38666,0
53559000,1.38652,1.38655,1.38652,1.38655,0,1.38665,1.38665,1.38664,1.38664,0
53560000,1.38653,1.38653,1.38653,1.38653,0,1.38664,1.38664,1.38664,1.38664,0
53562000,1.38655,1.38655,1.38655,1.38655,0,1.38664,1.38664,1.38664,1.38664,0
53566000,1.38654,1.38654,1.38654,1.38654,0,1.38666,1.38667,1.38666,1.38667,0
53567000,1.38656,1.38658,1.38656,1.38658,0,1.38667,1.38669,1.38667,1.38669,0
53569000,1.38660,1.38660,1.38660,1.38660,0,1.38670,1.38670,1.38670,1.38670,0
53577000,1.38660,1.38660,1.38658,1.38658,0,1.38669,1.38670,1.38669,1.38670,0
53578000,1.38658,1.38659,1.38657,1.38657,0,1.38669,1.38669,1.38667,1.38667,0
53579000,1.38657,1.38657,1.38657,1.38657,0,1.38666,1.38666,1.38666,1.38666,0
53585000,1.38656,1.38656,1.38656,1.38656,0,1.38667,1.38667,1.38667,1.38667,0
53591000,1.38657,1.38659,1.38657,1.38659,0,1.38666,1.38670,1.38666,1.38668,0
53592000,1.38659,1.38659,1.38659,1.38659,0,1.38669,1.38669,1.38669,1.38669,0
53593000,1.38658,1.38659,1.38658,1.38659,0,1.38670,1.38670,1.38669,1.38669,0
53594000,1.38659,1.38659,1.38659,1.38659,0,1.38670,1.38670,1.38670,1.38670,0
53595000,1.38660,1.38660,1.38660,1.38660,0,1.38670,1.38671,1.38670,1.38671,0
53605000,1.38660,1.38660,1.38660,1.38660,0,1.38670,1.38670,1.38670,1.38670,0
53612000,1.38659,1.38659,1.38659,1.38659,0,1.38670,1.38670,1.38669,1.38669,0
53613000,1.38661,1.38662,1.38661,1.38662,0,1.38671,1.38674,1.38671,1.38674,0
53614000,1.38662,1.38662,1.38662,1.38662,0,1.38673,1.38673,1.38672,1.38672,0
53616000,1.38661,1.38661,1.38661,1.38661,0,1.38672,1.38672,1.38670,1.38670,0
53618000,1.38660,1.38663,1.38660,1.38663,0,1.38671,1.38673,1.38671,1.38673,0
53619000,1.38663,1.38663,1.38663,1.38663,0,1.38674,1.38674,1.38674,1.38674,0
53621000,1.38664,1.38664,1.38664,1.38664,0,1.38673,1.38673,1.38673,1.38673,0
53622000,1.38663,1.38663,1.38663,1.38663,0,1.38674,1.38674,1.38674,1.38674,0
53628000,1.38662,1.38664,1.38662,1.38664,0,1.38674,1.38677,1.38674,1.38675,0
53631000,1.38662,1.38662,1.38662,1.38662,0,1.38673,1.38673,1.38673,1.38673,0
53638000,1.38663,1.38663,1.38663,1.38663,0,1.38673,1.38673,1.38673,1.38673,0
53641000,1.38662,1.38662,1.38662,1.38662,0,1.38673,1.38673,1.38673,1.38673,0
53642000,1.38659,1.38659,1.38659,1.38659,0,1.38670,1.38670,1.38670,1.38670,0
53649000,1.38662,1.38662,1.38662,1.38662,0,1.38672,1.38673,1.38672,1.38673,0
53657000,1.38663,1.38663,1.38663,1.38663,0,1.38676,1.38676,1.38675,1.38675,0
53658000,1.38664,1.38664,1.38662,1.38662,0,1.38675,1.38675,1.38675,1.38675,0
53659000,1.38663,1.38663,1.38663,1.38663,0,1.38674,1.38674,1.38674,1.38674,0
53661000,1.38662,1.38662,1.38662,1.38662,0,1.38674,1.38674,1.38674,1.38674,0
53666000,1.38662,1.38662,1.38662,1.38662,0,1.38673,1.38673,1.38672,1.38672,0
53667000,1.38661,1.38661,1.38661,1.38661,0,1.38673,1.38673,1.38673,1.38673,0
53668000,1.38661,1.38661,1.38661,1.38661,0,1.38671,1.38671,1.38671,1.38671,0
53670000,1.38658,1.38658,1.38658,1.38658,0,1.38669,1.38669,1.38669,1.38669,0
53671000,1.38659,1.38659,1.38659,1.38659,0,1.38669,1.38669,1.38669,1.38669,0
53678000,1.38660,1.38660,1.38660,1.38660,0,1.38671,1.38671,1.38671,1.38671,0
53680000,1.38662,1.38662,1.38661,1.38661,0,1.38672,1.38672,1.38672,1.38672,0
53682000,1.38662,1.38662,1.38662,1.38662,0,1.38672,1.38672,1.38672,1.38672,0
53683000,1.38661,1.38661,1.38661,1.38661,0,1.38673,1.38673,1.38673,1.38673,0
53685000,1.38661,1.38661,1.38661,1.38661,0,1.38671,1.38671,1.38671,1.38671,0
53688000,1.38660,1.38660,1.38660,1.38660,0,1.38672,1.38672,1.38672,1.38672,0
53689000,1.38659,1.38659,1.38659,1.38659,0,1.38672,1.38672,1.38670,1.38670,0
53693000,1.38663,1.38663,1.38661,1.38661,0,1.38672,1.38673,1.38672,1.38673,0
53702000,1.38661,1.38663,1.38661,1.38663,0,1.38672,1.38672,1.38671,1.38671,0
53704000,1.38663,1.38663,1.38662,1.38662,0,1.38673,1.38674,1.38673,1.38674,0
53706000,1.38663,1.38663,1.38663,1.38663,0,1.38673,1.38673,1.38673,1.38673,0
53707000,1.38662,1.38662,1.38662,1.38662,0,1.38674,1.38674,1.38674,1.38674,0
53717000,1.38662,1.38662,1.38662,1.38662,0,1.38673,1.38673,1.38673,1.38673,0
53718000,1.38661,1.38661,1.38659,1.38660,0,1.38673,1.38673,1.38671,1.38671,0
53719000,1.38660,1.38660,1.38660,1.38660,0,1.38670,1.38670,1.38670,1.38670,0
53733000,1.38658,1.38658,1.38658,1.38658,0,1.38668,1.38668,1.38668,1.38668,0
53739000,1.38657,1.38657,1.38656,1.38656,0,1.38666,1.38666,1.38666,1.38666,0
53740000,1.38655,1.38655,1.38652,1.38653,0,1.38666,1.38666,1.38663,1.38663,0
53745000,1.38654,1.38654,1.38652,1.38652,0,1.38663,1.38663,1.38662,1.38662,0
53750000,1.38651,1.38651,1.38651,1.38651,0,1.38662,1.38662,1.38662,1.38662,0
53751000,1.38652,1.38652,1.38652,1.38652,0,1.38662,1.38662,1.38662,1.38662,0
53752000,1.38652,1.38652,1.38652,1.38652,0,1.38661,1.38661,1.38661,1.38661,0
53762000,1.38651,1.38651,1.38651,1.38651,0,1.38662,1.38663,1.38662,1.38663,0
53764000,1.38653,1.38653,1.38653,1.38653,0,1.38665,1.38665,1.38665,1.38665,0
53766000,1.38655,1.38655,1.38654,1.38654,0,1.38664,1.38666,1.38664,1.38666,0
53771000,1.38652,1.38654,1.38652,1.38654,0,1.38664,1.38665,1.38664,1.38665,0
53772000,1.38653,1.38660,1.38653,1.38660,0,1.38665,1.38671,1.38665,1.38671,0
53773000,1.38660,1.38660,1.38660,1.38660,0,1.38670,1.38671,1.38670,1.38670,0
53774000,1.38658,1.38658,1.38658,1.38658,0,1.38668,1.38668,1.38668,1.38668,0
53776000,1.38657,1.38659,1.38657,1.38659,0,1.38669,1.38669,1.38668,1.38668,0
53782000,1.38659,1.38659,1.38659,1.38659,0,1.38669,1.38669,1.38669,1.38669,0
53783000,1.38659,1.38659,1.38659,1.38659,0,1.38668,1.38668,1.38668,1.38668,0
53785000,1.38660,1.38660,1.38659,1.38659,0,1.38668,1.38669,1.38668,1.38669,0
53788000,1.38659,1.38659,1.38659,1.38659,0,1.38667,1.38667,1.38667,1.38667,0
53790000,1.38657,1.38657,1.38657,1.38657,0,1.38668,1.38668,1.38668,1.38668,0
53792000,1.38659,1.38659,1.38659,1.38659,0,1.38668,1.38668,1.38668,1.38668,0
53807000,1.38659,1.38660,1.38659,1.38660,0,1.38670,1.38671,1.38670,1.38671,0
53810000,1.38662,1.38662,1.38662,1.38662,0,1.38671,1.38671,1.38671,1.38671,0
53814000,1.38664,1.38664,1.38664,1.38664,0,1.38674,1.38674,1.38674,1.38674,0
53816000,1.38664,1.38668,1.38663,1.38668,0,1.38673,1.38678,1.38673,1.38678,0
53817000,1.38669,1.38669,1.38665,1.38666,0,1.38678,1.38678,1.38677,1.38677,0
53819000,1.38667,1.38667,1.38667,1.38667,0,1.38676,1.38676,1.38676,1.38676,0
53823000,1.38667,1.38667,1.38667,1.38667,0,1.38677,1.38677,1.38677,1.38677,0
53826000,1.38666,1.38667,1.38666,1.38667,0,1.38678,1.38678,1.38678,1.38678,0
53827000,1.38668,1.38668,1.38668,1.38668,0,1.38677,1.38677,1.38677,1.38677,0
53828000,1.38668,1.38674,1.38668,1.38674,0,1.38679,1.38685,1.38679,1.38684,0
53829000,1.38673,1.38674,1.38673,1.38674,0,1.38685,1.38685,1.38684,1.38684,0
53830000,1.38673,1.38673,1.38673,1.38673,0,1.38684,1.38684,1.38684,1.38684,0
53832000,1.38673,1.38673,1.38673,1.38673,0,1.38683,1.38683,1.38683,1.38683,0
53843000,1.38672,1.38672,1.38672,1.38672,0,1.38683,1.38683,1.38683,1.38683,0
53845000,1.38674,1.38680,1.38673,1.38680,0,1.38684,1.38693,1.38684,1.38692,0
53846000,1.38680,1.38681,1.38680,1.38681,0,1.38690,1.38690,1.38690,1.38690,0
53847000,1.38681,1.38683,1.38681,1.38682,0,1.38693,1.38696,1.38693,1.38695,0
53848000,1.38682,1.38682,1.38681,1.38681,0,1.38693,1.38694,1.38693,1.38694,0
53849000,1.38679,1.38679,1.38679,1.38679,0,1.38692,1.38692,1.38692,1.38692,0
53850000,1.38680,1.38680,1.38680,1.38680,0,1.38692,1.38692,1.38692,1.38692,0
53851000,1.38681,1.38681,1.38681,1.38681,0,1.38692,1.38692,1.38692,1.38692,0
53858000,1.38680,1.38685,1.38680,1.38680,0,1.38692,1.38697,1.38692,1.38692,0
53860000,1.38681,1.38681,1.38679,1.38679,0,1.38691,1.38691,1.38691,1.38691,0
53861000,1.38680,1.38680,1.38680,1.38680,0,1.38690,1.38690,1.38690,1.38690,0
53863000,1.38681,1.38681,1.38680,1.38680,0,1.38689,1.38690,1.38689,1.38690,0
53864000,1.38678,1.38678,1.38672,1.38673,0,1.38688,1.38688,1.38685,1.38685,0
53865000,1.38673,1.38673,1.38671,1.38672,0,1.38683,1.38683,1.38681,1.38681,0
53866000,1.38671,1.38673,1.38670,1.38671,0,1.38682,1.38686,1.38682,1.38682,0
53867000,1.38669,1.38669,1.38668,1.38669,0,1.38681,1.38681,1.38678,1.38678,0
53868000,1.38670,1.38670,1.38664,1.38664,0,1.38678,1.38678,1.38675,1.38675,0
53872000,1.38664,1.38664,1.38664,1.38664,0,1.38673,1.38673,1.38673,1.38673,0
53875000,1.38664,1.38664,1.38664,1.38664,0,1.38672,1.38672,1.38672,1.38672,0
53879000,1.38664,1.38665,1.38664,1.38665,0,1.38674,1.38676,1.38674,1.38675,0
53882000,1.38666,1.38666,1.38663,1.38663,0,1.38675,1.38675,1.38675,1.38675,0
53883000,1.38663,1.38663,1.38663,1.38663,0,1.38672,1.38672,1.38672,1.38672,0
53884000,1.38661,1.38661,1.38661,1.38661,0,1.38671,1.38671,1.38671,1.38671,0
53886000,1.38663,1.38663,1.38663,1.38663,0,1.38671,1.38671,1.38671,1.38671,0
53887000,1.38662,1.38665,1.38661,1.38665,0,1.38672,1.38676,1.38672,1.38676,0
53888000,1.38667,1.38667,1.38667,1.38667,0,1.38676,1.38676,1.38676,1.38676,0
53889000,1.38667,1.38667,1.38662,1.38662,0,1.38678,1.38679,1.38675,1.38675,0
53890000,1.38662,1.38662,1.38662,1.38662,0,1.38673,1.38673,1.38672,1.38672,0
53892000,1.38664,1.38664,1.38664,1.38664,0,1.38671,1.38671,1.38671,1.38671,0
53895000,1.38663,1.38663,1.38663,1.38663,0,1.38671,1.38671,1.38671,1.38671,0
53896000,1.38663,1.38670,1.38663,1.38669,0,1.38673,1.38680,1.38673,1.38680,0
53898000,1.38670,1.38670,1.38667,1.38667,0,1.38680,1.38680,1.38676,1.38676,0
53904000,1.38666,1.38666,1.38664,1.38664,0,1.38677,1.38677,1.38675,1.38675,0
53905000,1.38666,1.38666,1.38665,1.38665,0,1.38675,1.38675,1.38675,1.38675,0
53909000,1.38666,1.38666,1.38666,1.38666,0,1.38674,1.38674,1.38674,1.38674,0
53911000,1.38665,1.38665,1.38665,1.38665,0,1.38675,1.38675,1.38675,1.38675,0
53915000,1.38663,1.38663,1.38663,1.38663,0,1.38674,1.38674,1.38672,1.38672,0
53917000,1.38663,1.38665,1.38663,1.38664,0,1.38673,1.38676,1.38673,1.38673,0
53920000,1.38661,1.38662,1.38661,1.38662,0,1.38672,1.38672,1.38672,1.38672,0
53921000,1.38661,1.38661,1.38659,1.38659,0,1.38672,1.38672,1.38670,1.38670,0
53922000,1.38659,1.38659,1.38659,1.38659,0,1.38669,1.38669,1.38669,1.38669,0
53925000,1.38656,1.38656,1.38653,1.38654,0,1.38666,1.38667,1.38665,1.38665,0
53926000,1.38654,1.38654,1.38654,1.38654,0,1.38663,1.38663,1.38663,1.38663,0
53927000,1.38651,1.38651,1.38651,1.38651,0,1.38662,1.38662,1.38662,1.38662,0
53928000,1.38653,1.38653,1.38653,1.38653,0,1.38664,1.38664,1.38664,1.38664,0
53931000,1.38652,1.38652,1.38649,1.38649,0,1.38664,1.38664,1.38661,1.38661,0
53932000,1.38649,1.38649,1.38649,1.38649,0,1.38659,1.38660,1.38659,1.38659,0
53934000,1.38652,1.38655,1.38652,1.38655,0,1.38662,1.38666,1.38662,1.38666,0
53935000,1.38655,1.38655,1.38655,1.38655,0,1.38665,1.38665,1.38665,1.38665,0
53940000,1.38657,1.38657,1.38656,1.38656,0,1.38667,1.38669,1.38666,1.38666,0
53943000,1.38654,1.38655,1.38654,1.38654,0,1.38664,1.38668,1.38664,1.38668,0
53944000,1.38656,1.38657,1.38656,1.38657,0,1.38668,1.38668,1.38667,1.38667,0
53946000,1.38655,1.38655,1.38654,1.38654,0,1.38666,1.38666,1.38664,1.38664,0
53947000,1.38653,1.38653,1.38653,1.38653,0,1.38664,1.38664,1.38664,1.38664,0
53954000,1.38654,1.38654,1.38654,1.38654,0,1.38663,1.38663,1.38663,1.38663,0
53957000,1.38652,1.38652,1.38652,1.38652,0,1.38664,1.38664,1.38664,1.38664,0
53958000,1.38653,1.38653,1.38653,1.38653,0,1.38663,1.38663,1.38663,1.38663,0
53959000,1.38652,1.38652,1.38652,1.38652,0,1.38663,1.38663,1.38663,1.38663,0
53960000,1.38652,1.38652,1.38652,1.38652,0,1.38662,1.38662,1.38661,1.38661,0
53961000,1.38652,1.38652,1.38652,1.38652,0,1.38662,1.38662,1.38662,1.38662,0
53965000,1.38651,1.38652,1.38651,1.38652,0,1.38663,1.38663,1.38662,1.38662,0
53966000,1.38652,1.38652,1.38650,1.38650,0,1.38661,1.38661,1.38660,1.38660,0
53971000,1.38650,1.38650,1.38648,1.38648,0,1.38659,1.38660,1.38659,1.38659,0
53972000,1.38650,1.38653,1.38650,1.38653,0,1.38661,1.38665,1.38661,1.38665,0
53974000,1.38651,1.38651,1.38645,1.38647,0,1.38663,1.38663,1.38658,1.38658,0
53975000,1.38648,1.38648,1.38648,1.38648,0,1.38657,1.38657,1.38657,1.38657,0
53976000,1.38645,1.38645,1.38643,1.38643,0,1.38655,1.38656,1.38654,1.38654,0
53977000,1.38644,1.38645,1.38644,1.38645,0,1.38656,1.38656,1.38656,1.38656,0
53978000,1.38645,1.38647,1.38643,1.38643,0,1.38654,1.38658,1.38654,1.38655,0
53979000,1.38644,1.38644,1.38644,1.38644,0,1.38654,1.38654,1.38654,1.38654,0
53980000,1.38641,1.38641,1.38641,1.38641,0,1.38652,1.38652,1.38652,1.38652,0
53982000,1.38639,1.38639,1.38639,1.38639,0,1.38649,1.38650,1.38649,1.38650,0
53983000,1.38639,1.38639,1.38639,1.38639,0,1.38649,1.38649,1.38649,1.38649,0
53985000,1.38641,1.38641,1.38641,1.38641,0,1.38651,1.38651,1.38651,1.38651,0
53987000,1.38641,1.38647,1.38641,1.38647,0,1.38653,1.38659,1.38653,1.38659,0
53988000,1.38649,1.38653,1.38649,1.38653,0,1.38659,1.38664,1.38659,1.38664,0
53989000,1.38655,1.38655,1.38650,1.38650,0,1.38665,1.38665,1.38663,1.38664,0
53990000,1.38651,1.38653,1.38651,1.38652,0,1.38663,1.38664,1.38662,1.38662,0
53991000,1.38652,1.38652,1.38652,1.38652,0,1.38661,1.38661,1.38661,1.38661,0
53992000,1.38650,1.38650,1.38648,1.38650,0,1.38660,1.38661,1.38659,1.38660,0
53993000,1.38650,1.38650,1.38650,1.38650,0,1.38659,1.38661,1.38659,1.38661,0
53998000,1.38649,1.38649,1.38645,1.38647,0,1.38661,1.38661,1.38657,1.38657,0
53999000,1.38648,1.38649,1.38648,1.38649,0,1.38659,1.38660,1.38659,1.38659,0
54000000,1.38649,1.38650,1.38645,1.38650,0,1.38660,1.38661,1.38656,1.38661,0
54001000,1.38651,1.38651,1.38651,1.38651,0,1.38660,1.38660,1.38660,1.38660,0
54002000,1.38650,1.38653,1.38650,1.38653,0,1.38661,1.38664,1.38661,1.38662,0
54003000,1.38653,1.38654,1.38653,1.38654,0,1.38663,1.38663,1.38663,1.38663,0
54004000,1.38652,1.38652,1.38650,1.38652,0,1.38663,1.38663,1.38661,1.38662,0
54005000,1.38651,1.38652,1.38651,1.38651,0,1.38663,1.38663,1.38661,1.38661,0
54006000,1.38653,1.38655,1.38653,1.38655,0,1.38662,1.38667,1.38662,1.38666,0
54007000,1.38655,1.38655,1.38654,1.38654,0,1.38665,1.38666,1.38665,1.38665,0
54010000,1.38653,1.38653,1.38648,1.38648,0,1.38665,1.38665,1.38660,1.38660,0
54011000,1.38649,1.38649,1.38649,1.38649,0,1.38659,1.38659,1.38659,1.38659,0
54014000,1.38652,1.38652,1.38651,1.38652,0,1.38662,1.38662,1.38661,1.38661,0
54015000,1.38652,1.38655,1.38652,1.38655,0,1.38663,1.38666,1.38663,1.38666,0
54016000,1.38657,1.38660,1.38657,1.38660,0,1.38668,1.38671,1.38668,1.38671,0
54017000,1.38661,1.38661,1.38661,1.38661,0,1.38670,1.38670,1.38670,1.38670,0
54019000,1.38659,1.38659,1.38659,1.38659,0,1.38670,1.38670,1.38670,1.38670,0
54021000,1.38659,1.38659,1.38659,1.38659,0,1.38671,1.38671,1.38671,1.38671,0
54023000,1.38660,1.38662,1.38660,1.38662,0,1.38671,1.38672,1.38671,1.38672,0
54024000,1.38663,1.38663,1.38663,1.38663,0,1.38674,1.38674,1.38674,1.38674,0
54026000,1.38664,1.38664,1.38664,1.38664,0,1.38673,1.38673,1.38673,1.38673,0
54027000,1.38663,1.38663,1.38660,1.38660,0,1.38674,1.38674,1.38672,1.38672,0
54028000,1.38663,1.38663,1.38663,1.38663,0,1.38674,1.38674,1.38674,1.38674,0
54029000,1.38663,1.38667,1.38663,1.38666,0,1.38673,1.38677,1.38673,1.38677,0
54031000,1.38666,1.38666,1.38666,1.38666,0,1.38676,1.38677,1.38676,1.38677,0
54032000,1.38669,1.38672,1.38669,1.38672,0,1.38679,1.38683,1.38679,1.38683,0
54033000,1.38672,1.38672,1.38672,1.38672,0,1.38682,1.38682,1.38682,1.38682,0
54035000,1.38671,1.38671,1.38671,1.38671,0,1.38680,1.38680,1.38680,1.38680,0
54036000,1.38671,1.38672,1.38664,1.38664,0,1.38681,1.38683,1.38676,1.38676,0
54037000,1.38665,1.38665,1.38665,1.38665,0,1.38675,1.38675,1.38675,1.38675,0
54040000,1.38667,1.38669,1.38667,1.38668,0,1.38677,1.38680,1.38677,1.38679,0
54041000,1.38670,1.38670,1.38670,1.38670,0,1.38681,1.38681,1.38681,1.38681,0
54043000,1.38671,1.38671,1.38670,1.38670,0,1.38679,1.38680,1.38679,1.38680,0
54048000,1.38670,1.38670,1.38670,1.38670,0,1.38681,1.38681,1.38681,1.38681,0
54051000,1.38672,1.38672,1.38672,1.38672,0,1.38681,1.38681,1.38681,1.38681,0
54053000,1.38671,1.38671,1.38671,1.38671,0,1.38682,1.38682,1.38682,1.38682,0
54059000,1.38671,1.38671,1.38671,1.38671,0,1.38683,1.38683,1.38682,1.38682,0
54062000,1.38670,1.38670,1.38670,1.38670,0,1.38682,1.38682,1.38682,1.38682,0
54064000,1.38670,1.38670,1.38670,1.38670,0,1.38680,1.38680,1.38680,1.38680,0
54075000,1.38670,1.38670,1.38670,1.38670,0,1.38679,1.38679,1.38679,1.38679,0
54080000,1.38670,1.38672,1.38669,1.38672,0,1.38680,1.38686,1.38680,1.38683,0
54082000,1.38674,1.38674,1.38671,1.38671,0,1.38683,1.38683,1.38681,1.38682,0
54085000,1.38671,1.38671,1.38671,1.38671,0,1.38680,1.38680,1.38680,1.38680,0
54091000,1.38669,1.38669,1.38663,1.38666,0,1.38679,1.38679,1.38675,1.38675,0
54094000,1.38667,1.38667,1.38667,1.38667,0,1.38675,1.38675,1.38675,1.38675,0
54095000,1.38667,1.38669,1.38667,1.38669,0,1.38676,1.38679,1.38676,1.38679,0
54096000,1.38670,1.38670,1.38670,1.38670,0,1.38679,1.38680,1.38679,1.38680,0
54101000,1.38670,1.38670,1.38670,1.38670,0,1.38679,1.38679,1.38679,1.38679,0
54107000,1.38670,1.38670,1.38670,1.38670,0,1.38680,1.38680,1.38680,1.38680,0
54108000,1.38668,1.38668,1.38666,1.38666,0,1.38679,1.38679,1.38676,1.38676,0
54116000,1.38666,1.38666,1.38665,1.38665,0,1.38674,1.38675,1.38674,1.38675,0
54122000,1.38665,1.38666,1.38665,1.38666,0,1.38676,1.38676,1.38675,1.38675,0
54123000,1.38665,1.38665,1.38665,1.38665,0,1.38675,1.38675,1.38675,1.38675,0
54124000,1.38664,1.38664,1.38664,1.38664,0,1.38676,1.38676,1.38676,1.38676,0
54126000,1.38665,1.38665,1.38665,1.38665,0,1.38675,1.38675,1.38675,1.38675,0
54127000,1.38664,1.38664,1.38664,1.38664,0,1.38676,1.38676,1.38676,1.38676,0
54130000,1.38665,1.38665,1.38665,1.38665,0,1.38674,1.38674,1.38674,1.38674,0
54139000,1.38664,1.38664,1.38664,1.38664,0,1.38675,1.38675,1.38675,1.38675,0
54141000,1.38664,1.38664,1.38664,1.38664,0,1.38676,1.38676,1.38676,1.38676,0
54142000,1.38667,1.38667,1.38666,1.38666,0,1.38678,1.38678,1.38678,1.38678,0
54143000,1.38667,1.38667,1.38667,1.38667,0,1.38676,1.38676,1.38676,1.38676,0
54155000,1.38667,1.38667,1.38667,1.38667,0,1.38677,1.38677,1.38677,1.38677,0
54156000,1.38665,1.38666,1.38665,1.38666,0,1.38675,1.38675,1.38674,1.38674,0
54164000,1.38664,1.38664,1.38663,1.38663,0,1.38674,1.38674,1.38674,1.38674,0
54166000,1.38662,1.38662,1.38662,1.38662,0,1.38672,1.38672,1.38672,1.38672,0
54171000,1.38662,1.38663,1.38662,1.38663,0,1.38673,1.38673,1.38672,1.38672,0
54175000,1.38664,1.38664,1.38664,1.38664,0,1.38672,1.38672,1.38672,1.38672,0
54178000,1.38664,1.38664,1.38664,1.38664,0,1.38673,1.38673,1.38673,1.38673,0
54180000,1.38664,1.38667,1.38664,1.38667,0,1.38676,1.38678,1.38676,1.38678,0
54181000,1.38670,1.38670,1.38670,1.38670,0,1.38681,1.38681,1.38681,1.38681,0
54183000,1.38671,1.38671,1.38671,1.38671,0,1.38681,1.38681,1.38681,1.38681,0
54184000,1.38670,1.38672,1.38670,1.38672,0,1.38681,1.38681,1.38681,1.38681,0
54185000,1.38671,1.38671,1.38671,1.38671,0,1.38682,1.38682,1.38682,1.38682,0
54186000,1.38672,1.38672,1.38672,1.38672,0,1.38681,1.38681,1.38681,1.38681,0
54219000,1.38674,1.38674,1.38674,1.38674,0,1.38683,1.38683,1.38683,1.38683,0
54222000,1.38672,1.38672,1.38670,1.38670,0,1.38682,1.38682,1.38678,1.38678,0
54224000,1.38668,1.38668,1.38662,1.38664,0,1.38678,1.38678,1.38675,1.38675,0
54225000,1.38662,1.38663,1.38662,1.38663,0,1.38674,1.38674,1.38672,1.38672,0
54229000,1.38661,1.38664,1.38661,1.38664,0,1.38672,1.38674,1.38672,1.38674,0
54242000,1.38663,1.38663,1.38663,1.38663,0,1.38675,1.38675,1.38673,1.38673,0
54270000,1.38663,1.38663,1.38663,1.38663,0,1.38672,1.38672,1.38672,1.38672,0
54274000,1.38662,1.38662,1.38662,1.38662,0,1.38672,1.38673,1.38672,1.38673,0
54275000,1.38660,1.38660,1.38652,1.38652,0,1.38670,1.38670,1.38663,1.38663,0
54276000,1.38652,1.38652,1.38650,1.38650,0,1.38661,1.38661,1.38661,1.38661,0
54290000,1.38652,1.38652,1.38652,1.38652,0,1.38663,1.38666,1.38663,1.38665,0
54291000,1.38653,1.38653,1.38652,1.38653,0,1.38663,1.38664,1.38663,1.38664,0
54293000,1.38653,1.38653,1.38653,1.38653,0,1.38662,1.38662,1.38662,1.38662,0
54295000,1.38652,1.38652,1.38652,1.38652,0,1.38663,1.38663,1.38663,1.38663,0
54300000,1.38652,1.38654,1.38652,1.38654,0,1.38664,1.38666,1.38664,1.38665,0
54310000,1.38655,1.38655,1.38655,1.38655,0,1.38667,1.38667,1.38666,1.38666,0
54311000,1.38655,1.38655,1.38655,1.38655,0,1.38665,1.38665,1.38665,1.38665,0
54313000,1.38654,1.38654,1.38654,1.38654,0,1.38666,1.38666,1.38665,1.38665,0
54318000,1.38654,1.38654,1.38654,1.38654,0,1.38663,1.38663,1.38663,1.38663,0
54319000,1.38654,1.38654,1.38654,1.38654,0,1.38664,1.38664,1.38664,1.38664,0
54321000,1.38655,1.38655,1.38655,1.38655,0,1.38663,1.38663,1.38663,1.38663,0
54322000,1.38653,1.38653,1.38653,1.38653,0,1.38663,1.38663,1.38663,1.38663,0
54350000,1.38655,1.38655,1.38655,1.38655,0,1.38665,1.38665,1.38665,1.38665,0
54354000,1.38655,1.38657,1.38655,1.38657,0,1.38666,1.38668,1.38666,1.38668,0
54355000,1.38658,1.38658,1.38656,1.38656,0,1.38667,1.38667,1.38667,1.38667,0
54356000,1.38656,1.38656,1.38656,1.38656,0,1.38665,1.38666,1.38665,1.38666,0
54362000,1.38656,1.38656,1.38655,1.38655,0,1.38665,1.38667,1.38665,1.38666,0
54363000,1.38655,1.38655,1.38655,1.38655,0,1.38665,1.38666,1.38665,1.38666,0
54365000,1.38655,1.38656,1.38655,1.38656,0,1.38665,1.38666,1.38665,1.38666,0
54366000,1.38655,1.38658,1.38655,1.38657,0,1.38667,1.38668,1.38667,1.38668,0
54367000,1.38658,1.38658,1.38658,1.38658,0,1.38667,1.38667,1.38667,1.38667,0
54384000,1.38657,1.38657,1.38657,1.38657,0,1.38668,1.38668,1.38668,1.38668,0
54389000,1.38660,1.38660,1.38660,1.38660,0,1.38670,1.38670,1.38670,1.38670,0
54390000,1.38660,1.38660,1.38660,1.38660,0,1.38671,1.38671,1.38671,1.38671,0
54394000,1.38662,1.38662,1.38662,1.38662,0,1.38670,1.38670,1.38670,1.38670,0
54395000,1.38660,1.38660,1.38660,1.38660,0,1.38671,1.38671,1.38671,1.38671,0
54396000,1.38661,1.38661,1.38661,1.38661,0,1.38670,1.38670,1.38670,1.38670,0
54420000,1.38657,1.38657,1.38657,1.38657,0,1.38669,1.38669,1.38669,1.38669,0
54421000,1.38658,1.38658,1.38658,1.38658,0,1.38668,1.38668,1.38668,1.38668,0
54426000,1.38659,1.38659,1.38659,1.38659,0,1.38670,1.38670,1.38670,1.38670,0
54427000,1.38657,1.38658,1.38657,1.38658,0,1.38668,1.38668,1.38666,1.38666,0
54428000,1.38659,1.38659,1.38658,1.38658,0,1.38666,1.38667,1.38666,1.38667,0
54432000,1.38657,1.38657,1.38657,1.38657,0,1.38668,1.38668,1.38668,1.38668,0
54435000,1.38659,1.38659,1.38659,1.38659,0,1.38670,1.38672,1.38669,1.38669,0
54436000,1.38660,1.38660,1.38654,1.38654,0,1.38669,1.38670,1.38665,1.38666,0
54437000,1.38656,1.38656,1.38656,1.38656,0,1.38665,1.38665,1.38665,1.38665,0
54438000,1.38654,1.38654,1.38654,1.38654,0,1.38665,1.38666,1.38665,1.38666,0
54439000,1.38654,1.38655,1.38653,1.38655,0,1.38663,1.38665,1.38663,1.38665,0
54446000,1.38656,1.38656,1.38656,1.38656,0,1.38667,1.38667,1.38667,1.38667,0
54447000,1.38658,1.38658,1.38658,1.38658,0,1.38669,1.38669,1.38669,1.38669,0
54448000,1.38657,1.38657,1.38657,1.38657,0,1.38667,1.38667,1.38667,1.38667,0
54449000,1.38657,1.38657,1.38657,1.38657,0,1.38669,1.38669,1.38669,1.38669,0
54450000,1.38660,1.38660,1.38660,1.38660,0,1.38669,1.38669,1.38669,1.38669,0
54451000,1.38659,1.38659,1.38659,1.38659,0,1.38670,1.38670,1.38670,1.38670,0
54453000,1.38660,1.38660,1.38653,1.38653,0,1.38669,1.38669,1.38664,1.38665,0
54457000,1.38654,1.38654,1.38654,1.38654,0,1.38663,1.38663,1.38662,1.38662,0
54458000,1.38653,1.38653,1.38653,1.38653,0,1.38663,1.38663,1.38663,1.38663,0
54460000,1.38652,1.38652,1.38652,1.38652,0,1.38663,1.38663,1.38663,1.38663,0
54463000,1.38652,1.38652,1.38652,1.38652,0,1.38662,1.38662,1.38662,1.38662,0
54465000,1.38653,1.38654,1.38653,1.38654,0,1.38664,1.38664,1.38664,1.38664,0
54467000,1.38656,1.38656,1.38654,1.38654,0,1.38665,1.38666,1.38665,1.38665,0
54473000,1.38656,1.38656,1.38655,1.38655,0,1.38665,1.38666,1.38665,1.38666,0
54474000,1.38655,1.38655,1.38655,1.38655,0,1.38665,1.38665,1.38665,1.38665,0
54479000,1.38656,1.38656,1.38655,1.38655,0,1.38665,1.38666,1.38665,1.38666,0
54486000,1.38655,1.38655,1.38655,1.38655,0,1.38665,1.38665,1.38665,1.38665,0
54500000,1.38655,1.38655,1.38655,1.38655,0,1.38663,1.38663,1.38663,1.38663,0
54502000,1.38655,1.38655,1.38655,1.38655,0,1.38664,1.38664,1.38664,1.38664,0
54506000,1.38653,1.38654,1.38653,1.38654,0,1.38665,1.38665,1.38664,1.38664,0
54508000,1.38654,1.38654,1.38650,1.38650,0,1.38663,1.38664,1.38661,1.38661,0
54515000,1.38652,1.38653,1.38651,1.38652,0,1.38663,1.38665,1.38663,1.38665,0
54516000,1.38653,1.38654,1.38653,1.38654,0,1.38665,1.38665,1.38662,1.38662,0
54523000,1.38653,1.38653,1.38653,1.38653,0,1.38662,1.38662,1.38662,1.38662,0
54524000,1.38652,1.38652,1.38652,1.38652,0,1.38663,1.38663,1.38663,1.38663,0
54529000,1.38654,1.38654,1.38654,1.38654,0,1.38663,1.38664,1.38663,1.38664,0
54534000,1.38652,1.38653,1.38652,1.38653,0,1.38664,1.38664,1.38664,1.38664,0
54535000,1.38653,1.38653,1.38653,1.38653,0,1.38663,1.38663,1.38663,1.38663,0
54536000,1.38652,1.38652,1.38652,1.38652,0,1.38663,1.38663,1.38663,1.38663,0
54538000,1.38652,1.38652,1.38652,1.38652,0,1.38662,1.38662,1.38662,1.38662,0
54539000,1.38651,1.38651,1.38651,1.38651,0,1.38663,1.38663,1.38663,1.38663,0
54540000,1.38652,1.38652,1.38652,1.38652,0,1.38662,1.38662,1.38662,1.38662,0
54542000,1.38651,1.38651,1.38651,1.38651,0,1.38662,1.38662,1.38662,1.38662,0
54543000,1.38654,1.38654,1.38654,1.38654,0,1.38665,1.38665,1.38665,1.38665,0
54545000,1.38654,1.38654,1.38654,1.38654,0,1.38663,1.38663,1.38663,1.38663,0
54551000,1.38653,1.38654,1.38653,1.38654,0,1.38665,1.38665,1.38665,1.38665,0
54558000,1.38651,1.38652,1.38651,1.38652,0,1.38663,1.38663,1.38662,1.38662,0
54562000,1.38650,1.38651,1.38650,1.38651,0,1.38662,1.38662,1.38661,1.38661,0
54563000,1.38651,1.38651,1.38651,1.38651,0,1.38662,1.38662,1.38662,1.38662,0
54564000,1.38650,1.38650,1.38650,1.38650,0,1.38663,1.38663,1.38663,1.38663,0
54565000,1.38653,1.38653,1.38653,1.38653,0,1.38661,1.38661,1.38661,1.38661,0
54568000,1.38653,1.38654,1.38653,1.38654,0,1.38662,1.38665,1.38662,1.38665,0
54570000,1.38657,1.38657,1.38657,1.38657,0,1.38668,1.38668,1.38668,1.38668,0
54573000,1.38656,1.38658,1.38656,1.38658,0,1.38668,1.38668,1.38668,1.38668,0
54574000,1.38659,1.38659,1.38659,1.38659,0,1.38670,1.38670,1.38670,1.38670,0
54578000,1.38659,1.38659,1.38656,1.38656,0,1.38669,1.38669,1.38667,1.38667,0
54579000,1.38655,1.38656,1.38655,1.38656,0,1.38665,1.38666,1.38665,1.38666,0
54582000,1.38657,1.38658,1.38657,1.38658,0,1.38670,1.38670,1.38669,1.38669,0
54593000,1.38660,1.38660,1.38660,1.38660,0,1.38671,1.38671,1.38671,1.38671,0
54600000,1.38663,1.38663,1.38663,1.38663,0,1.38674,1.38674,1.38674,1.38674,0
54601000,1.38664,1.38664,1.38663,1.38663,0,1.38674,1.38674,1.38674,1.38674,0
54604000,1.38664,1.38664,1.38664,1.38664,0,1.38674,1.38674,1.38674,1.38674,0
54606000,1.38662,1.38662,1.38662,1.38662,0,1.38672,1.38672,1.38672,1.38672,0
54607000,1.38663,1.38663,1.38662,1.38662,0,1.38672,1.38673,1.38672,1.38673,0
54611000,1.38660,1.38660,1.38660,1.38660,0,1.38670,1.38670,1.38670,1.38670,0
54613000,1.38659,1.38659,1.38658,1.38658,0,1.38670,1.38671,1.38670,1.38670,0
54614000,1.38658,1.38659,1.38658,1.38659,0,1.38669,1.38669,1.38669,1.38669,0
54617000,1.38657,1.38659,1.38657,1.38659,0,1.38669,1.38669,1.38668,1.38668,0
54622000,1.38659,1.38659,1.38659,1.38659,0,1.38670,1.38670,1.38670,1.38670,0
54625000,1.38660,1.38660,1.38660,1.38660,0,1.38669,1.38669,1.38669,1.38669,0
54629000,1.38660,1.38660,1.38660,1.38660,0,1.38670,1.38670,1.38670,1.38670,0
54636000,1.38659,1.38659,1.38659,1.38659,0,1.38670,1.38670,1.38670,1.38670,0
54644000,1.38658,1.38658,1.38658,1.38658,0,1.38670,1.38670,1.38670,1.38670,0
54645000,1.38659,1.38669,1.38659,1.38669,0,1.38670,1.38682,1.38670,1.38680,0
54646000,1.38666,1.38667,1.38666,1.38667,0,1.38677,1.38677,1.38677,1.38677,0
54647000,1.38668,1.38668,1.38666,1.38666,0,1.38679,1.38679,1.38676,1.38676,0
54649000,1.38663,1.38663,1.38663,1.38663,0,1.38676,1.38676,1.38674,1.38674,0
54651000,1.38665,1.38665,1.38663,1.38664,0,1.38676,1.38676,1.38674,1.38674,0
54652000,1.38664,1.38664,1.38663,1.38663,0,1.38673,1.38674,1.38673,1.38674,0
54653000,1.38663,1.38663,1.38661,1.38661,0,1.38673,1.38673,1.38671,1.38671,0
54654000,1.38659,1.38659,1.38659,1.38659,0,1.38669,1.38669,1.38669,1.38669,0
54655000,1.38660,1.38660,1.38660,1.38660,0,1.38671,1.38671,1.38671,1.38671,0
54664000,1.38660,1.38660,1.38660,1.38660,0,1.38670,1.38670,1.38670,1.38670,0
54672000,1.38661,1.38661,1.38661,1.38661,0,1.38672,1.38672,1.38672,1.38672,0
54674000,1.38662,1.38664,1.38662,1.38664,0,1.38672,1.38674,1.38672,1.38674,0
54675000,1.38665,1.38665,1.38665,1.38665,0,1.38673,1.38673,1.38673,1.38673,0
54683000,1.38663,1.38663,1.38663,1.38663,0,1.38673,1.38673,1.38673,1.38673,0
54687000,1.38661,1.38661,1.38661,1.38661,0,1.38672,1.38672,1.38672,1.38672,0
54702000,1.38660,1.38660,1.38660,1.38660,0,1.38670,1.38670,1.38669,1.38669,0
54705000,1.38660,1.38660,1.38659,1.38659,0,1.38671,1.38673,1.38671,1.38673,0
54708000,1.38661,1.38661,1.38661,1.38661,0,1.38673,1.38673,1.38673,1.38673,0
54714000,1.38662,1.38662,1.38660,1.38660,0,1.38672,1.38672,1.38671,1.38671,0
54734000,1.38662,1.38664,1.38662,1.38664,0,1.38672,1.38675,1.38672,1.38675,0
54735000,1.38664,1.38664,1.38664,1.38664,0,1.38673,1.38673,1.38673,1.38673,0
54739000,1.38664,1.38665,1.38664,1.38665,0,1.38675,1.38675,1.38674,1.38674,0
54742000,1.38664,1.38664,1.38664,1.38664,0,1.38675,1.38675,1.38675,1.38675,0
54744000,1.38665,1.38666,1.38664,1.38665,0,1.38674,1.38676,1.38674,1.38676,0
54747000,1.38664,1.38665,1.38663,1.38663,0,1.38673,1.38675,1.38673,1.38674,0
54748000,1.38664,1.38664,1.38664,1.38664,0,1.38674,1.38674,1.38674,1.38674,0
54752000,1.38663,1.38663,1.38663,1.38663,0,1.38674,1.38674,1.38674,1.38674,0
54754000,1.38664,1.38664,1.38662,1.38663,0,1.38673,1.38674,1.38673,1.38674,0
54757000,1.38661,1.38661,1.38659,1.38659,0,1.38672,1.38673,1.38672,1.38673,0
54758000,1.38659,1.38660,1.38659,1.38660,0,1.38670,1.38670,1.38669,1.38670,0
54759000,1.38661,1.38662,1.38661,1.38662,0,1.38672,1.38673,1.38672,1.38673,0
54764000,1.38664,1.38664,1.38664,1.38664,0,1.38675,1.38675,1.38675,1.38675,0
54766000,1.38663,1.38663,1.38663,1.38663,0,1.38676,1.38676,1.38675,1.38675,0
54767000,1.38664,1.38664,1.38664,1.38664,0,1.38672,1.38672,1.38672,1.38672,0
54768000,1.38663,1.38663,1.38663,1.38663,0,1.38673,1.38673,1.38673,1.38673,0
54769000,1.38664,1.38665,1.38664,1.38664,0,1.38673,1.38676,1.38673,1.38676,0
54770000,1.38664,1.38664,1.38664,1.38664,0,1.38673,1.38673,1.38673,1.38673,0
54780000,1.38660,1.38661,1.38660,1.38661,0,1.38676,1.38676,1.38673,1.38673,0
54783000,1.38659,1.38661,1.38659,1.38661,0,1.38671,1.38671,1.38670,1.38670,0
54796000,1.38660,1.38660,1.38660,1.38660,0,1.38671,1.38671,1.38671,1.38671,0
54801000,1.38660,1.38660,1.38660,1.38660,0,1.38669,1.38669,1.38669,1.38669,0
54807000,1.38659,1.38659,1.38659,1.38659,0,1.38669,1.38669,1.38669,1.38669,0
54809000,1.38658,1.38658,1.38655,1.38656,0,1.38669,1.38669,1.38667,1.38667,0
54810000,1.38653,1.38653,1.38653,1.38653,0,1.38664,1.38665,1.38663,1.38665,0
54811000,1.38655,1.38658,1.38655,1.38658,0,1.38667,1.38670,1.38667,1.38669,0
54814000,1.38657,1.38657,1.38657,1.38657,0,1.38667,1.38667,1.38667,1.38667,0
54822000,1.38657,1.38657,1.38657,1.38657,0,1.38669,1.38669,1.38669,1.38669,0
54828000,1.38657,1.38657,1.38650,1.38652,0,1.38668,1.38670,1.38665,1.38665,0
54829000,1.38653,1.38657,1.38653,1.38657,0,1.38665,1.38667,1.38665,1.38667,0
54833000,1.38656,1.38656,1.38651,1.38651,0,1.38668,1.38668,1.38662,1.38662,0
54840000,1.38652,1.38652,1.38652,1.38652,0,1.38662,1.38662,1.38662,1.38662,0
54845000,1.38653,1.38653,1.38652,1.38652,0,1.38664,1.38664,1.38664,1.38664,0
54846000,1.38652,1.38652,1.38652,1.38652,0,1.38663,1.38664,1.38663,1.38664,0
54849000,1.38652,1.38652,1.38652,1.38652,0,1.38663,1.38663,1.38663,1.38663,0
54850000,1.38652,1.38654,1.38652,1.38654,0,1.38665,1.38666,1.38663,1.38666,0
54851000,1.38656,1.38656,1.38656,1.38656,0,1.38666,1.38666,1.38666,1.38666,0
54862000,1.38656,1.38656,1.38656,1.38656,0,1.38667,1.38667,1.38667,1.38667,0
54863000,1.38656,1.38656,1.38655,1.38656,0,1.38666,1.38668,1.38666,1.38668,0
54867000,1.38657,1.38657,1.38657,1.38657,0,1.38666,1.38666,1.38666,1.38666,0
54878000,1.38658,1.38658,1.38658,1.38658,0,1.38668,1.38669,1.38668,1.38669,0
54890000,1.38659,1.38659,1.38659,1.38659,0,1.38669,1.38669,1.38669,1.38669,0
54900000,1.38660,1.38660,1.38660,1.38660,0,1.38669,1.38669,1.38669,1.38669,0
54905000,1.38659,1.38659,1.38659,1.38659,0,1.38669,1.38669,1.38669,1.38669,0
54906000,1.38658,1.38658,1.38652,1.38652,0,1.38669,1.38669,1.38665,1.38665,0
54907000,1.38653,1.38656,1.38653,1.38656,0,1.38665,1.38667,1.38665,1.38667,0
54910000,1.38656,1.38656,1.38656,1.38656,0,1.38666,1.38666,1.38666,1.38666,0
54922000,1.38658,1.38658,1.38658,1.38658,0,1.38669,1.38669,1.38669,1.38669,0
54924000,1.38659,1.38660,1.38659,1.38660,0,1.38669,1.38671,1.38669,1.38671,0
54926000,1.38663,1.38663,1.38663,1.38663,0,1.38674,1.38674,1.38674,1.38674,0
54927000,1.38663,1.38663,1.38663,1.38663,0,1.38673,1.38673,1.38673,1.38673,0
54938000,1.38660,1.38663,1.38660,1.38663,0,1.38672,1.38672,1.38671,1.38671,0
54944000,1.38662,1.38662,1.38662,1.38662,0,1.38672,1.38672,1.38672,1.38672,0
54960000,1.38660,1.38660,1.38660,1.38660,0,1.38670,1.38670,1.38670,1.38670,0
54961000,1.38659,1.38659,1.38655,1.38656,0,1.38670,1.38670,1.38666,1.38666,0
54965000,1.38655,1.38656,1.38655,1.38656,0,1.38666,1.38666,1.38665,1.38665,0
54966000,1.38655,1.38655,1.38655,1.38655,0,1.38665,1.38665,1.38665,1.38665,0
54968000,1.38657,1.38657,1.38657,1.38657,0,1.38667,1.38667,1.38667,1.38667,0
54974000,1.38659,1.38659,1.38657,1.38658,0,1.38668,1.38671,1.38668,1.38671,0
54975000,1.38656,1.38656,1.38654,1.38654,0,1.38669,1.38669,1.38665,1.38665,0
54977000,1.38654,1.38654,1.38654,1.38654,0,1.38663,1.38663,1.38663,1.38663,0
54980000,1.38653,1.38654,1.38653,1.38654,0,1.38664,1.38666,1.38664,1.38666,0
54984000,1.38657,1.38657,1.38657,1.38657,0,1.38667,1.38667,1.38667,1.38667,0
54987000,1.38656,1.38656,1.38651,1.38653,0,1.38668,1.38668,1.38663,1.38663,0
54990000,1.38651,1.38651,1.38651,1.38651,0,1.38663,1.38663,1.38661,1.38662,0
54991000,1.38649,1.38649,1.38649,1.38649,0,1.38660,1.38660,1.38660,1.38660,0
54995000,1.38651,1.38651,1.38651,1.38651,0,1.38662,1.38662,1.38662,1.38662,0
55011000,1.38652,1.38652,1.38652,1.38652,0,1.38662,1.38662,1.38662,1.38662,0
55012000,1.38651,1.38651,1.38651,1.38651,0,1.38663,1.38663,1.38663,1.38663,0
55015000,1.38651,1.38651,1.38651,1.38651,0,1.38660,1.38660,1.38660,1.38660,0
55048000,1.38652,1.38652,1.38652,1.38652,0,1.38660,1.38660,1.38660,1.38660,0
55050000,1.38651,1.38651,1.38647,1.38647,0,1.38660,1.38660,1.38658,1.38658,0
55051000,1.38644,1.38644,1.38638,1.38639,0,1.38655,1.38656,1.38651,1.38651,0
55052000,1.38639,1.38639,1.38637,1.38637,0,1.38649,1.38649,1.38648,1.38648,0
55060000,1.38639,1.38639,1.38639,1.38639,0,1.38648,1.38648,1.38648,1.38648,0
55062000,1.38639,1.38640,1.38639,1.38640,0,1.38649,1.38654,1.38649,1.38653,0
55069000,1.38640,1.38640,1.38640,1.38640,0,1.38652,1.38652,1.38652,1.38652,0
55072000,1.38640,1.38640,1.38640,1.38640,0,1.38651,1.38651,1.38651,1.38651,0
55074000,1.38640,1.38641,1.38640,1.38641,0,1.38652,1.38652,1.38651,1.38651,0
55079000,1.38639,1.38639,1.38637,1.38637,0,1.38651,1.38651,1.38648,1.38649,0
55080000,1.38638,1.38638,1.38638,1.38638,0,1.38648,1.38648,1.38648,1.38648,0
55081000,1.38639,1.38639,1.38639,1.38639,0,1.38648,1.38648,1.38648,1.38648,0
55082000,1.38637,1.38637,1.38637,1.38637,0,1.38649,1.38649,1.38649,1.38649,0
55086000,1.38639,1.38639,1.38639,1.38639,0,1.38648,1.38648,1.38648,1.38648,0
55092000,1.38638,1.38638,1.38638,1.38638,0,1.38648,1.38648,1.38648,1.38648,0
55114000,1.38639,1.38639,1.38639,1.38639,0,1.38648,1.38648,1.38648,1.38648,0
55117000,1.38641,1.38646,1.38640,1.38646,0,1.38651,1.38657,1.38651,1.38657,0
55118000,1.38648,1.38649,1.38648,1.38649,0,1.38657,1.38659,1.38657,1.38659,0
55122000,1.38648,1.38648,1.38648,1.38648,0,1.38659,1.38659,1.38659,1.38659,0
55127000,1.38649,1.38649,1.38649,1.38649,0,1.38658,1.38658,1.38658,1.38658,0
55128000,1.38648,1.38648,1.38648,1.38648,0,1.38658,1.38658,1.38658,1.38658,0
55132000,1.38650,1.38650,1.38650,1.38650,0,1.38660,1.38660,1.38660,1.38660,0
55133000,1.38650,1.38650,1.38650,1.38650,0,1.38659,1.38659,1.38659,1.38659,0
55142000,1.38650,1.38650,1.38650,1.38650,0,1.38660,1.38660,1.38660,1.38660,0
55144000,1.38650,1.38650,1.38650,1.38650,0,1.38659,1.38659,1.38659,1.38659,0
55157000,1.38649,1.38649,1.38649,1.38649,0,1.38659,1.38659,1.38659,1.38659,0
55167000,1.38648,1.38648,1.38648,1.38648,0,1.38659,1.38659,1.38659,1.38659,0
55168000,1.38648,1.38650,1.38648,1.38650,0,1.38658,1.38660,1.38658,1.38659,0
55180000,1.38649,1.38649,1.38649,1.38649,0,1.38660,1.38660,1.38660,1.38660,0
55211000,1.38651,1.38651,1.38651,1.38651,0,1.38662,1.38662,1.38662,1.38662,0
55212000,1.38652,1.38652,1.38652,1.38652,0,1.38661,1.38661,1.38661,1.38661,0
55217000,1.38651,1.38651,1.38651,1.38651,0,1.38661,1.38661,1.38661,1.38661,0
55220000,1.38652,1.38652,1.38652,1.38652,0,1.38661,1.38661,1.38661,1.38661,0
55223000,1.38651,1.38651,1.38651,1.38651,0,1.38661,1.38661,1.38661,1.38661,0
55231000,1.38650,1.38650,1.38650,1.38650,0,1.38662,1.38662,1.38662,1.38662,0
55232000,1.38650,1.38650,1.38650,1.38650,0,1.38661,1.38661,1.38661,1.38661,0
55235000,1.38651,1.38651,1.38651,1.38651,0,1.38660,1.38660,1.38660,1.38660,0
55290000,1.38649,1.38649,1.38649,1.38649,0,1.38661,1.38661,1.38661,1.38661,0
55291000,1.38651,1.38651,1.38651,1.38651,0,1.38660,1.38660,1.38660,1.38660,0
55320000,1.38649,1.38649,1.38649,1.38649,0,1.38660,1.38660,1.38660,1.38660,0
55331000,1.38651,1.38651,1.38651,1.38651,0,1.38660,1.38660,1.38660,1.38660,0
55332000,1.38651,1.38651,1.38651,1.38651,0,1.38659,1.38659,1.38659,1.38659,0
55340000,1.38651,1.38651,1.38651,1.38651,0,1.38660,1.38660,1.38660,1.38660,0
55361000,1.38653,1.38653,1.38652,1.38653,0,1.38662,1.38663,1.38662,1.38662,0
55365000,1.38651,1.38651,1.38651,1.38651,0,1.38660,1.38660,1.38660,1.38660,0
55390000,1.38649,1.38649,1.38649,1.38649,0,1.38660,1.38660,1.38660,1.38660,0
55392000,1.38650,1.38650,1.38650,1.38650,0,1.38660,1.38660,1.38660,1.38660,0
55397000,1.38649,1.38649,1.38649,1.38649,0,1.38660,1.38660,1.38660,1.38660,0
55401000,1.38646,1.38647,1.38645,1.38646,0,1.38657,1.38657,1.38657,1.38657,0
55402000,1.38644,1.38644,1.38644,1.38644,0,1.38655,1.38656,1.38655,1.38656,0
55403000,1.38642,1.38642,1.38642,1.38642,0,1.38653,1.38653,1.38653,1.38653,0
55405000,1.38642,1.38642,1.38641,1.38642,0,1.38652,1.38653,1.38651,1.38651,0
55413000,1.38640,1.38640,1.38640,1.38640,0,1.38651,1.38651,1.38651,1.38651,0
55426000,1.38641,1.38641,1.38641,1.38641,0,1.38654,1.38654,1.38653,1.38653,0
55427000,1.38642,1.38643,1.38641,1.38643,0,1.38653,1.38656,1.38653,1.38655,0
55429000,1.38645,1.38645,1.38645,1.38645,0,1.38655,1.38658,1.38655,1.38656,0
55430000,1.38645,1.38645,1.38645,1.38645,0,1.38655,1.38655,1.38655,1.38655,0
55431000,1.38646,1.38646,1.38646,1.38646,0,1.38655,1.38655,1.38655,1.38655,0
55435000,1.38645,1.38647,1.38645,1.38647,0,1.38656,1.38656,1.38656,1.38656,0
55439000,1.38647,1.38647,1.38647,1.38647,0,1.38657,1.38657,1.38657,1.38657,0
55440000,1.38648,1.38650,1.38648,1.38650,0,1.38659,1.38659,1.38659,1.38659,0
55455000,1.38649,1.38649,1.38649,1.38649,0,1.38659,1.38659,1.38659,1.38659,0
55456000,1.38649,1.38649,1.38649,1.38649,0,1.38658,1.38658,1.38658,1.38658,0
55457000,1.38648,1.38648,1.38648,1.38648,0,1.38659,1.38659,1.38659,1.38659,0
55467000,1.38649,1.38649,1.38649,1.38649,0,1.38657,1.38657,1.38657,1.38657,0
55468000,1.38647,1.38647,1.38647,1.38647,0,1.38659,1.38659,1.38659,1.38659,0
55469000,1.38645,1.38645,1.38645,1.38645,0,1.38656,1.38657,1.38656,1.38657,0
55470000,1.38646,1.38646,1.38646,1.38646,0,1.38656,1.38656,1.38656,1.38656,0
55471000,1.38645,1.38645,1.38645,1.38645,0,1.38656,1.38656,1.38656,1.38656,0
55474000,1.38647,1.38647,1.38647,1.38647,0,1.38656,1.38656,1.38656,1.38656,0
55483000,1.38645,1.38645,1.38645,1.38645,0,1.38654,1.38654,1.38654,1.38654,0
55496000,1.38647,1.38647,1.38645,1.38645,0,1.38656,1.38657,1.38655,1.38655,0
55497000,1.38646,1.38646,1.38646,1.38646,0,1.38655,1.38655,1.38655,1.38655,0
55500000,1.38645,1.38645,1.38645,1.38645,0,1.38655,1.38655,1.38655,1.38655,0
55503000,1.38643,1.38643,1.38643,1.38643,0,1.38652,1.38652,1.38652,1.38652,0
55517000,1.38642,1.38642,1.38642,1.38642,0,1.38652,1.38652,1.38652,1.38652,0
55518000,1.38642,1.38642,1.38642,1.38642,0,1.38651,1.38651,1.38651,1.38651,0
55531000,1.38639,1.38639,1.38636,1.38636,0,1.38649,1.38649,1.38646,1.38646,0
55532000,1.38637,1.38637,1.38633,1.38634,0,1.38646,1.38646,1.38644,1.38646,0
55533000,1.38635,1.38635,1.38635,1.38635,0,1.38646,1.38646,1.38646,1.38646,0
55534000,1.38635,1.38635,1.38635,1.38635,0,1.38647,1.38647,1.38646,1.38646,0
55537000,1.38635,1.38635,1.38635,1.38635,0,1.38644,1.38644,1.38644,1.38644,0
55538000,1.38634,1.38634,1.38634,1.38634,0,1.38645,1.38645,1.38645,1.38645,0
55539000,1.38634,1.38634,1.38634,1.38634,0,1.38644,1.38644,1.38644,1.38644,0
55542000,1.38634,1.38634,1.38634,1.38634,0,1.38645,1.38645,1.38645,1.38645,0
55554000,1.38631,1.38631,1.38631,1.38631,0,1.38643,1.38643,1.38643,1.38643,0
55555000,1.38631,1.38631,1.38628,1.38628,0,1.38641,1.38641,1.38640,1.38640,0
55556000,1.38629,1.38630,1.38629,1.38630,0,1.38640,1.38640,1.38639,1.38639,0
55557000,1.38632,1.38632,1.38632,1.38632,0,1.38642,1.38642,1.38641,1.38641,0
55560000,1.38631,1.38631,1.38631,1.38631,0,1.38641,1.38641,1.38641,1.38641,0
55561000,1.38631,1.38633,1.38631,1.38633,0,1.38643,1.38645,1.38643,1.38645,0
55562000,1.38633,1.38637,1.38633,1.38637,0,1.38644,1.38647,1.38644,1.38647,0
55563000,1.38636,1.38636,1.38636,1.38636,0,1.38647,1.38647,1.38647,1.38647,0
55564000,1.38636,1.38636,1.38636,1.38636,0,1.38646,1.38646,1.38646,1.38646,0
55566000,1.38636,1.38636,1.38635,1.38635,0,1.38647,1.38647,1.38644,1.38644,0
55567000,1.38634,1.38634,1.38632,1.38632,0,1.38644,1.38645,1.38644,1.38644,0
55568000,1.38633,1.38633,1.38633,1.38633,0,1.38643,1.38643,1.38643,1.38643,0
55569000,1.38634,1.38634,1.38634,1.38634,0,1.38645,1.38645,1.38645,1.38645,0
55570000,1.38634,1.38634,1.38634,1.38634,0,1.38643,1.38643,1.38643,1.38643,0
55573000,1.38631,1.38631,1.38631,1.38631,0,1.38642,1.38642,1.38642,1.38642,0
55578000,1.38631,1.38631,1.38629,1.38631,0,1.38641,1.38642,1.38640,1.38642,0
55584000,1.38632,1.38632,1.38630,1.38630,0,1.38641,1.38641,1.38640,1.38640,0
55585000,1.38631,1.38631,1.38631,1.38631,0,1.38642,1.38642,1.38642,1.38642,0
55591000,1.38631,1.38631,1.38631,1.38631,0,1.38641,1.38641,1.38641,1.38641,0
55618000,1.38631,1.38633,1.38631,1.38633,0,1.38642,1.38643,1.38642,1.38643,0
55619000,1.38633,1.38633,1.38633,1.38633,0,1.38641,1.38641,1.38641,1.38641,0
55627000,1.38633,1.38633,1.38633,1.38633,0,1.38642,1.38642,1.38642,1.38642,0
55634000,1.38631,1.38631,1.38631,1.38631,0,1.38643,1.38643,1.38642,1.38642,0
55635000,1.38630,1.38630,1.38630,1.38630,0,1.38643,1.38643,1.38643,1.38643,0
55651000,1.38630,1.38630,1.38630,1.38630,0,1.38642,1.38643,1.38642,1.38643,0
55668000,1.38631,1.38631,1.38631,1.38631,0,1.38641,1.38641,1.38641,1.38641,0
55700000,1.38633,1.38633,1.38633,1.38633,0,1.38643,1.38643,1.38643,1.38643,0
55709000,1.38632,1.38636,1.38632,1.38636,0,1.38643,1.38649,1.38643,1.38649,0
55710000,1.38636,1.38637,1.38633,1.38633,0,1.38648,1.38648,1.38644,1.38644,0
55711000,1.38634,1.38636,1.38634,1.38636,0,1.38647,1.38647,1.38646,1.38646,0
55712000,1.38636,1.38636,1.38635,1.38635,0,1.38645,1.38645,1.38645,1.38645,0
55714000,1.38637,1.38637,1.38637,1.38637,0,1.38647,1.38647,1.38647,1.38647,0
55716000,1.38635,1.38635,1.38635,1.38635,0,1.38645,1.38646,1.38645,1.38646,0
55732000,1.38632,1.38632,1.38632,1.38632,0,1.38644,1.38644,1.38644,1.38644,0
55737000,1.38633,1.38633,1.38633,1.38633,0,1.38644,1.38644,1.38644,1.38644,0
55738000,1.38632,1.38633,1.38632,1.38633,0,1.38644,1.38644,1.38644,1.38644,0
55742000,1.38632,1.38632,1.38632,1.38632,0,1.38644,1.38644,1.38644,1.38644,0
55744000,1.38635,1.38635,1.38635,1.38635,0,1.38646,1.38646,1.38645,1.38645,0
55748000,1.38636,1.38636,1.38635,1.38635,0,1.38645,1.38645,1.38645,1.38645,0
55750000,1.38634,1.38634,1.38634,1.38634,0,1.38647,1.38647,1.38646,1.38646,0
55751000,1.38634,1.38635,1.38634,1.38635,0,1.38645,1.38645,1.38645,1.38645,0
55756000,1.38637,1.38637,1.38637,1.38637,0,1.38646,1.38646,1.38646,1.38646,0
55758000,1.38635,1.38635,1.38635,1.38635,0,1.38645,1.38645,1.38645,1.38645,0
55759000,1.38634,1.38634,1.38634,1.38634,0,1.38645,1.38645,1.38645,1.38645,0
55765000,1.38634,1.38634,1.38634,1.38634,0,1.38647,1.38647,1.38647,1.38647,0
55767000,1.38635,1.38635,1.38635,1.38635,0,1.38644,1.38644,1.38644,1.38644,0
55768000,1.38634,1.38635,1.38634,1.38635,0,1.38644,1.38644,1.38644,1.38644,0
55769000,1.38634,1.38634,1.38634,1.38634,0,1.38644,1.38644,1.38644,1.38644,0
55770000,1.38634,1.38636,1.38634,1.38635,0,1.38646,1.38647,1.38645,1.38645,0
55771000,1.38635,1.38637,1.38635,1.38637,0,1.38644,1.38647,1.38644,1.38647,0
55772000,1.38638,1.38638,1.38638,1.38638,0,1.38646,1.38646,1.38646,1.38646,0
55773000,1.38638,1.38638,1.38638,1.38638,0,1.38647,1.38647,1.38647,1.38647,0
55781000,1.38640,1.38640,1.38640,1.38640,0,1.38649,1.38651,1.38649,1.38651,0
55793000,1.38638,1.38638,1.38633,1.38633,0,1.38648,1.38648,1.38645,1.38645,0
55794000,1.38633,1.38633,1.38633,1.38633,0,1.38644,1.38644,1.38644,1.38644,0
55796000,1.38631,1.38631,1.38631,1.38631,0,1.38641,1.38641,1.38641,1.38641,0
55800000,1.38632,1.38632,1.38631,1.38632,0,1.38643,1.38644,1.38643,1.38644,0
55801000,1.38632,1.38634,1.38631,1.38634,0,1.38642,1.38645,1.38642,1.38645,0
55802000,1.38634,1.38635,1.38634,1.38635,0,1.38644,1.38645,1.38644,1.38645,0
55805000,1.38635,1.38635,1.38635,1.38635,0,1.38646,1.38646,1.38646,1.38646,0
55807000,1.38634,1.38634,1.38634,1.38634,0,1.38644,1.38644,1.38644,1.38644,0
55820000,1.38635,1.38635,1.38634,1.38634,0,1.38644,1.38644,1.38644,1.38644,0
55822000,1.38632,1.38632,1.38629,1.38629,0,1.38642,1.38642,1.38640,1.38640,0
55824000,1.38631,1.38631,1.38630,1.38630,0,1.38642,1.38642,1.38639,1.38639,0
55826000,1.38629,1.38629,1.38629,1.38629,0,1.38639,1.38639,1.38639,1.38639,0
55830000,1.38629,1.38629,1.38629,1.38629,0,1.38637,1.38637,1.38637,1.38637,0
55836000,1.38627,1.38627,1.38624,1.38624,0,1.38636,1.38637,1.38636,1.38636,0
55837000,1.38624,1.38627,1.38623,1.38627,0,1.38634,1.38640,1.38634,1.38640,0
55838000,1.38628,1.38628,1.38628,1.38628,0,1.38640,1.38640,1.38639,1.38639,0
55839000,1.38629,1.38629,1.38629,1.38629,0,1.38638,1.38638,1.38638,1.38638,0
55842000,1.38629,1.38633,1.38629,1.38633,0,1.38640,1.38648,1.38640,1.38648,0
55843000,1.38635,1.38639,1.38635,1.38639,0,1.38650,1.38650,1.38649,1.38649,0
55847000,1.38641,1.38641,1.38641,1.38641,0,1.38651,1.38651,1.38651,1.38651,0
55852000,1.38642,1.38642,1.38642,1.38642,0,1.38651,1.38651,1.38651,1.38651,0
55853000,1.38641,1.38641,1.38641,1.38641,0,1.38652,1.38652,1.38652,1.38652,0
55856000,1.38640,1.38640,1.38640,1.38640,0,1.38653,1.38653,1.38653,1.38653,0
55858000,1.38640,1.38640,1.38640,1.38640,0,1.38652,1.38652,1.38652,1.38652,0
55860000,1.38639,1.38639,1.38639,1.38639,0,1.38652,1.38652,1.38650,1.38650,0
55861000,1.38640,1.38640,1.38640,1.38640,0,1.38650,1.38650,1.38650,1.38650,0
55864000,1.38640,1.38640,1.38640,1.38640,0,1.38652,1.38652,1.38652,1.38652,0
55866000,1.38638,1.38638,1.38638,1.38638,0,1.38650,1.38650,1.38650,1.38650,0
55867000,1.38639,1.38639,1.38639,1.38639,0,1.38649,1.38649,1.38649,1.38649,0
55868000,1.38636,1.38636,1.38632,1.38632,0,1.38647,1.38647,1.38644,1.38644,0
55869000,1.38634,1.38634,1.38634,1.38634,0,1.38644,1.38644,1.38644,1.38644,0
55870000,1.38632,1.38632,1.38631,1.38631,0,1.38642,1.38642,1.38642,1.38642,0
55872000,1.38632,1.38632,1.38632,1.38632,0,1.38642,1.38642,1.38642,1.38642,0
55873000,1.38632,1.38632,1.38632,1.38632,0,1.38641,1.38642,1.38641,1.38642,0
55874000,1.38633,1.38633,1.38631,1.38633,0,1.38641,1.38642,1.38641,1.38642,0
55875000,1.38633,1.38633,1.38633,1.38633,0,1.38643,1.38645,1.38643,1.38645,0
55876000,1.38635,1.38637,1.38634,1.38636,0,1.38644,1.38648,1.38644,1.38648,0
55877000,1.38638,1.38638,1.38638,1.38638,0,1.38647,1.38647,1.38646,1.38646,0
55887000,1.38637,1.38637,1.38636,1.38636,0,1.38647,1.38647,1.38647,1.38647,0
55888000,1.38638,1.38638,1.38637,1.38637,0,1.38647,1.38648,1.38647,1.38648,0
55889000,1.38639,1.38639,1.38639,1.38639,0,1.38648,1.38648,1.38648,1.38648,0
55891000,1.38638,1.38639,1.38638,1.38639,0,1.38650,1.38650,1.38650,1.38650,0
55904000,1.38640,1.38640,1.38640,1.38640,0,1.38650,1.38650,1.38650,1.38650,0
55918000,1.38638,1.38638,1.38638,1.38638,0,1.38648,1.38648,1.38648,1.38648,0
55922000,1.38639,1.38639,1.38639,1.38639,0,1.38647,1.38647,1.38647,1.38647,0
55923000,1.38638,1.38638,1.38638,1.38638,0,1.38647,1.38647,1.38647,1.38647,0
55942000,1.38640,1.38646,1.38639,1.38644,0,1.38649,1.38658,1.38649,1.38655,0
55943000,1.38645,1.38645,1.38643,1.38643,0,1.38655,1.38655,1.38653,1.38654,0
55945000,1.38642,1.38642,1.38642,1.38642,0,1.38654,1.38654,1.38653,1.38653,0
55961000,1.38643,1.38643,1.38643,1.38643,0,1.38652,1.38652,1.38652,1.38652,0
55963000,1.38643,1.38643,1.38643,1.38643,0,1.38654,1.38654,1.38654,1.38654,0
55968000,1.38641,1.38641,1.38641,1.38641,0,1.38652,1.38652,1.38652,1.38652,0
55972000,1.38642,1.38642,1.38642,1.38642,0,1.38652,1.38652,1.38652,1.38652,0
55984000,1.38642,1.38644,1.38642,1.38644,0,1.38653,1.38655,1.38653,1.38655,0
55985000,1.38644,1.38646,1.38644,1.38645,0,1.38656,1.38657,1.38656,1.38656,0
55986000,1.38646,1.38646,1.38646,1.38646,0,1.38656,1.38656,1.38656,1.38656,0
55989000,1.38646,1.38646,1.38646,1.38646,0,1.38657,1.38657,1.38657,1.38657,0
55990000,1.38647,1.38647,1.38647,1.38647,0,1.38657,1.38657,1.38657,1.38657,0
55992000,1.38646,1.38646,1.38646,1.38646,0,1.38655,1.38656,1.38655,1.38656,0
55993000,1.38644,1.38645,1.38644,1.38645,0,1.38656,1.38656,1.38656,1.38656,0
55995000,1.38645,1.38645,1.38644,1.38644,0,1.38655,1.38655,1.38655,1.38655,0
55999000,1.38645,1.38645,1.38645,1.38645,0,1.38654,1.38654,1.38654,1.38654,0
56001000,1.38644,1.38646,1.38644,1.38646,0,1.38656,1.38658,1.38656,1.38658,0
56002000,1.38647,1.38647,1.38647,1.38647,0,1.38657,1.38657,1.38657,1.38657,0
56003000,1.38645,1.38645,1.38645,1.38645,0,1.38655,1.38655,1.38655,1.38655,0
56015000,1.38646,1.38646,1.38646,1.38646,0,1.38655,1.38655,1.38655,1.38655,0
56017000,1.38645,1.38647,1.38645,1.38647,0,1.38657,1.38657,1.38657,1.38657,0
56018000,1.38646,1.38647,1.38646,1.38647,0,1.38658,1.38658,1.38658,1.38658,0
56019000,1.38645,1.38645,1.38645,1.38645,0,1.38655,1.38655,1.38655,1.38655,0
56025000,1.38642,1.38642,1.38636,1.38637,0,1.38653,1.38653,1.38648,1.38648,0
56026000,1.38638,1.38638,1.38637,1.38637,0,1.38647,1.38648,1.38647,1.38648,0
56027000,1.38639,1.38639,1.38639,1.38639,0,1.38650,1.38650,1.38650,1.38650,0
56028000,1.38639,1.38639,1.38639,1.38639,0,1.38649,1.38649,1.38649,1.38649,0
56032000,1.38639,1.38639,1.38639,1.38639,0,1.38648,1.38648,1.38648,1.38648,0
56033000,1.38638,1.38638,1.38638,1.38638,0,1.38649,1.38649,1.38649,1.38649,0
56034000,1.38640,1.38640,1.38637,1.38637,0,1.38650,1.38651,1.38649,1.38649,0
56035000,1.38637,1.38638,1.38635,1.38638,0,1.38648,1.38649,1.38647,1.38649,0
56036000,1.38639,1.38639,1.38637,1.38639,0,1.38649,1.38651,1.38648,1.38648,0
56037000,1.38638,1.38638,1.38638,1.38638,0,1.38649,1.38649,1.38649,1.38649,0
56038000,1.38639,1.38639,1.38636,1.38636,0,1.38648,1.38648,1.38647,1.38647,0
56039000,1.38636,1.38637,1.38636,1.38637,0,1.38646,1.38653,1.38646,1.38651,0
56040000,1.38639,1.38639,1.38639,1.38639,0,1.38649,1.38649,1.38649,1.38649,0
56042000,1.38639,1.38639,1.38633,1.38633,0,1.38650,1.38650,1.38646,1.38646,0
56043000,1.38636,1.38637,1.38636,1.38637,0,1.38649,1.38649,1.38648,1.38648,0
56053000,1.38638,1.38638,1.38638,1.38638,0,1.38647,1.38647,1.38647,1.38647,0
56058000,1.38639,1.38639,1.38639,1.38639,0,1.38647,1.38647,1.38647,1.38647,0
56062000,1.38639,1.38639,1.38639,1.38639,0,1.38650,1.38650,1.38650,1.38650,0
56063000,1.38640,1.38640,1.38639,1.38639,0,1.38648,1.38649,1.38648,1.38649,0
56068000,1.38639,1.38639,1.38639,1.38639,0,1.38648,1.38648,1.38648,1.38648,0
56071000,1.38639,1.38639,1.38639,1.38639,0,1.38649,1.38649,1.38649,1.38649,0
56073000,1.38639,1.38639,1.38639,1.38639,0,1.38648,1.38648,1.38648,1.38648,0
56078000,1.38638,1.38638,1.38638,1.38638,0,1.38650,1.38650,1.38650,1.38650,0
56080000,1.38640,1.38640,1.38640,1.38640,0,1.38649,1.38649,1.38649,1.38649,0
56085000,1.38639,1.38639,1.38639,1.38639,0,1.38649,1.38649,1.38649,1.38649,0
56086000,1.38640,1.38640,1.38640,1.38640,0,1.38649,1.38649,1.38649,1.38649,0
56087000,1.38639,1.38640,1.38639,1.38640,0,1.38650,1.38650,1.38650,1.38650,0
56088000,1.38642,1.38643,1.38641,1.38643,0,1.38651,1.38654,1.38651,1.38654,0
56090000,1.38642,1.38642,1.38642,1.38642,0,1.38654,1.38654,1.38653,1.38653,0
56094000,1.38643,1.38643,1.38642,1.38642,0,1.38653,1.38654,1.38653,1.38654,0
56100000,1.38640,1.38640,1.38640,1.38640,0,1.38652,1.38652,1.38652,1.38652,0
56111000,1.38640,1.38640,1.38640,1.38640,0,1.38651,1.38651,1.38651,1.38651,0
56113000,1.38640,1.38640,1.38638,1.38639,0,1.38652,1.38652,1.38650,1.38650,0
56145000,1.38642,1.38642,1.38642,1.38642,0,1.38653,1.38653,1.38652,1.38652,0
56151000,1.38642,1.38643,1.38642,1.38643,0,1.38654,1.38654,1.38652,1.38652,0
56161000,1.38641,1.38641,1.38641,1.38641,0,1.38652,1.38653,1.38652,1.38652,0
56162000,1.38641,1.38641,1.38641,1.38641,0,1.38650,1.38650,1.38650,1.38650,0
56176000,1.38638,1.38639,1.38638,1.38639,0,1.38649,1.38649,1.38648,1.38648,0
56179000,1.38639,1.38639,1.38639,1.38639,0,1.38649,1.38649,1.38649,1.38649,0
56180000,1.38638,1.38638,1.38638,1.38638,0,1.38649,1.38649,1.38649,1.38649,0
56182000,1.38637,1.38637,1.38637,1.38637,0,1.38650,1.38650,1.38650,1.38650,0
56183000,1.38639,1.38639,1.38638,1.38639,0,1.38649,1.38650,1.38649,1.38650,0
56186000,1.38640,1.38640,1.38640,1.38640,0,1.38650,1.38650,1.38650,1.38650,0
56205000,1.38639,1.38639,1.38639,1.38639,0,1.38651,1.38651,1.38651,1.38651,0
56207000,1.38639,1.38639,1.38639,1.38639,0,1.38652,1.38652,1.38652,1.38652,0
56208000,1.38641,1.38641,1.38641,1.38641,0,1.38651,1.38651,1.38651,1.38651,0
56216000,1.38641,1.38641,1.38640,1.38640,0,1.38653,1.38654,1.38653,1.38654,0
56217000,1.38642,1.38642,1.38642,1.38642,0,1.38655,1.38655,1.38655,1.38655,0
56221000,1.38642,1.38643,1.38642,1.38642,0,1.38652,1.38653,1.38652,1.38653,0
56223000,1.38644,1.38648,1.38644,1.38648,0,1.38656,1.38660,1.38656,1.38660,0
56224000,1.38650,1.38650,1.38648,1.38648,0,1.38659,1.38660,1.38659,1.38660,0
56226000,1.38646,1.38647,1.38645,1.38647,0,1.38658,1.38660,1.38658,1.38659,0
56228000,1.38645,1.38645,1.38644,1.38644,0,1.38657,1.38657,1.38656,1.38656,0
56229000,1.38643,1.38643,1.38643,1.38643,0,1.38654,1.38654,1.38654,1.38654,0
56232000,1.38645,1.38645,1.38644,1.38644,0,1.38656,1.38657,1.38656,1.38657,0
56233000,1.38645,1.38645,1.38645,1.38645,0,1.38657,1.38659,1.38657,1.38659,0
56236000,1.38642,1.38643,1.38642,1.38642,0,1.38656,1.38656,1.38655,1.38655,0
56242000,1.38643,1.38643,1.38643,1.38643,0,1.38655,1.38655,1.38655,1.38655,0
56243000,1.38646,1.38646,1.38645,1.38646,0,1.38657,1.38658,1.38657,1.38658,0
56244000,1.38647,1.38647,1.38647,1.38647,0,1.38658,1.38658,1.38658,1.38658,0
56248000,1.38648,1.38648,1.38648,1.38648,0,1.38657,1.38657,1.38657,1.38657,0
56250000,1.38647,1.38647,1.38647,1.38647,0,1.38659,1.38659,1.38659,1.38659,0
56256000,1.38649,1.38649,1.38649,1.38649,0,1.38659,1.38659,1.38659,1.38659,0
56257000,1.38648,1.38648,1.38647,1.38648,0,1.38659,1.38662,1.38659,1.38659,0
56258000,1.38648,1.38649,1.38648,1.38649,0,1.38661,1.38661,1.38660,1.38660,0
56259000,1.38650,1.38650,1.38650,1.38650,0,1.38660,1.38660,1.38660,1.38660,0
56260000,1.38649,1.38649,1.38649,1.38649,0,1.38661,1.38661,1.38661,1.38661,0
56261000,1.38649,1.38649,1.38649,1.38649,0,1.38659,1.38659,1.38659,1.38659,0
56262000,1.38649,1.38650,1.38649,1.38649,0,1.38660,1.38661,1.38659,1.38661,0
56263000,1.38649,1.38649,1.38649,1.38649,0,1.38662,1.38662,1.38662,1.38662,0
56264000,1.38649,1.38651,1.38649,1.38651,0,1.38661,1.38661,1.38661,1.38661,0
56266000,1.38651,1.38653,1.38651,1.38653,0,1.38662,1.38665,1.38662,1.38665,0
56274000,1.38654,1.38654,1.38653,1.38653,0,1.38665,1.38666,1.38665,1.38665,0
56277000,1.38653,1.38653,1.38653,1.38653,0,1.38663,1.38663,1.38663,1.38663,0
56279000,1.38652,1.38652,1.38652,1.38652,0,1.38663,1.38663,1.38663,1.38663,0
56295000,1.38652,1.38652,1.38652,1.38652,0,1.38662,1.38662,1.38662,1.38662,0
56296000,1.38652,1.38653,1.38651,1.38653,0,1.38664,1.38665,1.38663,1.38663,0
56302000,1.38651,1.38651,1.38651,1.38651,0,1.38661,1.38661,1.38661,1.38661,0
56305000,1.38652,1.38652,1.38652,1.38652,0,1.38661,1.38662,1.38661,1.38662,0
56315000,1.38653,1.38653,1.38653,1.38653,0,1.38662,1.38662,1.38662,1.38662,0
56316000,1.38653,1.38653,1.38653,1.38653,0,1.38663,1.38663,1.38663,1.38663,0
56325000,1.38654,1.38654,1.38654,1.38654,0,1.38663,1.38663,1.38663,1.38663,0
56326000,1.38654,1.38654,1.38653,1.38653,0,1.38664,1.38664,1.38664,1.38664,0
56328000,1.38654,1.38654,1.38654,1.38654,0,1.38664,1.38664,1.38664,1.38664,0
56332000,1.38653,1.38653,1.38653,1.38653,0,1.38664,1.38664,1.38664,1.38664,0
56336000,1.38652,1.38652,1.38652,1.38652,0,1.38664,1.38664,1.38664,1.38664,0
56339000,1.38652,1.38652,1.38652,1.38652,0,1.38663,1.38663,1.38663,1.38663,0
56363000,1.38652,1.38652,1.38652,1.38652,0,1.38664,1.38664,1.38664,1.38664,0
56367000,1.38652,1.38653,1.38652,1.38653,0,1.38663,1.38663,1.38663,1.38663,0
56372000,1.38653,1.38653,1.38653,1.38653,0,1.38665,1.38665,1.38665,1.38665,0
56374000,1.38653,1.38653,1.38653,1.38653,0,1.38663,1.38663,1.38663,1.38663,0
56375000,1.38652,1.38652,1.38652,1.38652,0,1.38664,1.38664,1.38664,1.38664,0
56376000,1.38653,1.38653,1.38653,1.38653,0,1.38664,1.38664,1.38664,1.38664,0
56381000,1.38651,1.38651,1.38651,1.38651,0,1.38663,1.38663,1.38663,1.38663,0
56382000,1.38650,1.38650,1.38650,1.38650,0,1.38661,1.38661,1.38661,1.38661,0
56384000,1.38648,1.38648,1.38643,1.38643,0,1.38659,1.38659,1.38656,1.38656,0
56385000,1.38643,1.38643,1.38643,1.38643,0,1.38655,1.38655,1.38655,1.38655,0
56386000,1.38646,1.38646,1.38646,1.38646,0,1.38658,1.38658,1.38658,1.38658,0
56387000,1.38647,1.38647,1.38647,1.38647,0,1.38656,1.38656,1.38656,1.38656,0
56388000,1.38647,1.38647,1.38647,1.38647,0,1.38657,1.38660,1.38657,1.38659,0
56389000,1.38647,1.38647,1.38647,1.38647,0,1.38658,1.38658,1.38658,1.38658,0
56390000,1.38649,1.38649,1.38647,1.38647,0,1.38657,1.38659,1.38657,1.38659,0
56393000,1.38649,1.38649,1.38649,1.38649,0,1.38657,1.38657,1.38657,1.38657,0
56394000,1.38647,1.38647,1.38647,1.38647,0,1.38659,1.38659,1.38659,1.38659,0
56395000,1.38650,1.38651,1.38648,1.38650,0,1.38660,1.38662,1.38660,1.38662,0
56396000,1.38652,1.38652,1.38652,1.38652,0,1.38660,1.38660,1.38660,1.38660,0
56399000,1.38649,1.38649,1.38649,1.38649,0,1.38663,1.38663,1.38663,1.38663,0
56401000,1.38652,1.38652,1.38652,1.38652,0,1.38662,1.38662,1.38662,1.38662,0
56417000,1.38650,1.38652,1.38650,1.38652,0,1.38662,1.38662,1.38661,1.38661,0
56418000,1.38651,1.38651,1.38651,1.38651,0,1.38662,1.38662,1.38662,1.38662,0
56428000,1.38653,1.38653,1.38653,1.38653,0,1.38662,1.38662,1.38662,1.38662,0
56432000,1.38651,1.38651,1.38651,1.38651,0,1.38662,1.38662,1.38662,1.38662,0
56434000,1.38652,1.38652,1.38652,1.38652,0,1.38662,1.38662,1.38662,1.38662,0
56448000,1.38651,1.38651,1.38651,1.38651,0,1.38662,1.38662,1.38662,1.38662,0
56457000,1.38652,1.38652,1.38652,1.38652,0,1.38661,1.38661,1.38661,1.38661,0
56460000,1.38652,1.38652,1.38652,1.38652,0,1.38662,1.38662,1.38662,1.38662,0
56476000,1.38652,1.38656,1.38652,1.38654,0,1.38663,1.38666,1.38663,1.38665,0
56490000,1.38656,1.38656,1.38656,1.38656,0,1.38665,1.38665,1.38665,1.38665,0
56492000,1.38655,1.38656,1.38655,1.38656,0,1.38666,1.38666,1.38665,1.38665,0
56494000,1.38655,1.38655,1.38655,1.38655,0,1.38665,1.38665,1.38665,1.38665,0
56496000,1.38654,1.38654,1.38654,1.38654,0,1.38663,1.38663,1.38663,1.38663,0
56497000,1.38654,1.38654,1.38654,1.38654,0,1.38664,1.38664,1.38664,1.38664,0
56509000,1.38653,1.38653,1.38653,1.38653,0,1.38664,1.38664,1.38664,1.38664,0
56516000,1.38655,1.38655,1.38655,1.38655,0,1.38664,1.38664,1.38664,1.38664,0
56517000,1.38653,1.38653,1.38653,1.38653,0,1.38664,1.38664,1.38664,1.38664,0
56518000,1.38654,1.38654,1.38653,1.38653,0,1.38663,1.38663,1.38663,1.38663,0
56523000,1.38655,1.38655,1.38655,1.38655,0,1.38665,1.38665,1.38665,1.38665,0
56530000,1.38656,1.38656,1.38656,1.38656,0,1.38665,1.38665,1.38665,1.38665,0
56531000,1.38655,1.38655,1.38655,1.38655,0,1.38666,1.38666,1.38666,1.38666,0
56533000,1.38656,1.38659,1.38656,1.38659,0,1.38666,1.38668,1.38666,1.38668,0
56534000,1.38657,1.38657,1.38657,1.38657,0,1.38668,1.38668,1.38668,1.38668,0
56537000,1.38656,1.38657,1.38656,1.38657,0,1.38668,1.38668,1.38668,1.38668,0
56539000,1.38659,1.38659,1.38659,1.38659,0,1.38668,1.38668,1.38668,1.38668,0
56553000,1.38658,1.38658,1.38658,1.38658,0,1.38668,1.38668,1.38668,1.38668,0
56554000,1.38659,1.38659,1.38659,1.38659,0,1.38668,1.38668,1.38668,1.38668,0
56564000,1.38658,1.38658,1.38658,1.38658,0,1.38669,1.38669,1.38669,1.38669,0
56574000,1.38659,1.38659,1.38659,1.38659,0,1.38668,1.38668,1.38668,1.38668,0
56579000,1.38659,1.38660,1.38659,1.38660,0,1.38669,1.38670,1.38669,1.38669,0
56584000,1.38659,1.38659,1.38659,1.38659,0,1.38670,1.38670,1.38670,1.38670,0
56585000,1.38660,1.38660,1.38660,1.38660,0,1.38669,1.38669,1.38669,1.38669,0
56609000,1.38660,1.38660,1.38660,1.38660,0,1.38670,1.38670,1.38670,1.38670,0
56630000,1.38659,1.38659,1.38659,1.38659,0,1.38671,1.38671,1.38671,1.38671,0
56633000,1.38659,1.38659,1.38659,1.38659,0,1.38670,1.38670,1.38669,1.38669,0
56635000,1.38658,1.38658,1.38658,1.38658,0,1.38670,1.38670,1.38670,1.38670,0
56643000,1.38659,1.38659,1.38659,1.38659,0,1.38668,1.38668,1.38668,1.38668,0
56645000,1.38657,1.38657,1.38657,1.38657,0,1.38669,1.38669,1.38669,1.38669,0
56665000,1.38657,1.38657,1.38655,1.38655,0,1.38668,1.38668,1.38666,1.38666,0
56673000,1.38658,1.38658,1.38658,1.38658,0,1.38667,1.38667,1.38666,1.38666,0
56676000,1.38656,1.38656,1.38656,1.38656,0,1.38667,1.38667,1.38667,1.38667,0
56677000,1.38656,1.38656,1.38656,1.38656,0,1.38666,1.38666,1.38666,1.38666,0
56686000,1.38656,1.38656,1.38656,1.38656,0,1.38667,1.38667,1.38667,1.38667,0
56687000,1.38657,1.38657,1.38656,1.38656,0,1.38667,1.38668,1.38667,1.38668,0
56688000,1.38657,1.38657,1.38656,1.38656,0,1.38666,1.38667,1.38666,1.38667,0
56689000,1.38657,1.38657,1.38657,1.38657,0,1.38666,1.38666,1.38666,1.38666,0
56693000,1.38656,1.38656,1.38654,1.38654,0,1.38667,1.38667,1.38664,1.38664,0
56694000,1.38653,1.38654,1.38653,1.38654,0,1.38665,1.38665,1.38665,1.38665,0
56695000,1.38655,1.38655,1.38655,1.38655,0,1.38664,1.38664,1.38664,1.38664,0
56698000,1.38655,1.38657,1.38655,1.38657,0,1.38666,1.38666,1.38665,1.38665,0
56699000,1.38657,1.38657,1.38656,1.38657,0,1.38666,1.38667,1.38666,1.38667,0
56700000,1.38659,1.38659,1.38659,1.38659,0,1.38668,1.38668,1.38668,1.38668,0
56702000,1.38658,1.38658,1.38658,1.38658,0,1.38669,1.38669,1.38669,1.38669,0
56718000,1.38658,1.38658,1.38656,1.38656,0,1.38670,1.38670,1.38667,1.38667,0
56720000,1.38656,1.38656,1.38656,1.38656,0,1.38666,1.38666,1.38666,1.38666,0
56721000,1.38655,1.38655,1.38655,1.38655,0,1.38666,1.38666,1.38665,1.38665,0
56722000,1.38654,1.38654,1.38654,1.38654,0,1.38666,1.38666,1.38666,1.38666,0
56724000,1.38655,1.38655,1.38655,1.38655,0,1.38665,1.38665,1.38665,1.38665,0
56725000,1.38656,1.38656,1.38656,1.38656,0,1.38665,1.38665,1.38665,1.38665,0
56729000,1.38655,1.38656,1.38655,1.38656,0,1.38666,1.38666,1.38666,1.38666,0
56731000,1.38655,1.38656,1.38655,1.38656,0,1.38667,1.38667,1.38667,1.38667,0
56739000,1.38655,1.38656,1.38655,1.38656,0,1.38667,1.38667,1.38667,1.38667,0
56740000,1.38655,1.38655,1.38655,1.38655,0,1.38665,1.38665,1.38665,1.38665,0
56743000,1.38655,1.38655,1.38655,1.38655,0,1.38666,1.38666,1.38666,1.38666,0
56747000,1.38655,1.38657,1.38655,1.38657,0,1.38667,1.38667,1.38667,1.38667,0
56750000,1.38656,1.38656,1.38656,1.38656,0,1.38668,1.38668,1.38666,1.38666,0
56754000,1.38656,1.38656,1.38656,1.38656,0,1.38665,1.38665,1.38665,1.38665,0
56755000,1.38654,1.38654,1.38654,1.38654,0,1.38666,1.38666,1.38666,1.38666,0
56756000,1.38656,1.38656,1.38656,1.38656,0,1.38666,1.38667,1.38666,1.38667,0
56763000,1.38657,1.38659,1.38657,1.38659,0,1.38667,1.38669,1.38667,1.38669,0
56765000,1.38659,1.38659,1.38657,1.38657,0,1.38670,1.38670,1.38668,1.38669,0
56766000,1.38657,1.38657,1.38657,1.38657,0,1.38668,1.38668,1.38668,1.38668,0
56773000,1.38656,1.38656,1.38656,1.38656,0,1.38668,1.38668,1.38668,1.38668,0
56775000,1.38657,1.38657,1.38657,1.38657,0,1.38668,1.38668,1.38668,1.38668,0
56781000,1.38657,1.38657,1.38657,1.38657,0,1.38669,1.38669,1.38669,1.38669,0
56782000,1.38654,1.38654,1.38654,1.38654,0,1.38666,1.38666,1.38665,1.38665,0
56789000,1.38656,1.38656,1.38656,1.38656,0,1.38665,1.38665,1.38665,1.38665,0
56790000,1.38655,1.38656,1.38654,1.38656,0,1.38666,1.38666,1.38664,1.38665,0
56791000,1.38655,1.38655,1.38653,1.38654,0,1.38666,1.38666,1.38665,1.38665,0
56792000,1.38655,1.38655,1.38654,1.38654,0,1.38663,1.38664,1.38663,1.38663,0
56796000,1.38653,1.38653,1.38653,1.38653,0,1.38665,1.38665,1.38665,1.38665,0
56808000,1.38653,1.38653,1.38653,1.38653,0,1.38663,1.38663,1.38663,1.38663,0
56830000,1.38652,1.38652,1.38652,1.38652,0,1.38664,1.38664,1.38664,1.38664,0
56843000,1.38653,1.38653,1.38653,1.38653,0,1.38663,1.38663,1.38663,1.38663,0
56883000,1.38654,1.38657,1.38654,1.38657,0,1.38666,1.38669,1.38666,1.38668,0
56886000,1.38658,1.38659,1.38658,1.38659,0,1.38670,1.38670,1.38670,1.38670,0
56895000,1.38656,1.38656,1.38650,1.38650,0,1.38668,1.38668,1.38662,1.38662,0
56896000,1.38653,1.38653,1.38653,1.38653,0,1.38663,1.38663,1.38663,1.38663,0
56911000,1.38653,1.38653,1.38653,1.38653,0,1.38662,1.38662,1.38662,1.38662,0
56913000,1.38652,1.38652,1.38652,1.38652,0,1.38663,1.38663,1.38663,1.38663,0
56930000,1.38655,1.38659,1.38655,1.38658,0,1.38666,1.38670,1.38666,1.38670,0
56931000,1.38659,1.38659,1.38659,1.38659,0,1.38670,1.38670,1.38670,1.38670,0
56936000,1.38658,1.38658,1.38654,1.38654,0,1.38670,1.38670,1.38666,1.38666,0
56944000,1.38656,1.38656,1.38656,1.38656,0,1.38666,1.38666,1.38666,1.38666,0
56945000,1.38655,1.38657,1.38655,1.38657,0,1.38667,1.38668,1.38667,1.38668,0
56951000,1.38656,1.38656,1.38656,1.38656,0,1.38668,1.38668,1.38668,1.38668,0
56954000,1.38655,1.38655,1.38655,1.38655,0,1.38665,1.38665,1.38665,1.38665,0
56955000,1.38653,1.38653,1.38653,1.38653,0,1.38665,1.38665,1.38665,1.38665,0
56974000,1.38652,1.38652,1.38650,1.38650,0,1.38662,1.38663,1.38661,1.38661,0
56976000,1.38648,1.38648,1.38643,1.38648,0,1.38659,1.38660,1.38654,1.38660,0
56977000,1.38648,1.38648,1.38648,1.38648,0,1.38659,1.38659,1.38659,1.38659,0
56980000,1.38648,1.38648,1.38647,1.38647,0,1.38657,1.38659,1.38657,1.38659,0
56981000,1.38647,1.38647,1.38647,1.38647,0,1.38658,1.38658,1.38658,1.38658,0
56993000,1.38648,1.38648,1.38648,1.38648,0,1.38660,1.38660,1.38660,1.38660,0
56997000,1.38646,1.38646,1.38644,1.38644,0,1.38658,1.38658,1.38655,1.38655,0
56998000,1.38642,1.38646,1.38642,1.38646,0,1.38654,1.38657,1.38653,1.38657,0
57000000,1.38644,1.38644,1.38643,1.38643,0,1.38656,1.38656,1.38653,1.38653,0
57001000,1.38641,1.38642,1.38641,1.38642,0,1.38655,1.38655,1.38653,1.38653,0
57002000,1.38640,1.38640,1.38640,1.38640,0,1.38653,1.38653,1.38653,1.38653,0
57003000,1.38641,1.38641,1.38641,1.38641,0,1.38652,1.38652,1.38652,1.38652,0
57022000,1.38643,1.38643,1.38641,1.38641,0,1.38653,1.38653,1.38651,1.38651,0
57031000,1.38641,1.38642,1.38639,1.38639,0,1.38653,1.38653,1.38649,1.38649,0
57045000,1.38639,1.38639,1.38637,1.38637,0,1.38648,1.38648,1.38648,1.38648,0
57047000,1.38639,1.38639,1.38639,1.38639,0,1.38648,1.38648,1.38648,1.38648,0
57048000,1.38637,1.38637,1.38637,1.38637,0,1.38648,1.38648,1.38648,1.38648,0
57049000,1.38639,1.38639,1.38638,1.38638,0,1.38648,1.38648,1.38648,1.38648,0
57050000,1.38640,1.38640,1.38640,1.38640,0,1.38649,1.38649,1.38649,1.38649,0
57054000,1.38639,1.38639,1.38639,1.38639,0,1.38650,1.38650,1.38650,1.38650,0
57056000,1.38638,1.38639,1.38638,1.38639,0,1.38650,1.38650,1.38649,1.38649,0
57058000,1.38640,1.38640,1.38640,1.38640,0,1.38652,1.38652,1.38652,1.38652,0
57059000,1.38640,1.38642,1.38639,1.38642,0,1.38651,1.38654,1.38651,1.38654,0
57060000,1.38642,1.38642,1.38642,1.38642,0,1.38653,1.38653,1.38653,1.38653,0
57065000,1.38642,1.38642,1.38642,1.38642,0,1.38651,1.38651,1.38651,1.38651,0
57067000,1.38641,1.38641,1.38641,1.38641,0,1.38651,1.38651,1.38651,1.38651,0
57078000,1.38642,1.38642,1.38641,1.38641,0,1.38651,1.38651,1.38651,1.38651,0
57080000,1.38640,1.38640,1.38640,1.38640,0,1.38652,1.38652,1.38652,1.38652,0
57092000,1.38641,1.38641,1.38641,1.38641,0,1.38651,1.38652,1.38651,1.38652,0
57094000,1.38641,1.38641,1.38641,1.38641,0,1.38651,1.38651,1.38651,1.38651,0
57095000,1.38641,1.38641,1.38641,1.38641,0,1.38652,1.38652,1.38652,1.38652,0
57098000,1.38641,1.38641,1.38641,1.38641,0,1.38651,1.38651,1.38651,1.38651,0
57103000,1.38639,1.38639,1.38639,1.38639,0,1.38650,1.38650,1.38650,1.38650,0
57117000,1.38640,1.38647,1.38640,1.38646,0,1.38654,1.38659,1.38654,1.38657,0
57118000,1.38645,1.38646,1.38645,1.38646,0,1.38658,1.38658,1.38658,1.38658,0
57122000,1.38647,1.38648,1.38647,1.38648,0,1.38657,1.38659,1.38657,1.38658,0
57125000,1.38647,1.38647,1.38647,1.38647,0,1.38659,1.38659,1.38659,1.38659,0
57126000,1.38648,1.38648,1.38648,1.38648,0,1.38658,1.38658,1.38658,1.38658,0
57129000,1.38648,1.38649,1.38648,1.38649,0,1.38659,1.38659,1.38659,1.38659,0
57134000,1.38648,1.38652,1.38648,1.38651,0,1.38660,1.38663,1.38660,1.38663,0
57140000,1.38651,1.38651,1.38651,1.38651,0,1.38661,1.38661,1.38661,1.38661,0
57143000,1.38649,1.38649,1.38649,1.38649,0,1.38661,1.38661,1.38661,1.38661,0
57144000,1.38650,1.38650,1.38650,1.38650,0,1.38660,1.38660,1.38660,1.38660,0
57146000,1.38650,1.38650,1.38650,1.38650,0,1.38659,1.38659,1.38659,1.38659,0
57153000,1.38649,1.38649,1.38649,1.38649,0,1.38659,1.38659,1.38659,1.38659,0
57170000,1.38648,1.38648,1.38648,1.38648,0,1.38659,1.38659,1.38659,1.38659,0
57171000,1.38647,1.38647,1.38647,1.38647,0,1.38660,1.38660,1.38660,1.38660,0
57172000,1.38648,1.38648,1.38647,1.38647,0,1.38659,1.38660,1.38659,1.38660,0
57173000,1.38647,1.38647,1.38645,1.38645,0,1.38659,1.38659,1.38657,1.38657,0
57181000,1.38646,1.38646,1.38646,1.38646,0,1.38657,1.38657,1.38657,1.38657,0
57186000,1.38646,1.38646,1.38645,1.38645,0,1.38656,1.38657,1.38656,1.38656,0
57201000,1.38645,1.38645,1.38645,1.38645,0,1.38657,1.38657,1.38657,1.38657,0
57203000,1.38643,1.38643,1.38643,1.38643,0,1.38654,1.38654,1.38654,1.38654,0
57204000,1.38643,1.38643,1.38643,1.38643,0,1.38653,1.38653,1.38653,1.38653,0
57207000,1.38643,1.38643,1.38643,1.38643,0,1.38654,1.38654,1.38654,1.38654,0
57208000,1.38642,1.38642,1.38642,1.38642,0,1.38652,1.38652,1.38652,1.38652,0
57210000,1.38641,1.38641,1.38641,1.38641,0,1.38652,1.38652,1.38652,1.38652,0
57231000,1.38642,1.38643,1.38642,1.38643,0,1.38654,1.38654,1.38653,1.38653,0
57232000,1.38643,1.38643,1.38643,1.38643,0,1.38655,1.38655,1.38655,1.38655,0
57233000,1.38644,1.38644,1.38644,1.38644,0,1.38654,1.38654,1.38654,1.38654,0
57239000,1.38641,1.38643,1.38641,1.38643,0,1.38652,1.38654,1.38652,1.38654,0
57242000,1.38641,1.38641,1.38641,1.38641,0,1.38652,1.38652,1.38652,1.38652,0
57244000,1.38643,1.38643,1.38643,1.38643,0,1.38654,1.38654,1.38653,1.38653,0
57245000,1.38643,1.38643,1.38642,1.38642,0,1.38655,1.38655,1.38653,1.38654,0
57246000,1.38643,1.38643,1.38642,1.38642,0,1.38654,1.38654,1.38654,1.38654,0
57247000,1.38643,1.38643,1.38642,1.38642,0,1.38654,1.38655,1.38653,1.38655,0
57248000,1.38643,1.38643,1.38643,1.38643,0,1.38657,1.38657,1.38656,1.38657,0
57250000,1.38644,1.38644,1.38644,1.38644,0,1.38656,1.38656,1.38656,1.38656,0
57257000,1.38646,1.38646,1.38646,1.38646,0,1.38657,1.38657,1.38657,1.38657,0
57258000,1.38647,1.38647,1.38647,1.38647,0,1.38656,1.38656,1.38656,1.38656,0
57260000,1.38646,1.38646,1.38646,1.38646,0,1.38656,1.38656,1.38656,1.38656,0
57265000,1.38645,1.38645,1.38645,1.38645,0,1.38656,1.38656,1.38656,1.38656,0
57268000,1.38643,1.38643,1.38643,1.38643,0,1.38653,1.38654,1.38653,1.38654,0
57269000,1.38642,1.38642,1.38642,1.38642,0,1.38655,1.38655,1.38655,1.38655,0
57272000,1.38645,1.38645,1.38645,1.38645,0,1.38657,1.38657,1.38657,1.38657,0
57293000,1.38646,1.38646,1.38646,1.38646,0,1.38656,1.38656,1.38656,1.38656,0
57303000,1.38646,1.38646,1.38646,1.38646,0,1.38655,1.38655,1.38655,1.38655,0
57306000,1.38646,1.38646,1.38646,1.38646,0,1.38657,1.38657,1.38657,1.38657,0
57308000,1.38646,1.38646,1.38646,1.38646,0,1.38656,1.38656,1.38656,1.38656,0
57310000,1.38646,1.38646,1.38646,1.38646,0,1.38655,1.38655,1.38655,1.38655,0
57319000,1.38645,1.38645,1.38644,1.38645,0,1.38655,1.38656,1.38655,1.38655,0
57320000,1.38644,1.38645,1.38644,1.38645,0,1.38656,1.38656,1.38656,1.38656,0
57321000,1.38645,1.38645,1.38645,1.38645,0,1.38655,1.38655,1.38655,1.38655,0
57322000,1.38644,1.38645,1.38644,1.38645,0,1.38656,1.38656,1.38655,1.38655,0
57325000,1.38647,1.38647,1.38647,1.38647,0,1.38655,1.38655,1.38655,1.38655,0
57328000,1.38643,1.38643,1.38640,1.38640,0,1.38655,1.38655,1.38652,1.38652,0
57329000,1.38640,1.38641,1.38640,1.38641,0,1.38651,1.38653,1.38651,1.38653,0
57330000,1.38642,1.38642,1.38642,1.38642,0,1.38653,1.38653,1.38653,1.38653,0
57332000,1.38643,1.38643,1.38643,1.38643,0,1.38652,1.38652,1.38652,1.38652,0
57333000,1.38642,1.38644,1.38642,1.38644,0,1.38653,1.38656,1.38653,1.38656,0
57334000,1.38646,1.38646,1.38646,1.38646,0,1.38657,1.38657,1.38656,1.38657,0
57337000,1.38645,1.38645,1.38642,1.38643,0,1.38657,1.38657,1.38655,1.38655,0
57338000,1.38644,1.38644,1.38644,1.38644,0,1.38652,1.38652,1.38652,1.38652,0
57340000,1.38643,1.38643,1.38643,1.38643,0,1.38655,1.38655,1.38655,1.38655,0
57341000,1.38644,1.38644,1.38644,1.38644,0,1.38654,1.38654,1.38654,1.38654,0
57342000,1.38644,1.38645,1.38644,1.38645,0,1.38657,1.38657,1.38657,1.38657,0
57343000,1.38645,1.38645,1.38645,1.38645,0,1.38656,1.38656,1.38656,1.38656,0
57351000,1.38647,1.38647,1.38647,1.38647,0,1.38659,1.38659,1.38659,1.38659,0
57355000,1.38649,1.38649,1.38649,1.38649,0,1.38659,1.38659,1.38658,1.38658,0
57356000,1.38647,1.38647,1.38647,1.38647,0,1.38658,1.38658,1.38658,1.38658,0
57363000,1.38647,1.38650,1.38647,1.38648,0,1.38661,1.38661,1.38659,1.38659,0
57364000,1.38648,1.38654,1.38648,1.38653,0,1.38661,1.38668,1.38661,1.38663,0
57368000,1.38652,1.38653,1.38652,1.38653,0,1.38666,1.38666,1.38665,1.38665,0
57371000,1.38654,1.38655,1.38654,1.38654,0,1.38664,1.38668,1.38664,1.38666,0
57372000,1.38655,1.38655,1.38654,1.38654,0,1.38665,1.38666,1.38665,1.38666,0
57374000,1.38652,1.38653,1.38652,1.38652,0,1.38664,1.38664,1.38663,1.38663,0
57393000,1.38650,1.38650,1.38650,1.38650,0,1.38661,1.38661,1.38661,1.38661,0
57405000,1.38652,1.38652,1.38652,1.38652,0,1.38663,1.38663,1.38663,1.38663,0
57410000,1.38652,1.38652,1.38652,1.38652,0,1.38664,1.38664,1.38664,1.38664,0
57412000,1.38653,1.38653,1.38653,1.38653,0,1.38663,1.38663,1.38663,1.38663,0
57413000,1.38654,1.38654,1.38654,1.38654,0,1.38663,1.38663,1.38663,1.38663,0
57414000,1.38654,1.38654,1.38654,1.38654,0,1.38664,1.38664,1.38664,1.38664,0
57419000,1.38653,1.38654,1.38653,1.38654,0,1.38665,1.38665,1.38665,1.38665,0
57421000,1.38655,1.38655,1.38655,1.38655,0,1.38667,1.38667,1.38667,1.38667,0
57422000,1.38653,1.38653,1.38653,1.38653,0,1.38665,1.38665,1.38665,1.38665,0
57423000,1.38654,1.38654,1.38653,1.38654,0,1.38665,1.38666,1.38665,1.38666,0
57443000,1.38657,1.38657,1.38657,1.38657,0,1.38668,1.38668,1.38668,1.38668,0
57448000,1.38657,1.38657,1.38657,1.38657,0,1.38669,1.38669,1.38668,1.38668,0
57463000,1.38657,1.38657,1.38657,1.38657,0,1.38666,1.38666,1.38666,1.38666,0
57472000,1.38656,1.38656,1.38656,1.38656,0,1.38667,1.38667,1.38667,1.38667,0
57474000,1.38657,1.38657,1.38657,1.38657,0,1.38670,1.38670,1.38670,1.38670,0
57475000,1.38658,1.38658,1.38658,1.38658,0,1.38669,1.38669,1.38669,1.38669,0
57477000,1.38658,1.38658,1.38657,1.38657,0,1.38667,1.38668,1.38667,1.38668,0
57478000,1.38658,1.38658,1.38656,1.38656,0,1.38666,1.38668,1.38666,1.38668,0
57479000,1.38657,1.38657,1.38656,1.38657,0,1.38667,1.38668,1.38667,1.38668,0
57481000,1.38659,1.38659,1.38659,1.38659,0,1.38670,1.38670,1.38670,1.38670,0
57482000,1.38657,1.38657,1.38655,1.38657,0,1.38668,1.38668,1.38667,1.38667,0
57487000,1.38660,1.38660,1.38659,1.38659,0,1.38669,1.38669,1.38669,1.38669,0
57491000,1.38660,1.38660,1.38660,1.38660,0,1.38669,1.38669,1.38669,1.38669,0
57496000,1.38659,1.38659,1.38659,1.38659,0,1.38669,1.38669,1.38668,1.38668,0
57510000,1.38662,1.38669,1.38661,1.38669,0,1.38670,1.38678,1.38670,1.38678,0
57511000,1.38668,1.38669,1.38668,1.38669,0,1.38679,1.38679,1.38679,1.38679,0
57512000,1.38669,1.38669,1.38669,1.38669,0,1.38678,1.38678,1.38678,1.38678,0
57520000,1.38668,1.38668,1.38668,1.38668,0,1.38679,1.38679,1.38679,1.38679,0
57521000,1.38669,1.38670,1.38668,1.38670,0,1.38678,1.38683,1.38678,1.38680,0
57523000,1.38668,1.38668,1.38664,1.38664,0,1.38679,1.38679,1.38675,1.38675,0
57524000,1.38665,1.38665,1.38665,1.38665,0,1.38674,1.38674,1.38674,1.38674,0
57525000,1.38663,1.38664,1.38663,1.38663,0,1.38675,1.38675,1.38675,1.38675,0
57526000,1.38665,1.38665,1.38664,1.38664,0,1.38675,1.38676,1.38675,1.38676,0
57527000,1.38662,1.38662,1.38662,1.38662,0,1.38676,1.38676,1.38676,1.38676,0
57529000,1.38662,1.38662,1.38662,1.38662,0,1.38673,1.38673,1.38673,1.38673,0
57532000,1.38663,1.38663,1.38663,1.38663,0,1.38672,1.38672,1.38672,1.38672,0
57538000,1.38662,1.38664,1.38662,1.38664,0,1.38674,1.38674,1.38674,1.38674,0
57539000,1.38667,1.38667,1.38664,1.38664,0,1.38676,1.38676,1.38674,1.38674,0
57549000,1.38666,1.38666,1.38664,1.38664,0,1.38675,1.38675,1.38673,1.38674,0
57559000,1.38667,1.38667,1.38667,1.38667,0,1.38676,1.38676,1.38676,1.38676,0
57566000,1.38666,1.38666,1.38666,1.38666,0,1.38678,1.38678,1.38678,1.38678,0
57567000,1.38669,1.38669,1.38662,1.38662,0,1.38677,1.38678,1.38675,1.38675,0
57568000,1.38663,1.38664,1.38663,1.38664,0,1.38675,1.38675,1.38673,1.38673,0
57575000,1.38662,1.38662,1.38660,1.38660,0,1.38672,1.38672,1.38672,1.38672,0
57576000,1.38661,1.38661,1.38661,1.38661,0,1.38671,1.38671,1.38671,1.38671,0
57586000,1.38663,1.38663,1.38662,1.38662,0,1.38671,1.38672,1.38671,1.38672,0
57588000,1.38661,1.38661,1.38658,1.38659,0,1.38672,1.38672,1.38670,1.38670,0
57598000,1.38661,1.38661,1.38661,1.38661,0,1.38670,1.38670,1.38670,1.38670,0
57599000,1.38660,1.38660,1.38660,1.38660,0,1.38671,1.38671,1.38671,1.38671,0
57600000,1.38659,1.38659,1.38659,1.38659,0,1.38671,1.38671,1.38671,1.38671,0
57601000,1.38659,1.38659,1.38657,1.38658,0,1.38670,1.38670,1.38668,1.38668,0
57603000,1.38658,1.38658,1.38658,1.38658,0,1.38670,1.38670,1.38668,1.38668,0
57604000,1.38657,1.38657,1.38657,1.38657,0,1.38669,1.38669,1.38669,1.38669,0
57609000,1.38657,1.38657,1.38657,1.38657,0,1.38668,1.38668,1.38668,1.38668,0
57610000,1.38657,1.38657,1.38657,1.38657,0,1.38669,1.38669,1.38669,1.38669,0
57614000,1.38659,1.38659,1.38659,1.38659,0,1.38669,1.38669,1.38669,1.38669,0
57618000,1.38657,1.38657,1.38655,1.38655,0,1.38669,1.38669,1.38666,1.38666,0
57619000,1.38657,1.38657,1.38657,1.38657,0,1.38668,1.38668,1.38668,1.38668,0
57621000,1.38659,1.38660,1.38658,1.38660,0,1.38670,1.38674,1.38670,1.38674,0
57622000,1.38662,1.38666,1.38662,1.38666,0,1.38675,1.38677,1.38675,1.38676,0
57627000,1.38666,1.38666,1.38666,1.38666,0,1.38675,1.38675,1.38675,1.38675,0
57634000,1.38666,1.38667,1.38666,1.38667,0,1.38676,1.38676,1.38676,1.38676,0
57641000,1.38665,1.38665,1.38665,1.38665,0,1.38675,1.38675,1.38675,1.38675,0
57643000,1.38663,1.38663,1.38658,1.38660,0,1.38675,1.38675,1.38672,1.38672,0
57645000,1.38657,1.38660,1.38657,1.38660,0,1.38671,1.38671,1.38671,1.38671,0
57646000,1.38660,1.38660,1.38658,1.38658,0,1.38670,1.38671,1.38670,1.38670,0
57647000,1.38655,1.38655,1.38655,1.38655,0,1.38667,1.38667,1.38667,1.38667,0
57661000,1.38657,1.38657,1.38657,1.38657,0,1.38667,1.38667,1.38667,1.38667,0
57662000,1.38655,1.38655,1.38652,1.38652,0,1.38666,1.38666,1.38664,1.38664,0
57663000,1.38652,1.38652,1.38652,1.38652,0,1.38662,1.38664,1.38662,1.38664,0
57664000,1.38653,1.38653,1.38652,1.38652,0,1.38663,1.38663,1.38663,1.38663,0
57666000,1.38652,1.38652,1.38652,1.38652,0,1.38662,1.38662,1.38662,1.38662,0
57667000,1.38653,1.38654,1.38653,1.38654,0,1.38662,1.38664,1.38662,1.38664,0
57671000,1.38654,1.38654,1.38654,1.38654,0,1.38663,1.38663,1.38663,1.38663,0
57674000,1.38652,1.38652,1.38652,1.38652,0,1.38662,1.38662,1.38662,1.38662,0
57678000,1.38650,1.38651,1.38650,1.38651,0,1.38662,1.38662,1.38661,1.38661,0
57699000,1.38649,1.38649,1.38649,1.38649,0,1.38660,1.38660,1.38660,1.38660,0
57710000,1.38650,1.38650,1.38650,1.38650,0,1.38660,1.38660,1.38660,1.38660,0
57712000,1.38652,1.38652,1.38652,1.38652,0,1.38661,1.38665,1.38661,1.38665,0
57713000,1.38654,1.38657,1.38654,1.38657,0,1.38667,1.38667,1.38667,1.38667,0
57727000,1.38658,1.38658,1.38651,1.38657,0,1.38666,1.38668,1.38663,1.38668,0
57730000,1.38655,1.38656,1.38652,1.38652,0,1.38667,1.38667,1.38664,1.38664,0
57731000,1.38653,1.38653,1.38653,1.38653,0,1.38663,1.38663,1.38663,1.38663,0
57733000,1.38655,1.38656,1.38655,1.38656,0,1.38666,1.38666,1.38666,1.38666,0
57734000,1.38655,1.38655,1.38655,1.38655,0,1.38667,1.38667,1.38667,1.38667,0
57746000,1.38657,1.38657,1.38657,1.38657,0,1.38666,1.38666,1.38666,1.38666,0
57790000,1.38655,1.38655,1.38655,1.38655,0,1.38666,1.38666,1.38666,1.38666,0
57794000,1.38652,1.38652,1.38651,1.38652,0,1.38664,1.38664,1.38664,1.38664,0
57802000,1.38653,1.38653,1.38652,1.38652,0,1.38664,1.38665,1.38664,1.38665,0
57804000,1.38653,1.38653,1.38653,1.38653,0,1.38664,1.38664,1.38664,1.38664,0
57821000,1.38655,1.38655,1.38655,1.38655,0,1.38664,1.38664,1.38664,1.38664,0
57827000,1.38654,1.38654,1.38654,1.38654,0,1.38665,1.38665,1.38665,1.38665,0
57829000,1.38655,1.38655,1.38654,1.38654,0,1.38664,1.38665,1.38664,1.38665,0
57846000,1.38651,1.38651,1.38649,1.38649,0,1.38663,1.38663,1.38660,1.38660,0
57847000,1.38649,1.38649,1.38649,1.38649,0,1.38659,1.38659,1.38659,1.38659,0
57848000,1.38648,1.38654,1.38648,1.38650,0,1.38659,1.38667,1.38659,1.38661,0
57854000,1.38648,1.38648,1.38648,1.38648,0,1.38658,1.38658,1.38658,1.38658,0
57868000,1.38649,1.38649,1.38648,1.38648,0,1.38658,1.38660,1.38658,1.38660,0
57871000,1.38649,1.38649,1.38649,1.38649,0,1.38660,1.38660,1.38660,1.38660,0
57879000,1.38648,1.38648,1.38648,1.38648,0,1.38660,1.38660,1.38660,1.38660,0
57880000,1.38649,1.38649,1.38649,1.38649,0,1.38659,1.38659,1.38659,1.38659,0
57884000,1.38647,1.38647,1.38647,1.38647,0,1.38659,1.38659,1.38659,1.38659,0
57885000,1.38647,1.38652,1.38647,1.38652,0,1.38661,1.38667,1.38661,1.38667,0
57886000,1.38651,1.38651,1.38650,1.38650,0,1.38665,1.38665,1.38662,1.38662,0
57893000,1.38650,1.38650,1.38650,1.38650,0,1.38660,1.38660,1.38660,1.38660,0
57897000,1.38649,1.38649,1.38649,1.38649,0,1.38661,1.38661,1.38661,1.38661,0
57902000,1.38649,1.38649,1.38648,1.38648,0,1.38659,1.38660,1.38659,1.38660,0
57903000,1.38649,1.38649,1.38649,1.38649,0,1.38659,1.38659,1.38659,1.38659,0
57908000,1.38648,1.38648,1.38648,1.38648,0,1.38659,1.38659,1.38659,1.38659,0
57914000,1.38650,1.38650,1.38650,1.38650,0,1.38659,1.38659,1.38659,1.38659,0
57921000,1.38649,1.38649,1.38649,1.38649,0,1.38661,1.38661,1.38661,1.38661,0
57928000,1.38650,1.38650,1.38650,1.38650,0,1.38660,1.38660,1.38660,1.38660,0
57929000,1.38649,1.38649,1.38649,1.38649,0,1.38661,1.38661,1.38661,1.38661,0
57940000,1.38649,1.38649,1.38649,1.38649,0,1.38659,1.38659,1.38659,1.38659,0
57946000,1.38648,1.38648,1.38648,1.38648,0,1.38660,1.38660,1.38660,1.38660,0
57960000,1.38649,1.38649,1.38649,1.38649,0,1.38660,1.38660,1.38660,1.38660,0
57963000,1.38648,1.38648,1.38648,1.38648,0,1.38660,1.38660,1.38660,1.38660,0
57967000,1.38648,1.38648,1.38648,1.38648,0,1.38659,1.38659,1.38659,1.38659,0
57988000,1.38649,1.38649,1.38649,1.38649,0,1.38659,1.38659,1.38659,1.38659,0
57990000,1.38649,1.38649,1.38649,1.38649,0,1.38661,1.38661,1.38661,1.38661,0
57991000,1.38649,1.38649,1.38649,1.38649,0,1.38659,1.38659,1.38659,1.38659,0
57993000,1.38649,1.38649,1.38649,1.38649,0,1.38660,1.38660,1.38659,1.38659,0
58010000,1.38649,1.38649,1.38649,1.38649,0,1.38660,1.38660,1.38660,1.38660,0
58015000,1.38651,1.38655,1.38651,1.38654,0,1.38662,1.38668,1.38662,1.38666,0
58016000,1.38654,1.38654,1.38654,1.38654,0,1.38662,1.38662,1.38662,1.38662,0
58017000,1.38653,1.38653,1.38653,1.38653,0,1.38663,1.38663,1.38663,1.38663,0
58018000,1.38652,1.38652,1.38652,1.38652,0,1.38663,1.38663,1.38661,1.38661,0
58022000,1.38651,1.38651,1.38651,1.38651,0,1.38662,1.38662,1.38662,1.38662,0
58023000,1.38651,1.38651,1.38651,1.38651,0,1.38661,1.38661,1.38661,1.38661,0
58027000,1.38651,1.38651,1.38651,1.38651,0,1.38662,1.38662,1.38662,1.38662,0
58033000,1.38651,1.38651,1.38651,1.38651,0,1.38660,1.38660,1.38660,1.38660,0
58034000,1.38649,1.38649,1.38643,1.38644,0,1.38658,1.38658,1.38654,1.38656,0
58035000,1.38644,1.38647,1.38643,1.38647,0,1.38655,1.38658,1.38655,1.38656,0
58038000,1.38647,1.38647,1.38643,1.38643,0,1.38657,1.38659,1.38657,1.38659,0
58039000,1.38646,1.38646,1.38646,1.38646,0,1.38658,1.38658,1.38658,1.38658,0
58040000,1.38647,1.38647,1.38647,1.38647,0,1.38657,1.38657,1.38657,1.38657,0
58055000,1.38646,1.38646,1.38646,1.38646,0,1.38657,1.38657,1.38657,1.38657,0
58066000,1.38648,1.38653,1.38648,1.38653,0,1.38660,1.38665,1.38660,1.38665,0
58067000,1.38654,1.38654,1.38654,1.38654,0,1.38665,1.38665,1.38665,1.38665,0
58071000,1.38656,1.38656,1.38655,1.38655,0,1.38665,1.38666,1.38665,1.38666,0
58082000,1.38656,1.38656,1.38656,1.38656,0,1.38665,1.38665,1.38665,1.38665,0
58087000,1.38655,1.38655,1.38655,1.38655,0,1.38665,1.38665,1.38665,1.38665,0
58107000,1.38655,1.38655,1.38655,1.38655,0,1.38666,1.38666,1.38666,1.38666,0
58108000,1.38655,1.38655,1.38655,1.38655,0,1.38665,1.38665,1.38665,1.38665,0
58133000,1.38655,1.38655,1.38655,1.38655,0,1.38667,1.38667,1.38665,1.38665,0
58153000,1.38655,1.38655,1.38655,1.38655,0,1.38666,1.38666,1.38666,1.38666,0
58154000,1.38657,1.38657,1.38657,1.38657,0,1.38668,1.38668,1.38668,1.38668,0
58167000,1.38657,1.38657,1.38653,1.38654,0,1.38669,1.38669,1.38665,1.38665,0
58172000,1.38657,1.38657,1.38657,1.38657,0,1.38667,1.38667,1.38667,1.38667,0
58182000,1.38656,1.38656,1.38656,1.38656,0,1.38667,1.38667,1.38667,1.38667,0
58184000,1.38655,1.38655,1.38655,1.38655,0,1.38667,1.38667,1.38667,1.38667,0
58185000,1.38655,1.38655,1.38655,1.38655,0,1.38666,1.38666,1.38666,1.38666,0
58186000,1.38655,1.38655,1.38655,1.38655,0,1.38669,1.38669,1.38669,1.38669,0
58193000,1.38657,1.38657,1.38657,1.38657,0,1.38668,1.38668,1.38668,1.38668,0
58198000,1.38655,1.38655,1.38655,1.38655,0,1.38668,1.38668,1.38668,1.38668,0
58200000,1.38656,1.38656,1.38656,1.38656,0,1.38668,1.38668,1.38668,1.38668,0
58202000,1.38657,1.38657,1.38657,1.38657,0,1.38668,1.38669,1.38668,1.38669,0
58204000,1.38654,1.38654,1.38654,1.38654,0,1.38666,1.38667,1.38666,1.38666,0
58209000,1.38654,1.38654,1.38652,1.38652,0,1.38664,1.38664,1.38662,1.38662,0
58210000,1.38652,1.38652,1.38652,1.38652,0,1.38664,1.38664,1.38662,1.38662,0
58211000,1.38651,1.38651,1.38651,1.38651,0,1.38664,1.38664,1.38664,1.38664,0
58212000,1.38651,1.38651,1.38651,1.38651,0,1.38663,1.38663,1.38663,1.38663,0
58215000,1.38652,1.38652,1.38652,1.38652,0,1.38663,1.38663,1.38662,1.38662,0
58216000,1.38652,1.38654,1.38652,1.38654,0,1.38663,1.38664,1.38663,1.38664,0
58235000,1.38654,1.38656,1.38654,1.38656,0,1.38663,1.38666,1.38663,1.38666,0
58236000,1.38654,1.38654,1.38654,1.38654,0,1.38664,1.38664,1.38664,1.38664,0
58250000,1.38656,1.38656,1.38656,1.38656,0,1.38666,1.38668,1.38666,1.38668,0
58263000,1.38654,1.38654,1.38654,1.38654,0,1.38665,1.38665,1.38665,1.38665,0
58274000,1.38654,1.38665,1.38654,1.38662,0,1.38666,1.38681,1.38666,1.38675,0
58275000,1.38663,1.38663,1.38663,1.38663,0,1.38675,1.38675,1.38675,1.38675,0
58276000,1.38661,1.38661,1.38661,1.38661,0,1.38672,1.38672,1.38672,1.38672,0
58277000,1.38660,1.38660,1.38658,1.38659,0,1.38669,1.38670,1.38668,1.38668,0
58291000,1.38659,1.38659,1.38659,1.38659,0,1.38670,1.38670,1.38670,1.38670,0
58294000,1.38660,1.38660,1.38659,1.38659,0,1.38669,1.38670,1.38669,1.38670,0
58301000,1.38660,1.38660,1.38660,1.38660,0,1.38669,1.38669,1.38669,1.38669,0
58303000,1.38658,1.38658,1.38658,1.38658,0,1.38669,1.38669,1.38669,1.38669,0
58308000,1.38659,1.38659,1.38659,1.38659,0,1.38668,1.38668,1.38668,1.38668,0
58315000,1.38658,1.38658,1.38658,1.38658,0,1.38668,1.38668,1.38668,1.38668,0
58316000,1.38656,1.38656,1.38652,1.38654,0,1.38667,1.38667,1.38664,1.38665,0
58317000,1.38654,1.38654,1.38654,1.38654,0,1.38666,1.38666,1.38666,1.38666,0
58318000,1.38654,1.38654,1.38652,1.38654,0,1.38665,1.38666,1.38664,1.38665,0
58319000,1.38654,1.38654,1.38654,1.38654,0,1.38666,1.38666,1.38666,1.38666,0
58323000,1.38655,1.38657,1.38653,1.38657,0,1.38668,1.38668,1.38667,1.38668,0
58326000,1.38657,1.38657,1.38657,1.38657,0,1.38669,1.38669,1.38668,1.38668,0
58330000,1.38658,1.38659,1.38658,1.38659,0,1.38670,1.38670,1.38670,1.38670,0
58331000,1.38662,1.38662,1.38661,1.38661,0,1.38672,1.38672,1.38672,1.38672,0
58332000,1.38662,1.38662,1.38662,1.38662,0,1.38672,1.38672,1.38672,1.38672,0
58336000,1.38661,1.38661,1.38661,1.38661,0,1.38672,1.38672,1.38672,1.38672,0
58337000,1.38662,1.38662,1.38662,1.38662,0,1.38672,1.38672,1.38672,1.38672,0
58365000,1.38661,1.38663,1.38661,1.38663,0,1.38672,1.38674,1.38672,1.38674,0
58366000,1.38663,1.38663,1.38663,1.38663,0,1.38673,1.38673,1.38673,1.38673,0
58378000,1.38663,1.38663,1.38663,1.38663,0,1.38672,1.38672,1.38672,1.38672,0
58385000,1.38663,1.38663,1.38663,1.38663,0,1.38673,1.38673,1.38673,1.38673,0
58411000,1.38663,1.38663,1.38663,1.38663,0,1.38674,1.38674,1.38674,1.38674,0
58415000,1.38662,1.38662,1.38662,1.38662,0,1.38674,1.38674,1.38674,1.38674,0
58419000,1.38664,1.38664,1.38664,1.38664,0,1.38675,1.38675,1.38675,1.38675,0
58420000,1.38662,1.38662,1.38662,1.38662,0,1.38674,1.38674,1.38674,1.38674,0
58428000,1.38662,1.38662,1.38662,1.38662,0,1.38673,1.38673,1.38673,1.38673,0
58439000,1.38663,1.38663,1.38663,1.38663,0,1.38673,1.38673,1.38673,1.38673,0
58464000,1.38662,1.38662,1.38662,1.38662,0,1.38673,1.38673,1.38673,1.38673,0
58478000,1.38663,1.38663,1.38663,1.38663,0,1.38672,1.38672,1.38672,1.38672,0
58479000,1.38662,1.38662,1.38662,1.38662,0,1.38673,1.38673,1.38673,1.38673,0
58486000,1.38659,1.38659,1.38659,1.38659,0,1.38671,1.38671,1.38671,1.38671,0
58487000,1.38661,1.38661,1.38661,1.38661,0,1.38673,1.38673,1.38673,1.38673,0
58488000,1.38662,1.38662,1.38662,1.38662,0,1.38672,1.38672,1.38672,1.38672,0
58518000,1.38660,1.38660,1.38660,1.38660,0,1.38671,1.38671,1.38671,1.38671,0
58539000,1.38662,1.38662,1.38662,1.38662,0,1.38672,1.38672,1.38672,1.38672,0
58571000,1.38661,1.38661,1.38661,1.38661,0,1.38672,1.38672,1.38672,1.38672,0
58614000,1.38663,1.38663,1.38663,1.38663,0,1.38674,1.38674,1.38674,1.38674,0
58661000,1.38662,1.38662,1.38662,1.38662,0,1.38674,1.38674,1.38674,1.38674,0
58669000,1.38663,1.38663,1.38663,1.38663,0,1.38674,1.38674,1.38674,1.38674,0
58706000,1.38664,1.38664,1.38664,1.38664,0,1.38674,1.38674,1.38674,1.38674,0
58707000,1.38667,1.38667,1.38667,1.38667,0,1.38677,1.38677,1.38677,1.38677,0
58708000,1.38665,1.38666,1.38665,1.38666,0,1.38677,1.38677,1.38676,1.38676,0
58709000,1.38665,1.38665,1.38665,1.38665,0,1.38677,1.38677,1.38677,1.38677,0
58710000,1.38666,1.38666,1.38666,1.38666,0,1.38676,1.38676,1.38676,1.38676,0
58711000,1.38666,1.38666,1.38666,1.38666,0,1.38677,1.38677,1.38677,1.38677,0
58716000,1.38666,1.38666,1.38666,1.38666,0,1.38676,1.38676,1.38676,1.38676,0
58727000,1.38666,1.38669,1.38666,1.38669,0,1.38677,1.38679,1.38677,1.38679,0
58728000,1.38667,1.38667,1.38667,1.38667,0,1.38679,1.38679,1.38678,1.38678,0
58733000,1.38665,1.38666,1.38665,1.38666,0,1.38677,1.38677,1.38677,1.38677,0
58736000,1.38664,1.38664,1.38664,1.38664,0,1.38675,1.38675,1.38675,1.38675,0
58743000,1.38666,1.38666,1.38666,1.38666,0,1.38677,1.38677,1.38677,1.38677,0
58748000,1.38664,1.38664,1.38663,1.38663,0,1.38675,1.38675,1.38675,1.38675,0
58749000,1.38664,1.38664,1.38664,1.38664,0,1.38675,1.38675,1.38675,1.38675,0
58753000,1.38663,1.38663,1.38663,1.38663,0,1.38675,1.38675,1.38675,1.38675,0
58755000,1.38665,1.38665,1.38665,1.38665,0,1.38675,1.38675,1.38675,1.38675,0
58758000,1.38663,1.38663,1.38663,1.38663,0,1.38675,1.38675,1.38675,1.38675,0
58760000,1.38664,1.38664,1.38664,1.38664,0,1.38675,1.38675,1.38675,1.38675,0
58761000,1.38663,1.38663,1.38663,1.38663,0,1.38675,1.38675,1.38675,1.38675,0
58778000,1.38665,1.38665,1.38665,1.38665,0,1.38675,1.38675,1.38675,1.38675,0
58780000,1.38664,1.38664,1.38664,1.38664,0,1.38676,1.38676,1.38676,1.38676,0
58782000,1.38665,1.38665,1.38665,1.38665,0,1.38675,1.38675,1.38675,1.38675,0
58798000,1.38666,1.38667,1.38666,1.38667,0,1.38678,1.38678,1.38677,1.38677,0
58800000,1.38666,1.38666,1.38666,1.38666,0,1.38677,1.38677,1.38677,1.38677,0
58801000,1.38666,1.38666,1.38666,1.38666,0,1.38676,1.38676,1.38676,1.38676,0
58811000,1.38668,1.38668,1.38666,1.38666,0,1.38679,1.38679,1.38677,1.38677,0
58812000,1.38667,1.38667,1.38667,1.38667,0,1.38676,1.38676,1.38676,1.38676,0
58814000,1.38667,1.38667,1.38667,1.38667,0,1.38678,1.38678,1.38678,1.38678,0
58817000,1.38668,1.38668,1.38668,1.38668,0,1.38677,1.38677,1.38677,1.38677,0
58819000,1.38667,1.38667,1.38667,1.38667,0,1.38678,1.38678,1.38678,1.38678,0
58823000,1.38665,1.38665,1.38665,1.38665,0,1.38675,1.38675,1.38675,1.38675,0
58828000,1.38667,1.38667,1.38667,1.38667,0,1.38676,1.38676,1.38676,1.38676,0
58830000,1.38665,1.38665,1.38665,1.38665,0,1.38674,1.38676,1.38674,1.38676,0
58836000,1.38666,1.38666,1.38665,1.38665,0,1.38675,1.38676,1.38675,1.38676,0
58841000,1.38666,1.38666,1.38666,1.38666,0,1.38675,1.38675,1.38675,1.38675,0
58844000,1.38665,1.38665,1.38665,1.38665,0,1.38676,1.38676,1.38676,1.38676,0
58846000,1.38666,1.38666,1.38664,1.38664,0,1.38675,1.38675,1.38673,1.38675,0
58847000,1.38664,1.38664,1.38664,1.38664,0,1.38676,1.38676,1.38676,1.38676,0
58870000,1.38664,1.38664,1.38664,1.38664,0,1.38674,1.38674,1.38674,1.38674,0
58886000,1.38663,1.38663,1.38663,1.38663,0,1.38675,1.38675,1.38675,1.38675,0
58889000,1.38663,1.38663,1.38661,1.38661,0,1.38673,1.38673,1.38672,1.38672,0
58896000,1.38662,1.38662,1.38662,1.38662,0,1.38671,1.38671,1.38671,1.38671,0
58903000,1.38661,1.38661,1.38661,1.38661,0,1.38672,1.38672,1.38672,1.38672,0
58916000,1.38661,1.38661,1.38661,1.38661,0,1.38670,1.38670,1.38670,1.38670,0
58935000,1.38662,1.38662,1.38662,1.38662,0,1.38670,1.38670,1.38670,1.38670,0
58954000,1.38661,1.38661,1.38661,1.38661,0,1.38671,1.38671,1.38671,1.38671,0
58971000,1.38661,1.38661,1.38661,1.38661,0,1.38670,1.38670,1.38670,1.38670,0
59004000,1.38661,1.38661,1.38661,1.38661,0,1.38671,1.38671,1.38671,1.38671,0
59009000,1.38663,1.38667,1.38663,1.38667,0,1.38672,1.38678,1.38672,1.38678,0
59028000,1.38668,1.38668,1.38664,1.38665,0,1.38677,1.38678,1.38674,1.38674,0
59031000,1.38663,1.38663,1.38663,1.38663,0,1.38676,1.38676,1.38676,1.38676,0
59037000,1.38664,1.38664,1.38664,1.38664,0,1.38675,1.38675,1.38675,1.38675,0
59048000,1.38665,1.38665,1.38665,1.38665,0,1.38674,1.38674,1.38674,1.38674,0
59065000,1.38665,1.38666,1.38665,1.38666,0,1.38677,1.38677,1.38677,1.38677,0
59076000,1.38667,1.38667,1.38667,1.38667,0,1.38677,1.38677,1.38676,1.38676,0
59077000,1.38667,1.38667,1.38666,1.38666,0,1.38677,1.38678,1.38677,1.38678,0
59080000,1.38664,1.38664,1.38664,1.38664,0,1.38675,1.38675,1.38675,1.38675,0
59121000,1.38665,1.38665,1.38665,1.38665,0,1.38677,1.38677,1.38677,1.38677,0
59122000,1.38667,1.38667,1.38667,1.38667,0,1.38677,1.38677,1.38677,1.38677,0
59171000,1.38669,1.38669,1.38669,1.38669,0,1.38679,1.38679,1.38679,1.38679,0
59195000,1.38669,1.38669,1.38669,1.38669,0,1.38681,1.38681,1.38681,1.38681,0
59218000,1.38670,1.38670,1.38670,1.38670,0,1.38680,1.38680,1.38680,1.38680,0
59225000,1.38669,1.38669,1.38669,1.38669,0,1.38681,1.38681,1.38681,1.38681,0
59230000,1.38670,1.38670,1.38670,1.38670,0,1.38680,1.38680,1.38680,1.38680,0
59236000,1.38669,1.38669,1.38669,1.38669,0,1.38681,1.38681,1.38681,1.38681,0
59238000,1.38670,1.38670,1.38670,1.38670,0,1.38680,1.38680,1.38680,1.38680,0
59257000,1.38670,1.38670,1.38670,1.38670,0,1.38679,1.38679,1.38679,1.38679,0
59258000,1.38670,1.38670,1.38670,1.38670,0,1.38680,1.38680,1.38680,1.38680,0
59259000,1.38667,1.38668,1.38667,1.38668,0,1.38679,1.38679,1.38678,1.38678,0
59287000,1.38666,1.38666,1.38665,1.38665,0,1.38676,1.38677,1.38675,1.38677,0
59288000,1.38667,1.38667,1.38667,1.38667,0,1.38680,1.38680,1.38680,1.38680,0
59289000,1.38668,1.38668,1.38660,1.38660,0,1.38679,1.38679,1.38672,1.38672,0
59290000,1.38662,1.38662,1.38661,1.38661,0,1.38672,1.38673,1.38672,1.38672,0
59291000,1.38658,1.38658,1.38658,1.38658,0,1.38669,1.38669,1.38669,1.38669,0
59293000,1.38659,1.38659,1.38659,1.38659,0,1.38669,1.38669,1.38669,1.38669,0
59295000,1.38658,1.38659,1.38654,1.38658,0,1.38670,1.38670,1.38668,1.38669,0
59297000,1.38655,1.38655,1.38653,1.38654,0,1.38667,1.38667,1.38665,1.38665,0
59298000,1.38655,1.38659,1.38655,1.38659,0,1.38667,1.38669,1.38667,1.38669,0
59306000,1.38660,1.38660,1.38660,1.38660,0,1.38669,1.38669,1.38669,1.38669,0
59308000,1.38660,1.38660,1.38660,1.38660,0,1.38670,1.38670,1.38670,1.38670,0
59318000,1.38661,1.38661,1.38661,1.38661,0,1.38669,1.38669,1.38669,1.38669,0
59319000,1.38660,1.38660,1.38660,1.38660,0,1.38670,1.38670,1.38670,1.38670,0
59338000,1.38659,1.38659,1.38659,1.38659,0,1.38671,1.38671,1.38671,1.38671,0
59344000,1.38660,1.38660,1.38660,1.38660,0,1.38671,1.38671,1.38671,1.38671,0
59358000,1.38661,1.38664,1.38661,1.38663,0,1.38673,1.38675,1.38673,1.38674,0
59359000,1.38665,1.38665,1.38663,1.38664,0,1.38676,1.38676,1.38675,1.38675,0
59363000,1.38662,1.38662,1.38662,1.38662,0,1.38673,1.38673,1.38673,1.38673,0
59365000,1.38663,1.38663,1.38663,1.38663,0,1.38673,1.38673,1.38673,1.38673,0
59373000,1.38663,1.38663,1.38663,1.38663,0,1.38674,1.38674,1.38673,1.38673,0
59377000,1.38663,1.38663,1.38663,1.38663,0,1.38672,1.38672,1.38672,1.38672,0
59383000,1.38663,1.38663,1.38663,1.38663,0,1.38673,1.38673,1.38673,1.38673,0
59400000,1.38663,1.38663,1.38663,1.38663,0,1.38672,1.38672,1.38672,1.38672,0
59414000,1.38663,1.38663,1.38663,1.38663,0,1.38673,1.38675,1.38673,1.38675,0
59415000,1.38666,1.38666,1.38665,1.38665,0,1.38676,1.38676,1.38676,1.38676,0
59434000,1.38663,1.38663,1.38663,1.38663,0,1.38674,1.38674,1.38674,1.38674,0
59444000,1.38662,1.38662,1.38662,1.38662,0,1.38672,1.38672,1.38672,1.38672,0
59446000,1.38664,1.38664,1.38664,1.38664,0,1.38674,1.38674,1.38674,1.38674,0
59450000,1.38662,1.38662,1.38662,1.38662,0,1.38673,1.38673,1.38673,1.38673,0
59451000,1.38660,1.38660,1.38660,1.38660,0,1.38670,1.38670,1.38670,1.38670,0
59455000,1.38662,1.38662,1.38662,1.38662,0,1.38672,1.38672,1.38672,1.38672,0
59456000,1.38663,1.38663,1.38663,1.38663,0,1.38672,1.38672,1.38672,1.38672,0
59469000,1.38662,1.38662,1.38662,1.38662,0,1.38672,1.38672,1.38672,1.38672,0
59470000,1.38663,1.38663,1.38663,1.38663,0,1.38674,1.38674,1.38674,1.38674,0
59471000,1.38664,1.38664,1.38664,1.38664,0,1.38674,1.38674,1.38674,1.38674,0
59472000,1.38664,1.38664,1.38664,1.38664,0,1.38673,1.38673,1.38673,1.38673,0
59476000,1.38662,1.38662,1.38658,1.38658,0,1.38673,1.38673,1.38667,1.38667,0
59477000,1.38657,1.38659,1.38657,1.38659,0,1.38669,1.38669,1.38669,1.38669,0
59487000,1.38658,1.38658,1.38658,1.38658,0,1.38669,1.38669,1.38669,1.38669,0
59493000,1.38656,1.38656,1.38656,1.38656,0,1.38667,1.38667,1.38667,1.38667,0
59498000,1.38656,1.38656,1.38656,1.38656,0,1.38666,1.38666,1.38665,1.38665,0
59499000,1.38654,1.38654,1.38652,1.38652,0,1.38668,1.38668,1.38663,1.38663,0
59500000,1.38653,1.38654,1.38652,1.38654,0,1.38662,1.38664,1.38662,1.38664,0
59506000,1.38655,1.38655,1.38655,1.38655,0,1.38666,1.38666,1.38666,1.38666,0
59513000,1.38655,1.38657,1.38655,1.38656,0,1.38665,1.38668,1.38665,1.38668,0
59521000,1.38654,1.38654,1.38652,1.38652,0,1.38665,1.38666,1.38664,1.38664,0
59528000,1.38653,1.38655,1.38653,1.38655,0,1.38664,1.38665,1.38664,1.38665,0
59532000,1.38655,1.38655,1.38655,1.38655,0,1.38666,1.38666,1.38666,1.38666,0
59533000,1.38655,1.38655,1.38655,1.38655,0,1.38667,1.38667,1.38666,1.38666,0
59546000,1.38655,1.38656,1.38655,1.38656,0,1.38665,1.38665,1.38665,1.38665,0
59548000,1.38655,1.38655,1.38655,1.38655,0,1.38667,1.38667,1.38666,1.38666,0
59552000,1.38655,1.38655,1.38655,1.38655,0,1.38664,1.38664,1.38664,1.38664,0
59561000,1.38655,1.38655,1.38655,1.38655,0,1.38667,1.38667,1.38667,1.38667,0
59562000,1.38656,1.38656,1.38656,1.38656,0,1.38666,1.38666,1.38666,1.38666,0
59566000,1.38656,1.38656,1.38656,1.38656,0,1.38667,1.38667,1.38667,1.38667,0
59569000,1.38655,1.38655,1.38655,1.38655,0,1.38667,1.38667,1.38667,1.38667,0
59570000,1.38657,1.38657,1.38657,1.38657,0,1.38668,1.38668,1.38668,1.38668,0
59600000,1.38658,1.38658,1.38658,1.38658,0,1.38670,1.38670,1.38670,1.38670,0
59601000,1.38658,1.38658,1.38656,1.38656,0,1.38668,1.38668,1.38667,1.38667,0
59605000,1.38653,1.38653,1.38648,1.38649,0,1.38664,1.38664,1.38660,1.38660,0
59608000,1.38649,1.38649,1.38649,1.38649,0,1.38662,1.38666,1.38662,1.38665,0
59609000,1.38650,1.38652,1.38650,1.38652,0,1.38665,1.38665,1.38664,1.38664,0
59610000,1.38653,1.38653,1.38653,1.38653,0,1.38661,1.38661,1.38661,1.38661,0
59611000,1.38654,1.38654,1.38653,1.38653,0,1.38663,1.38665,1.38663,1.38665,0
59614000,1.38651,1.38651,1.38651,1.38651,0,1.38662,1.38662,1.38661,1.38661,0
59615000,1.38652,1.38652,1.38652,1.38652,0,1.38660,1.38660,1.38660,1.38660,0
59619000,1.38651,1.38652,1.38651,1.38652,0,1.38662,1.38662,1.38662,1.38662,0
59627000,1.38653,1.38654,1.38652,1.38653,0,1.38664,1.38666,1.38663,1.38663,0
59629000,1.38653,1.38653,1.38653,1.38653,0,1.38665,1.38665,1.38665,1.38665,0
59636000,1.38651,1.38651,1.38651,1.38651,0,1.38662,1.38662,1.38662,1.38662,0
59642000,1.38649,1.38649,1.38648,1.38648,0,1.38660,1.38660,1.38658,1.38659,0
59654000,1.38646,1.38646,1.38639,1.38639,0,1.38660,1.38660,1.38651,1.38651,0
59661000,1.38639,1.38640,1.38639,1.38640,0,1.38652,1.38652,1.38652,1.38652,0
59662000,1.38640,1.38640,1.38640,1.38640,0,1.38650,1.38650,1.38650,1.38650,0
59677000,1.38639,1.38639,1.38639,1.38639,0,1.38651,1.38651,1.38651,1.38651,0
59711000,1.38639,1.38639,1.38639,1.38639,0,1.38649,1.38649,1.38649,1.38649,0
59719000,1.38639,1.38639,1.38639,1.38639,0,1.38650,1.38650,1.38650,1.38650,0
59731000,1.38640,1.38640,1.38640,1.38640,0,1.38653,1.38653,1.38653,1.38653,0
59734000,1.38640,1.38643,1.38640,1.38643,0,1.38654,1.38657,1.38654,1.38657,0
59735000,1.38645,1.38650,1.38645,1.38650,0,1.38658,1.38664,1.38658,1.38663,0
59756000,1.38651,1.38651,1.38651,1.38651,0,1.38665,1.38665,1.38665,1.38665,0
59779000,1.38651,1.38651,1.38651,1.38651,0,1.38663,1.38663,1.38663,1.38663,0
59787000,1.38651,1.38651,1.38651,1.38651,0,1.38660,1.38660,1.38660,1.38660,0
59791000,1.38650,1.38652,1.38650,1.38650,0,1.38662,1.38662,1.38660,1.38662,0
59792000,1.38648,1.38648,1.38648,1.38648,0,1.38661,1.38661,1.38661,1.38661,0
59794000,1.38649,1.38649,1.38649,1.38649,0,1.38659,1.38659,1.38659,1.38659,0
59815000,1.38649,1.38649,1.38649,1.38649,0,1.38658,1.38658,1.38658,1.38658,0
59822000,1.38648,1.38648,1.38648,1.38648,0,1.38659,1.38659,1.38659,1.38659,0
59823000,1.38647,1.38647,1.38647,1.38647,0,1.38657,1.38657,1.38657,1.38657,0
59859000,1.38649,1.38649,1.38648,1.38648,0,1.38658,1.38659,1.38658,1.38659,0
59897000,1.38648,1.38648,1.38648,1.38648,0,1.38660,1.38660,1.38660,1.38660,0
59898000,1.38648,1.38648,1.38648,1.38648,0,1.38659,1.38659,1.38659,1.38659,0
59911000,1.38648,1.38648,1.38648,1.38648,0,1.38660,1.38660,1.38660,1.38660,0
59913000,1.38650,1.38650,1.38650,1.38650,0,1.38660,1.38660,1.38660,1.38660,0
59926000,1.38651,1.38651,1.38651,1.38651,0,1.38662,1.38662,1.38662,1.38662,0
59932000,1.38651,1.38651,1.38651,1.38651,0,1.38661,1.38661,1.38661,1.38661,0
59935000,1.38652,1.38652,1.38651,1.38651,0,1.38663,1.38664,1.38663,1.38664,0
59936000,1.38655,1.38657,1.38655,1.38657,0,1.38668,1.38669,1.38668,1.38668,0
59950000,1.38659,1.38662,1.38659,1.38662,0,1.38670,1.38673,1.38670,1.38673,0
59951000,1.38663,1.38663,1.38663,1.38663,0,1.38677,1.38677,1.38677,1.38677,0
59957000,1.38661,1.38661,1.38661,1.38661,0,1.38675,1.38675,1.38675,1.38675,0
59959000,1.38661,1.38662,1.38661,1.38662,0,1.38676,1.38676,1.38676,1.38676,0
59960000,1.38662,1.38663,1.38658,1.38659,0,1.38675,1.38675,1.38672,1.38674,0
59961000,1.38661,1.38662,1.38661,1.38662,0,1.38675,1.38675,1.38674,1.38674,0
59962000,1.38662,1.38667,1.38662,1.38667,0,1.38676,1.38681,1.38676,1.38681,0
59963000,1.38666,1.38666,1.38666,1.38666,0,1.38681,1.38681,1.38681,1.38681,0
59964000,1.38665,1.38665,1.38663,1.38663,0,1.38679,1.38679,1.38676,1.38676,0
59965000,1.38663,1.38667,1.38662,1.38664,0,1.38677,1.38679,1.38677,1.38678,0
59967000,1.38667,1.38667,1.38665,1.38665,0,1.38679,1.38679,1.38678,1.38678,0
59968000,1.38662,1.38662,1.38662,1.38662,0,1.38677,1.38677,1.38675,1.38675,0
59969000,1.38662,1.38662,1.38662,1.38662,0,1.38676,1.38676,1.38676,1.38676,0
59970000,1.38660,1.38660,1.38660,1.38660,0,1.38676,1.38676,1.38676,1.38676,0
59975000,1.38661,1.38661,1.38661,1.38661,0,1.38675,1.38675,1.38675,1.38675,0
59976000,1.38660,1.38660,1.38660,1.38660,0,1.38676,1.38676,1.38676,1.38676,0
59980000,1.38661,1.38661,1.38661,1.38661,0,1.38675,1.38675,1.38675,1.38675,0
59987000,1.38660,1.38660,1.38660,1.38660,0,1.38676,1.38676,1.38676,1.38676,0
59988000,1.38661,1.38661,1.38661,1.38661,0,1.38675,1.38675,1.38675,1.38675,0
60022000,1.38663,1.38663,1.38663,1.38663,0,1.38675,1.38675,1.38675,1.38675,0
60029000,1.38661,1.38661,1.38661,1.38661,0,1.38675,1.38675,1.38675,1.38675,0
60057000,1.38662,1.38662,1.38662,1.38662,0,1.38675,1.38675,1.38675,1.38675,0
60058000,1.38664,1.38664,1.38664,1.38664,0,1.38674,1.38674,1.38674,1.38674,0
60070000,1.38663,1.38663,1.38663,1.38663,0,1.38676,1.38676,1.38676,1.38676,0
60072000,1.38662,1.38662,1.38662,1.38662,0,1.38676,1.38676,1.38676,1.38676,0
60075000,1.38663,1.38663,1.38663,1.38663,0,1.38675,1.38675,1.38675,1.38675,0
60077000,1.38665,1.38665,1.38665,1.38665,0,1.38675,1.38675,1.38675,1.38675,0
60081000,1.38662,1.38665,1.38662,1.38665,0,1.38676,1.38676,1.38675,1.38675,0
60083000,1.38662,1.38662,1.38662,1.38662,0,1.38674,1.38674,1.38674,1.38674,0
60088000,1.38661,1.38661,1.38661,1.38661,0,1.38675,1.38675,1.38675,1.38675,0
60090000,1.38663,1.38664,1.38663,1.38664,0,1.38675,1.38675,1.38674,1.38674,0
60098000,1.38666,1.38666,1.38666,1.38666,0,1.38674,1.38674,1.38674,1.38674,0
60100000,1.38665,1.38665,1.38665,1.38665,0,1.38675,1.38675,1.38675,1.38675,0
60102000,1.38666,1.38666,1.38666,1.38666,0,1.38674,1.38674,1.38674,1.38674,0
60106000,1.38665,1.38665,1.38665,1.38665,0,1.38675,1.38675,1.38675,1.38675,0
60120000,1.38663,1.38663,1.38663,1.38663,0,1.38675,1.38675,1.38675,1.38675,0
60124000,1.38665,1.38665,1.38665,1.38665,0,1.38675,1.38675,1.38675,1.38675,0
60126000,1.38663,1.38663,1.38663,1.38663,0,1.38675,1.38675,1.38675,1.38675,0
60133000,1.38666,1.38666,1.38666,1.38666,0,1.38675,1.38675,1.38675,1.38675,0
60150000,1.38665,1.38665,1.38663,1.38663,0,1.38677,1.38677,1.38675,1.38675,0
60151000,1.38661,1.38661,1.38661,1.38661,0,1.38672,1.38673,1.38672,1.38673,0
60153000,1.38662,1.38662,1.38662,1.38662,0,1.38673,1.38673,1.38673,1.38673,0
60155000,1.38662,1.38662,1.38662,1.38662,0,1.38674,1.38674,1.38674,1.38674,0
60156000,1.38663,1.38663,1.38663,1.38663,0,1.38674,1.38674,1.38674,1.38674,0
60160000,1.38662,1.38662,1.38662,1.38662,0,1.38674,1.38674,1.38674,1.38674,0
60162000,1.38662,1.38662,1.38662,1.38662,0,1.38673,1.38673,1.38673,1.38673,0
60164000,1.38663,1.38663,1.38663,1.38663,0,1.38673,1.38673,1.38673,1.38673,0
60166000,1.38661,1.38661,1.38657,1.38657,0,1.38673,1.38673,1.38668,1.38668,0
60167000,1.38657,1.38657,1.38656,1.38656,0,1.38666,1.38667,1.38666,1.38667,0
60175000,1.38658,1.38658,1.38656,1.38656,0,1.38667,1.38667,1.38667,1.38667,0
60181000,1.38658,1.38658,1.38658,1.38658,0,1.38667,1.38667,1.38667,1.38667,0
60189000,1.38657,1.38657,1.38657,1.38657,0,1.38668,1.38668,1.38668,1.38668,0
60193000,1.38658,1.38658,1.38658,1.38658,0,1.38667,1.38667,1.38667,1.38667,0
60196000,1.38657,1.38660,1.38657,1.38660,0,1.38668,1.38671,1.38668,1.38670,0
60198000,1.38660,1.38661,1.38660,1.38661,0,1.38671,1.38671,1.38670,1.38670,0
60202000,1.38661,1.38661,1.38661,1.38661,0,1.38672,1.38672,1.38672,1.38672,0
60214000,1.38662,1.38662,1.38662,1.38662,0,1.38674,1.38674,1.38674,1.38674,0
60234000,1.38661,1.38662,1.38661,1.38662,0,1.38674,1.38674,1.38674,1.38674,0
60243000,1.38664,1.38664,1.38664,1.38664,0,1.38675,1.38675,1.38675,1.38675,0
60245000,1.38666,1.38666,1.38666,1.38666,0,1.38675,1.38675,1.38675,1.38675,0
60262000,1.38663,1.38663,1.38663,1.38663,0,1.38675,1.38675,1.38675,1.38675,0
60263000,1.38666,1.38667,1.38666,1.38667,0,1.38677,1.38677,1.38676,1.38676,0
60264000,1.38666,1.38666,1.38664,1.38664,0,1.38677,1.38677,1.38677,1.38677,0
60265000,1.38666,1.38666,1.38666,1.38666,0,1.38676,1.38676,1.38676,1.38676,0
60269000,1.38668,1.38668,1.38668,1.38668,0,1.38678,1.38678,1.38678,1.38678,0
60270000,1.38668,1.38668,1.38668,1.38668,0,1.38679,1.38679,1.38679,1.38679,0
60274000,1.38669,1.38669,1.38669,1.38669,0,1.38679,1.38679,1.38679,1.38679,0
60280000,1.38669,1.38669,1.38668,1.38668,0,1.38680,1.38680,1.38678,1.38678,0
60281000,1.38668,1.38669,1.38668,1.38669,0,1.38679,1.38679,1.38679,1.38679,0
60282000,1.38668,1.38668,1.38668,1.38668,0,1.38680,1.38680,1.38680,1.38680,0
60285000,1.38670,1.38670,1.38670,1.38670,0,1.38680,1.38680,1.38680,1.38680,0
60286000,1.38669,1.38669,1.38669,1.38669,0,1.38681,1.38681,1.38681,1.38681,0
60291000,1.38672,1.38672,1.38672,1.38672,0,1.38682,1.38683,1.38682,1.38683,0
60292000,1.38673,1.38673,1.38673,1.38673,0,1.38682,1.38682,1.38682,1.38682,0
60295000,1.38673,1.38673,1.38662,1.38664,0,1.38683,1.38684,1.38678,1.38678,0
60296000,1.38666,1.38666,1.38666,1.38666,0,1.38676,1.38676,1.38675,1.38675,0
60302000,1.38666,1.38668,1.38666,1.38668,0,1.38676,1.38680,1.38676,1.38679,0
60304000,1.38669,1.38671,1.38669,1.38670,0,1.38679,1.38682,1.38679,1.38682,0
60305000,1.38671,1.38671,1.38671,1.38671,0,1.38681,1.38681,1.38681,1.38681,0
60309000,1.38670,1.38670,1.38670,1.38670,0,1.38681,1.38681,1.38681,1.38681,0
60313000,1.38671,1.38671,1.38671,1.38671,0,1.38681,1.38681,1.38681,1.38681,0
60318000,1.38670,1.38670,1.38670,1.38670,0,1.38682,1.38682,1.38682,1.38682,0
60319000,1.38669,1.38669,1.38669,1.38669,0,1.38679,1.38679,1.38679,1.38679,0
60325000,1.38667,1.38667,1.38664,1.38664,0,1.38679,1.38679,1.38675,1.38675,0
60342000,1.38663,1.38667,1.38663,1.38667,0,1.38675,1.38675,1.38675,1.38675,0
60343000,1.38665,1.38666,1.38665,1.38666,0,1.38677,1.38677,1.38675,1.38675,0
60345000,1.38665,1.38668,1.38665,1.38668,0,1.38676,1.38678,1.38676,1.38678,0
60351000,1.38669,1.38669,1.38669,1.38669,0,1.38678,1.38678,1.38678,1.38678,0
60353000,1.38669,1.38670,1.38669,1.38670,0,1.38679,1.38682,1.38679,1.38682,0
60354000,1.38670,1.38670,1.38670,1.38670,0,1.38680,1.38680,1.38680,1.38680,0
60356000,1.38667,1.38667,1.38667,1.38667,0,1.38681,1.38681,1.38681,1.38681,0
60361000,1.38669,1.38669,1.38667,1.38667,0,1.38681,1.38681,1.38679,1.38679,0
60362000,1.38667,1.38667,1.38667,1.38667,0,1.38680,1.38680,1.38679,1.38679,0
60379000,1.38665,1.38665,1.38665,1.38665,0,1.38679,1.38679,1.38679,1.38679,0
60381000,1.38666,1.38666,1.38666,1.38666,0,1.38678,1.38678,1.38678,1.38678,0
60385000,1.38668,1.38668,1.38668,1.38668,0,1.38680,1.38680,1.38680,1.38680,0
60394000,1.38669,1.38669,1.38669,1.38669,0,1.38680,1.38680,1.38680,1.38680,0
60396000,1.38670,1.38670,1.38670,1.38670,0,1.38677,1.38677,1.38677,1.38677,0
60400000,1.38669,1.38669,1.38665,1.38666,0,1.38678,1.38679,1.38677,1.38677,0
60401000,1.38666,1.38666,1.38666,1.38666,0,1.38679,1.38679,1.38679,1.38679,0
60404000,1.38666,1.38666,1.38666,1.38666,0,1.38678,1.38678,1.38678,1.38678,0
60405000,1.38667,1.38667,1.38664,1.38664,0,1.38678,1.38678,1.38673,1.38675,0
60406000,1.38664,1.38666,1.38663,1.38666,0,1.38673,1.38676,1.38673,1.38676,0
60414000,1.38666,1.38666,1.38666,1.38666,0,1.38678,1.38678,1.38678,1.38678,0
60415000,1.38667,1.38669,1.38667,1.38669,0,1.38678,1.38679,1.38678,1.38678,0
60417000,1.38669,1.38669,1.38669,1.38669,0,1.38680,1.38680,1.38680,1.38680,0
60420000,1.38670,1.38671,1.38670,1.38671,0,1.38680,1.38680,1.38679,1.38679,0
60426000,1.38670,1.38670,1.38670,1.38670,0,1.38679,1.38679,1.38679,1.38679,0
60477000,1.38669,1.38669,1.38669,1.38669,0,1.38679,1.38679,1.38679,1.38679,0
60483000,1.38669,1.38669,1.38669,1.38669,0,1.38678,1.38678,1.38678,1.38678,0
60488000,1.38668,1.38668,1.38668,1.38668,0,1.38679,1.38679,1.38677,1.38677,0
60495000,1.38665,1.38665,1.38663,1.38665,0,1.38675,1.38675,1.38674,1.38675,0
60507000,1.38663,1.38664,1.38663,1.38664,0,1.38674,1.38674,1.38674,1.38674,0
60509000,1.38664,1.38664,1.38664,1.38664,0,1.38673,1.38673,1.38673,1.38673,0
60513000,1.38664,1.38664,1.38664,1.38664,0,1.38675,1.38675,1.38675,1.38675,0
60525000,1.38666,1.38667,1.38666,1.38666,0,1.38677,1.38677,1.38676,1.38677,0
60536000,1.38668,1.38668,1.38665,1.38665,0,1.38677,1.38677,1.38677,1.38677,0
60540000,1.38667,1.38667,1.38667,1.38667,0,1.38678,1.38678,1.38678,1.38678,0
60563000,1.38667,1.38667,1.38667,1.38667,0,1.38680,1.38680,1.38680,1.38680,0
60564000,1.38668,1.38670,1.38666,1.38670,0,1.38679,1.38680,1.38679,1.38680,0
60592000,1.38668,1.38668,1.38663,1.38663,0,1.38678,1.38678,1.38674,1.38674,0
60594000,1.38664,1.38664,1.38663,1.38663,0,1.38674,1.38675,1.38674,1.38675,0
60595000,1.38666,1.38666,1.38666,1.38666,0,1.38678,1.38678,1.38678,1.38678,0
60596000,1.38668,1.38668,1.38668,1.38668,0,1.38677,1.38677,1.38677,1.38677,0
60597000,1.38665,1.38665,1.38665,1.38665,0,1.38677,1.38677,1.38676,1.38676,0
60601000,1.38667,1.38667,1.38667,1.38667,0,1.38676,1.38676,1.38676,1.38676,0
60602000,1.38667,1.38667,1.38667,1.38667,0,1.38677,1.38677,1.38677,1.38677,0
60603000,1.38668,1.38668,1.38668,1.38668,0,1.38679,1.38679,1.38679,1.38679,0
60616000,1.38668,1.38668,1.38668,1.38668,0,1.38680,1.38680,1.38680,1.38680,0
60620000,1.38669,1.38669,1.38669,1.38669,0,1.38679,1.38679,1.38679,1.38679,0
60627000,1.38670,1.38670,1.38669,1.38669,0,1.38679,1.38679,1.38679,1.38679,0
60629000,1.38670,1.38670,1.38670,1.38670,0,1.38679,1.38679,1.38679,1.38679,0
60634000,1.38670,1.38670,1.38668,1.38668,0,1.38680,1.38680,1.38678,1.38678,0
60640000,1.38668,1.38668,1.38668,1.38668,0,1.38679,1.38679,1.38679,1.38679,0
60649000,1.38668,1.38668,1.38666,1.38666,0,1.38678,1.38678,1.38677,1.38677,0
60653000,1.38667,1.38667,1.38667,1.38667,0,1.38676,1.38676,1.38676,1.38676,0
60655000,1.38666,1.38666,1.38666,1.38666,0,1.38677,1.38677,1.38677,1.38677,0
60656000,1.38666,1.38666,1.38666,1.38666,0,1.38676,1.38676,1.38676,1.38676,0
60665000,1.38666,1.38666,1.38665,1.38666,0,1.38677,1.38677,1.38677,1.38677,0
60666000,1.38665,1.38666,1.38665,1.38666,0,1.38678,1.38678,1.38676,1.38678,0
60669000,1.38665,1.38665,1.38665,1.38665,0,1.38678,1.38678,1.38678,1.38678,0
60670000,1.38664,1.38664,1.38664,1.38664,0,1.38676,1.38676,1.38673,1.38673,0
60675000,1.38664,1.38665,1.38664,1.38665,0,1.38674,1.38676,1.38674,1.38676,0
60676000,1.38665,1.38665,1.38665,1.38665,0,1.38677,1.38677,1.38677,1.38677,0
60695000,1.38663,1.38663,1.38663,1.38663,0,1.38674,1.38674,1.38674,1.38674,0
60696000,1.38663,1.38664,1.38663,1.38664,0,1.38676,1.38677,1.38676,1.38677,0
60697000,1.38665,1.38665,1.38665,1.38665,0,1.38676,1.38676,1.38676,1.38676,0
60704000,1.38663,1.38663,1.38663,1.38663,0,1.38674,1.38674,1.38674,1.38674,0
60710000,1.38664,1.38664,1.38663,1.38663,0,1.38673,1.38674,1.38673,1.38674,0
60711000,1.38663,1.38663,1.38663,1.38663,0,1.38673,1.38673,1.38673,1.38673,0
60713000,1.38662,1.38662,1.38662,1.38662,0,1.38673,1.38673,1.38673,1.38673,0
60716000,1.38663,1.38663,1.38663,1.38663,0,1.38673,1.38673,1.38673,1.38673,0
60725000,1.38662,1.38662,1.38662,1.38662,0,1.38673,1.38673,1.38673,1.38673,0
60735000,1.38662,1.38662,1.38662,1.38662,0,1.38674,1.38674,1.38674,1.38674,0
60736000,1.38664,1.38664,1.38664,1.38664,0,1.38673,1.38673,1.38673,1.38673,0
60742000,1.38664,1.38664,1.38661,1.38661,0,1.38672,1.38674,1.38672,1.38674,0
60745000,1.38663,1.38663,1.38661,1.38663,0,1.38672,1.38674,1.38672,1.38672,0
60756000,1.38662,1.38662,1.38662,1.38662,0,1.38672,1.38672,1.38672,1.38672,0
60757000,1.38661,1.38661,1.38661,1.38661,0,1.38672,1.38672,1.38672,1.38672,0
60759000,1.38662,1.38662,1.38662,1.38662,0,1.38671,1.38671,1.38671,1.38671,0
60793000,1.38661,1.38661,1.38661,1.38661,0,1.38675,1.38675,1.38675,1.38675,0
60800000,1.38663,1.38664,1.38663,1.38664,0,1.38673,1.38677,1.38672,1.38677,0
60801000,1.38665,1.38665,1.38663,1.38663,0,1.38676,1.38677,1.38675,1.38675,0
60802000,1.38664,1.38664,1.38664,1.38664,0,1.38675,1.38675,1.38675,1.38675,0
60817000,1.38662,1.38662,1.38662,1.38662,0,1.38672,1.38672,1.38672,1.38672,0
60819000,1.38662,1.38662,1.38662,1.38662,0,1.38673,1.38673,1.38672,1.38672,0
60832000,1.38662,1.38663,1.38662,1.38663,0,1.38675,1.38677,1.38675,1.38677,0
60833000,1.38665,1.38665,1.38665,1.38665,0,1.38678,1.38678,1.38678,1.38678,0
60842000,1.38664,1.38664,1.38664,1.38664,0,1.38676,1.38676,1.38676,1.38676,0
60847000,1.38664,1.38664,1.38663,1.38663,0,1.38677,1.38677,1.38675,1.38675,0
60848000,1.38663,1.38663,1.38663,1.38663,0,1.38673,1.38673,1.38673,1.38673,0
60849000,1.38661,1.38661,1.38653,1.38654,0,1.38671,1.38671,1.38665,1.38665,0
60850000,1.38654,1.38654,1.38654,1.38654,0,1.38663,1.38663,1.38663,1.38663,0
60851000,1.38654,1.38655,1.38654,1.38655,0,1.38664,1.38664,1.38663,1.38663,0
60855000,1.38654,1.38654,1.38654,1.38654,0,1.38664,1.38664,1.38664,1.38664,0
60860000,1.38653,1.38656,1.38653,1.38655,0,1.38665,1.38667,1.38665,1.38667,0
60861000,1.38655,1.38655,1.38655,1.38655,0,1.38666,1.38666,1.38666,1.38666,0
60863000,1.38656,1.38656,1.38656,1.38656,0,1.38665,1.38665,1.38665,1.38665,0
60868000,1.38656,1.38656,1.38654,1.38655,0,1.38666,1.38666,1.38665,1.38665,0
60869000,1.38656,1.38656,1.38656,1.38656,0,1.38665,1.38665,1.38665,1.38665,0
60879000,1.38655,1.38657,1.38655,1.38657,0,1.38665,1.38668,1.38665,1.38668,0
60880000,1.38658,1.38658,1.38658,1.38658,0,1.38667,1.38667,1.38667,1.38667,0
60885000,1.38656,1.38656,1.38650,1.38650,0,1.38668,1.38668,1.38661,1.38661,0
60891000,1.38648,1.38648,1.38648,1.38648,0,1.38659,1.38659,1.38659,1.38659,0
60911000,1.38650,1.38650,1.38650,1.38650,0,1.38661,1.38661,1.38661,1.38661,0
60920000,1.38649,1.38649,1.38649,1.38649,0,1.38661,1.38661,1.38661,1.38661,0
60923000,1.38650,1.38650,1.38650,1.38650,0,1.38661,1.38661,1.38661,1.38661,0
60930000,1.38652,1.38652,1.38652,1.38652,0,1.38661,1.38661,1.38661,1.38661,0
60937000,1.38650,1.38650,1.38650,1.38650,0,1.38662,1.38662,1.38662,1.38662,0
60942000,1.38650,1.38650,1.38650,1.38650,0,1.38661,1.38661,1.38661,1.38661,0
60967000,1.38652,1.38652,1.38649,1.38649,0,1.38660,1.38661,1.38660,1.38661,0
60969000,1.38652,1.38652,1.38652,1.38652,0,1.38660,1.38660,1.38660,1.38660,0
60975000,1.38650,1.38650,1.38650,1.38650,0,1.38662,1.38662,1.38662,1.38662,0
60976000,1.38652,1.38652,1.38652,1.38652,0,1.38661,1.38661,1.38661,1.38661,0
60994000,1.38650,1.38650,1.38650,1.38650,0,1.38662,1.38662,1.38662,1.38662,0
60995000,1.38651,1.38651,1.38649,1.38649,0,1.38660,1.38661,1.38660,1.38661,0
61013000,1.38652,1.38652,1.38652,1.38652,0,1.38661,1.38661,1.38661,1.38661,0
61018000,1.38651,1.38651,1.38651,1.38651,0,1.38662,1.38662,1.38662,1.38662,0
61026000,1.38652,1.38652,1.38652,1.38652,0,1.38661,1.38661,1.38661,1.38661,0
61030000,1.38651,1.38651,1.38651,1.38651,0,1.38662,1.38662,1.38662,1.38662,0
61032000,1.38652,1.38652,1.38651,1.38651,0,1.38661,1.38662,1.38661,1.38662,0
61033000,1.38652,1.38652,1.38652,1.38652,0,1.38661,1.38661,1.38661,1.38661,0
61046000,1.38653,1.38654,1.38653,1.38654,0,1.38664,1.38664,1.38664,1.38664,0
61061000,1.38654,1.38654,1.38654,1.38654,0,1.38663,1.38663,1.38663,1.38663,0
61076000,1.38655,1.38660,1.38655,1.38660,0,1.38665,1.38672,1.38665,1.38672,0
61077000,1.38660,1.38660,1.38660,1.38660,0,1.38670,1.38671,1.38670,1.38671,0
61080000,1.38660,1.38660,1.38660,1.38660,0,1.38669,1.38669,1.38669,1.38669,0
61100000,1.38660,1.38663,1.38660,1.38662,0,1.38670,1.38672,1.38670,1.38671,0
61123000,1.38664,1.38664,1.38664,1.38664,0,1.38674,1.38674,1.38674,1.38674,0
61126000,1.38665,1.38665,1.38665,1.38665,0,1.38673,1.38673,1.38673,1.38673,0
61131000,1.38664,1.38664,1.38664,1.38664,0,1.38674,1.38674,1.38674,1.38674,0
61169000,1.38665,1.38665,1.38665,1.38665,0,1.38673,1.38673,1.38673,1.38673,0
61171000,1.38665,1.38665,1.38665,1.38665,0,1.38674,1.38674,1.38674,1.38674,0
61187000,1.38665,1.38667,1.38665,1.38667,0,1.38676,1.38679,1.38676,1.38679,0
61188000,1.38669,1.38670,1.38669,1.38670,0,1.38681,1.38681,1.38681,1.38681,0
61193000,1.38671,1.38673,1.38671,1.38673,0,1.38680,1.38682,1.38680,1.38682,0
61194000,1.38674,1.38674,1.38674,1.38674,0,1.38682,1.38682,1.38682,1.38682,0
61195000,1.38674,1.38674,1.38674,1.38674,0,1.38683,1.38683,1.38683,1.38683,0
61199000,1.38674,1.38674,1.38673,1.38673,0,1.38681,1.38682,1.38681,1.38682,0
61200000,1.38675,1.38675,1.38675,1.38675,0,1.38682,1.38682,1.38682,1.38682,0
61204000,1.38670,1.38674,1.38668,1.38674,0,1.38684,1.38685,1.38682,1.38685,0
61210000,1.38673,1.38673,1.38673,1.38673,0,1.38685,1.38685,1.38685,1.38685,0
61212000,1.38673,1.38673,1.38673,1.38673,0,1.38683,1.38683,1.38683,1.38683,0
61223000,1.38673,1.38673,1.38673,1.38673,0,1.38682,1.38682,1.38682,1.38682,0
61243000,1.38673,1.38673,1.38671,1.38671,0,1.38683,1.38683,1.38683,1.38683,0
61244000,1.38671,1.38671,1.38671,1.38671,0,1.38682,1.38682,1.38682,1.38682,0
61245000,1.38673,1.38673,1.38673,1.38673,0,1.38684,1.38684,1.38684,1.38684,0
61246000,1.38672,1.38674,1.38672,1.38674,0,1.38684,1.38686,1.38684,1.38686,0
61247000,1.38674,1.38674,1.38673,1.38673,0,1.38685,1.38685,1.38685,1.38685,0
61248000,1.38675,1.38676,1.38674,1.38674,0,1.38687,1.38687,1.38687,1.38687,0
61249000,1.38676,1.38677,1.38676,1.38677,0,1.38688,1.38688,1.38688,1.38688,0
61251000,1.38680,1.38680,1.38680,1.38680,0,1.38690,1.38690,1.38690,1.38690,0
61252000,1.38680,1.38680,1.38679,1.38680,0,1.38691,1.38692,1.38691,1.38692,0
61258000,1.38683,1.38683,1.38678,1.38679,0,1.38692,1.38692,1.38689,1.38690,0
61259000,1.38679,1.38679,1.38678,1.38678,0,1.38689,1.38690,1.38689,1.38689,0
61260000,1.38679,1.38679,1.38677,1.38677,0,1.38689,1.38689,1.38688,1.38688,0
61261000,1.38678,1.38678,1.38678,1.38678,0,1.38687,1.38687,1.38687,1.38687,0
61277000,1.38676,1.38677,1.38676,1.38676,0,1.38687,1.38687,1.38686,1.38687,0
61278000,1.38674,1.38674,1.38672,1.38673,0,1.38687,1.38687,1.38684,1.38684,0
61280000,1.38672,1.38672,1.38672,1.38672,0,1.38684,1.38684,1.38684,1.38684,0
61281000,1.38674,1.38680,1.38674,1.38678,0,1.38686,1.38691,1.38686,1.38689,0
61285000,1.38676,1.38676,1.38676,1.38676,0,1.38687,1.38687,1.38687,1.38687,0
61286000,1.38678,1.38678,1.38678,1.38678,0,1.38689,1.38689,1.38689,1.38689,0
61287000,1.38678,1.38678,1.38678,1.38678,0,1.38688,1.38688,1.38688,1.38688,0
61288000,1.38678,1.38678,1.38678,1.38678,0,1.38692,1.38692,1.38690,1.38690,0
61289000,1.38677,1.38677,1.38677,1.38677,0,1.38688,1.38688,1.38688,1.38688,0
61290000,1.38675,1.38675,1.38675,1.38675,0,1.38686,1.38686,1.38686,1.38686,0
61328000,1.38675,1.38675,1.38673,1.38673,0,1.38685,1.38685,1.38685,1.38685,0
61334000,1.38674,1.38674,1.38671,1.38671,0,1.38684,1.38685,1.38683,1.38683,0
61335000,1.38671,1.38671,1.38670,1.38671,0,1.38682,1.38682,1.38681,1.38681,0
61339000,1.38671,1.38671,1.38671,1.38671,0,1.38683,1.38683,1.38683,1.38683,0
61340000,1.38672,1.38672,1.38672,1.38672,0,1.38682,1.38682,1.38682,1.38682,0
61343000,1.38672,1.38672,1.38672,1.38672,0,1.38683,1.38683,1.38683,1.38683,0
61344000,1.38673,1.38673,1.38673,1.38673,0,1.38683,1.38683,1.38683,1.38683,0
61360000,1.38673,1.38673,1.38670,1.38670,0,1.38682,1.38682,1.38682,1.38682,0
61361000,1.38671,1.38673,1.38671,1.38673,0,1.38682,1.38682,1.38682,1.38682,0
61362000,1.38671,1.38671,1.38671,1.38671,0,1.38682,1.38682,1.38682,1.38682,0
61363000,1.38673,1.38673,1.38673,1.38673,0,1.38682,1.38682,1.38682,1.38682,0
61374000,1.38674,1.38674,1.38674,1.38674,0,1.38684,1.38684,1.38684,1.38684,0
61375000,1.38675,1.38675,1.38674,1.38674,0,1.38683,1.38684,1.38683,1.38684,0
61378000,1.38672,1.38672,1.38672,1.38672,0,1.38682,1.38682,1.38682,1.38682,0
61381000,1.38671,1.38671,1.38671,1.38671,0,1.38683,1.38683,1.38683,1.38683,0
61382000,1.38672,1.38672,1.38672,1.38672,0,1.38682,1.38682,1.38682,1.38682,0
61384000,1.38674,1.38674,1.38674,1.38674,0,1.38682,1.38682,1.38682,1.38682,0
61385000,1.38673,1.38674,1.38673,1.38674,0,1.38683,1.38683,1.38682,1.38682,0
61389000,1.38673,1.38674,1.38673,1.38674,0,1.38683,1.38683,1.38682,1.38682,0
61397000,1.38672,1.38672,1.38672,1.38672,0,1.38682,1.38682,1.38682,1.38682,0
61404000,1.38671,1.38671,1.38671,1.38671,0,1.38683,1.38683,1.38683,1.38683,0
61405000,1.38673,1.38673,1.38673,1.38673,0,1.38683,1.38683,1.38683,1.38683,0
61416000,1.38671,1.38671,1.38671,1.38671,0,1.38683,1.38683,1.38683,1.38683,0
61420000,1.38673,1.38673,1.38671,1.38671,0,1.38681,1.38683,1.38681,1.38683,0
61425000,1.38672,1.38672,1.38672,1.38672,0,1.38681,1.38681,1.38681,1.38681,0
61439000,1.38674,1.38674,1.38673,1.38673,0,1.38683,1.38684,1.38683,1.38684,0
61512000,1.38674,1.38674,1.38674,1.38674,0,1.38683,1.38683,1.38683,1.38683,0
61576000,1.38674,1.38674,1.38674,1.38674,0,1.38684,1.38684,1.38684,1.38684,0
61621000,1.38674,1.38674,1.38674,1.38674,0,1.38686,1.38686,1.38686,1.38686,0
61630000,1.38672,1.38672,1.38672,1.38672,0,1.38684,1.38684,1.38684,1.38684,0
61638000,1.38674,1.38674,1.38674,1.38674,0,1.38686,1.38686,1.38686,1.38686,0
61648000,1.38672,1.38672,1.38672,1.38672,0,1.38684,1.38684,1.38684,1.38684,0
61653000,1.38673,1.38673,1.38673,1.38673,0,1.38684,1.38684,1.38684,1.38684,0
61658000,1.38673,1.38673,1.38673,1.38673,0,1.38683,1.38683,1.38683,1.38683,0
61688000,1.38675,1.38675,1.38675,1.38675,0,1.38686,1.38686,1.38686,1.38686,0
61738000,1.38676,1.38676,1.38676,1.38676,0,1.38686,1.38686,1.38686,1.38686,0
61744000,1.38679,1.38679,1.38679,1.38679,0,1.38689,1.38689,1.38689,1.38689,0
61745000,1.38678,1.38678,1.38678,1.38678,0,1.38689,1.38689,1.38689,1.38689,0
61748000,1.38677,1.38677,1.38676,1.38677,0,1.38687,1.38689,1.38687,1.38688,0
61749000,1.38678,1.38678,1.38678,1.38678,0,1.38687,1.38687,1.38687,1.38687,0
61766000,1.38676,1.38676,1.38676,1.38676,0,1.38687,1.38687,1.38686,1.38686,0
61779000,1.38678,1.38679,1.38678,1.38679,0,1.38689,1.38690,1.38687,1.38690,0
61780000,1.38679,1.38679,1.38679,1.38679,0,1.38688,1.38688,1.38688,1.38688,0
61783000,1.38678,1.38678,1.38678,1.38678,0,1.38689,1.38689,1.38689,1.38689,0
61784000,1.38675,1.38676,1.38675,1.38676,0,1.38687,1.38687,1.38687,1.38687,0
61785000,1.38675,1.38675,1.38675,1.38675,0,1.38685,1.38685,1.38685,1.38685,0
61786000,1.38675,1.38675,1.38675,1.38675,0,1.38686,1.38686,1.38686,1.38686,0
61792000,1.38676,1.38676,1.38676,1.38676,0,1.38685,1.38685,1.38685,1.38685,0
61813000,1.38674,1.38674,1.38674,1.38674,0,1.38685,1.38685,1.38685,1.38685,0
61819000,1.38672,1.38672,1.38672,1.38672,0,1.38682,1.38682,1.38682,1.38682,0
61831000,1.38670,1.38671,1.38668,1.38668,0,1.38681,1.38681,1.38679,1.38679,0
61841000,1.38670,1.38670,1.38670,1.38670,0,1.38679,1.38679,1.38679,1.38679,0
61842000,1.38669,1.38669,1.38669,1.38669,0,1.38680,1.38680,1.38680,1.38680,0
61859000,1.38666,1.38666,1.38666,1.38666,0,1.38677,1.38677,1.38677,1.38677,0
61879000,1.38665,1.38665,1.38665,1.38665,0,1.38677,1.38677,1.38677,1.38677,0
61881000,1.38667,1.38669,1.38666,1.38669,0,1.38677,1.38680,1.38677,1.38680,0
61942000,1.38667,1.38667,1.38667,1.38667,0,1.38680,1.38680,1.38680,1.38680,0
61943000,1.38668,1.38668,1.38668,1.38668,0,1.38679,1.38679,1.38679,1.38679,0
61949000,1.38668,1.38668,1.38668,1.38668,0,1.38680,1.38680,1.38680,1.38680,0
61959000,1.38670,1.38670,1.38669,1.38670,0,1.38681,1.38682,1.38680,1.38680,0
61961000,1.38670,1.38670,1.38670,1.38670,0,1.38682,1.38682,1.38682,1.38682,0
61962000,1.38671,1.38671,1.38671,1.38671,0,1.38682,1.38682,1.38682,1.38682,0
61977000,1.38670,1.38670,1.38670,1.38670,0,1.38682,1.38682,1.38682,1.38682,0
61987000,1.38671,1.38671,1.38671,1.38671,0,1.38682,1.38682,1.38682,1.38682,0
61992000,1.38671,1.38671,1.38671,1.38671,0,1.38683,1.38683,1.38683,1.38683,0
62026000,1.38674,1.38674,1.38674,1.38674,0,1.38686,1.38686,1.38686,1.38686,0
62027000,1.38677,1.38677,1.38677,1.38677,0,1.38689,1.38689,1.38688,1.38688,0
62031000,1.38675,1.38675,1.38675,1.38675,0,1.38686,1.38686,1.38685,1.38685,0
62032000,1.38674,1.38674,1.38672,1.38673,0,1.38686,1.38686,1.38683,1.38683,0
62088000,1.38672,1.38672,1.38672,1.38672,0,1.38683,1.38683,1.38683,1.38683,0
62092000,1.38673,1.38673,1.38673,1.38673,0,1.38683,1.38683,1.38683,1.38683,0
62093000,1.38672,1.38672,1.38672,1.38672,0,1.38683,1.38683,1.38683,1.38683,0
62111000,1.38671,1.38674,1.38671,1.38671,0,1.38684,1.38685,1.38684,1.38684,0
62112000,1.38672,1.38672,1.38672,1.38672,0,1.38683,1.38683,1.38683,1.38683,0
62142000,1.38672,1.38672,1.38672,1.38672,0,1.38682,1.38682,1.38682,1.38682,0
62145000,1.38672,1.38672,1.38672,1.38672,0,1.38683,1.38683,1.38683,1.38683,0
62164000,1.38673,1.38673,1.38673,1.38673,0,1.38683,1.38683,1.38683,1.38683,0
62168000,1.38672,1.38672,1.38672,1.38672,0,1.38683,1.38683,1.38683,1.38683,0
62199000,1.38675,1.38676,1.38675,1.38676,0,1.38686,1.38688,1.38686,1.38688,0
62235000,1.38677,1.38677,1.38677,1.38677,0,1.38687,1.38687,1.38687,1.38687,0
62237000,1.38678,1.38678,1.38678,1.38678,0,1.38689,1.38689,1.38689,1.38689,0
62240000,1.38679,1.38679,1.38679,1.38679,0,1.38688,1.38688,1.38688,1.38688,0
62253000,1.38678,1.38678,1.38678,1.38678,0,1.38689,1.38689,1.38689,1.38689,0
62254000,1.38678,1.38678,1.38676,1.38676,0,1.38688,1.38688,1.38686,1.38687,0
62263000,1.38677,1.38677,1.38677,1.38677,0,1.38686,1.38686,1.38686,1.38686,0
62266000,1.38676,1.38676,1.38676,1.38676,0,1.38687,1.38687,1.38687,1.38687,0
62274000,1.38677,1.38677,1.38676,1.38677,0,1.38687,1.38688,1.38687,1.38688,0
62297000,1.38675,1.38675,1.38675,1.38675,0,1.38686,1.38686,1.38686,1.38686,0
62301000,1.38675,1.38675,1.38675,1.38675,0,1.38687,1.38687,1.38687,1.38687,0
62305000,1.38675,1.38675,1.38675,1.38675,0,1.38686,1.38686,1.38686,1.38686,0
62317000,1.38674,1.38674,1.38674,1.38674,0,1.38684,1.38684,1.38684,1.38684,0
62338000,1.38672,1.38672,1.38672,1.38672,0,1.38682,1.38682,1.38682,1.38682,0
62351000,1.38670,1.38670,1.38668,1.38668,0,1.38681,1.38681,1.38678,1.38678,0
62355000,1.38668,1.38668,1.38668,1.38668,0,1.38680,1.38680,1.38680,1.38680,0
62356000,1.38669,1.38669,1.38669,1.38669,0,1.38679,1.38679,1.38679,1.38679,0
62360000,1.38669,1.38670,1.38669,1.38670,0,1.38680,1.38680,1.38680,1.38680,0
62363000,1.38668,1.38668,1.38668,1.38668,0,1.38680,1.38680,1.38679,1.38679,0
62364000,1.38670,1.38670,1.38669,1.38669,0,1.38679,1.38680,1.38679,1.38680,0
62366000,1.38670,1.38670,1.38670,1.38670,0,1.38679,1.38679,1.38679,1.38679,0
62369000,1.38669,1.38669,1.38669,1.38669,0,1.38682,1.38682,1.38682,1.38682,0
62370000,1.38670,1.38670,1.38670,1.38670,0,1.38681,1.38681,1.38681,1.38681,0
62374000,1.38669,1.38669,1.38669,1.38669,0,1.38679,1.38679,1.38679,1.38679,0
62381000,1.38668,1.38668,1.38668,1.38668,0,1.38679,1.38679,1.38679,1.38679,0
62391000,1.38669,1.38669,1.38669,1.38669,0,1.38679,1.38679,1.38679,1.38679,0
62392000,1.38669,1.38669,1.38669,1.38669,0,1.38681,1.38681,1.38679,1.38679,0
62403000,1.38670,1.38670,1.38670,1.38670,0,1.38679,1.38679,1.38679,1.38679,0
62404000,1.38670,1.38671,1.38669,1.38671,0,1.38680,1.38682,1.38680,1.38682,0
62421000,1.38669,1.38669,1.38669,1.38669,0,1.38680,1.38680,1.38680,1.38680,0
62439000,1.38669,1.38669,1.38664,1.38664,0,1.38679,1.38680,1.38678,1.38678,0
62440000,1.38666,1.38666,1.38666,1.38666,0,1.38678,1.38678,1.38678,1.38678,0
62441000,1.38667,1.38667,1.38666,1.38666,0,1.38677,1.38677,1.38677,1.38677,0
62442000,1.38667,1.38667,1.38667,1.38667,0,1.38677,1.38677,1.38677,1.38677,0
62443000,1.38666,1.38666,1.38666,1.38666,0,1.38677,1.38679,1.38677,1.38678,0
62450000,1.38667,1.38668,1.38667,1.38668,0,1.38678,1.38679,1.38678,1.38678,0
62451000,1.38670,1.38670,1.38670,1.38670,0,1.38679,1.38679,1.38679,1.38679,0
62461000,1.38669,1.38669,1.38669,1.38669,0,1.38679,1.38679,1.38679,1.38679,0
62499000,1.38670,1.38670,1.38670,1.38670,0,1.38682,1.38682,1.38682,1.38682,0
62517000,1.38671,1.38671,1.38671,1.38671,0,1.38682,1.38682,1.38682,1.38682,0
62565000,1.38669,1.38669,1.38665,1.38665,0,1.38680,1.38680,1.38676,1.38676,0
62567000,1.38665,1.38665,1.38665,1.38665,0,1.38675,1.38675,1.38675,1.38675,0
62612000,1.38665,1.38668,1.38665,1.38668,0,1.38676,1.38679,1.38676,1.38679,0
62613000,1.38670,1.38670,1.38670,1.38670,0,1.38681,1.38681,1.38681,1.38681,0
62614000,1.38672,1.38672,1.38672,1.38672,0,1.38683,1.38683,1.38683,1.38683,0
62621000,1.38671,1.38671,1.38669,1.38669,0,1.38684,1.38684,1.38682,1.38682,0
62639000,1.38668,1.38668,1.38668,1.38668,0,1.38679,1.38679,1.38678,1.38678,0
62643000,1.38668,1.38668,1.38668,1.38668,0,1.38680,1.38680,1.38680,1.38680,0
62658000,1.38666,1.38666,1.38666,1.38666,0,1.38678,1.38678,1.38678,1.38678,0
62661000,1.38668,1.38668,1.38668,1.38668,0,1.38678,1.38678,1.38678,1.38678,0
62680000,1.38666,1.38666,1.38664,1.38665,0,1.38678,1.38679,1.38675,1.38676,0
62683000,1.38665,1.38665,1.38665,1.38665,0,1.38677,1.38677,1.38677,1.38677,0
62684000,1.38666,1.38666,1.38666,1.38666,0,1.38677,1.38677,1.38677,1.38677,0
62699000,1.38665,1.38666,1.38665,1.38666,0,1.38677,1.38677,1.38677,1.38677,0
62728000,1.38669,1.38669,1.38668,1.38668,0,1.38680,1.38680,1.38679,1.38679,0
62735000,1.38668,1.38668,1.38668,1.38668,0,1.38680,1.38680,1.38680,1.38680,0
62738000,1.38669,1.38669,1.38669,1.38669,0,1.38679,1.38679,1.38679,1.38679,0
62768000,1.38668,1.38668,1.38668,1.38668,0,1.38679,1.38679,1.38679,1.38679,0
62782000,1.38669,1.38669,1.38669,1.38669,0,1.38678,1.38678,1.38678,1.38678,0
62784000,1.38669,1.38669,1.38669,1.38669,0,1.38680,1.38680,1.38680,1.38680,0
62814000,1.38668,1.38668,1.38668,1.38668,0,1.38678,1.38678,1.38678,1.38678,0
62818000,1.38668,1.38668,1.38668,1.38668,0,1.38679,1.38679,1.38679,1.38679,0
62832000,1.38668,1.38670,1.38668,1.38669,0,1.38680,1.38680,1.38679,1.38679,0
62834000,1.38669,1.38669,1.38669,1.38669,0,1.38678,1.38678,1.38678,1.38678,0
62836000,1.38668,1.38668,1.38668,1.38668,0,1.38679,1.38679,1.38679,1.38679,0
62837000,1.38669,1.38669,1.38669,1.38669,0,1.38679,1.38679,1.38679,1.38679,0
62841000,1.38667,1.38667,1.38666,1.38666,0,1.38677,1.38677,1.38677,1.38677,0
62844000,1.38669,1.38670,1.38668,1.38670,0,1.38680,1.38680,1.38679,1.38679,0
62846000,1.38671,1.38671,1.38671,1.38671,0,1.38681,1.38681,1.38681,1.38681,0
62857000,1.38670,1.38670,1.38670,1.38670,0,1.38681,1.38681,1.38681,1.38681,0
62885000,1.38672,1.38672,1.38671,1.38671,0,1.38681,1.38682,1.38681,1.38682,0
62899000,1.38669,1.38669,1.38669,1.38669,0,1.38680,1.38680,1.38680,1.38680,0
62912000,1.38669,1.38669,1.38669,1.38669,0,1.38679,1.38679,1.38679,1.38679,0
62919000,1.38669,1.38669,1.38669,1.38669,0,1.38680,1.38680,1.38680,1.38680,0
62930000,1.38668,1.38668,1.38668,1.38668,0,1.38681,1.38681,1.38681,1.38681,0
62931000,1.38669,1.38669,1.38669,1.38669,0,1.38680,1.38680,1.38680,1.38680,0
62932000,1.38669,1.38669,1.38669,1.38669,0,1.38681,1.38681,1.38680,1.38680,0
62933000,1.38669,1.38669,1.38669,1.38669,0,1.38681,1.38681,1.38681,1.38681,0
62944000,1.38668,1.38668,1.38668,1.38668,0,1.38679,1.38679,1.38679,1.38679,0
62945000,1.38669,1.38669,1.38669,1.38669,0,1.38679,1.38679,1.38679,1.38679,0
62958000,1.38668,1.38668,1.38668,1.38668,0,1.38680,1.38680,1.38680,1.38680,0
62959000,1.38668,1.38668,1.38668,1.38668,0,1.38679,1.38679,1.38679,1.38679,0
62963000,1.38668,1.38668,1.38668,1.38668,0,1.38680,1.38680,1.38680,1.38680,0
62974000,1.38669,1.38669,1.38669,1.38669,0,1.38679,1.38679,1.38679,1.38679,0
62975000,1.38669,1.38669,1.38669,1.38669,0,1.38680,1.38680,1.38680,1.38680,0
63000000,1.38666,1.38668,1.38666,1.38668,0,1.38679,1.38679,1.38678,1.38678,0
63001000,1.38668,1.38668,1.38668,1.38668,0,1.38679,1.38679,1.38679,1.38679,0
63020000,1.38670,1.38670,1.38670,1.38670,0,1.38681,1.38681,1.38681,1.38681,0
63039000,1.38670,1.38670,1.38670,1.38670,0,1.38679,1.38679,1.38679,1.38679,0
63048000,1.38668,1.38668,1.38668,1.38668,0,1.38680,1.38680,1.38680,1.38680,0
63049000,1.38669,1.38669,1.38669,1.38669,0,1.38679,1.38679,1.38679,1.38679,0
63065000,1.38668,1.38668,1.38668,1.38668,0,1.38679,1.38679,1.38679,1.38679,0
63070000,1.38669,1.38669,1.38669,1.38669,0,1.38679,1.38679,1.38679,1.38679,0
63112000,1.38668,1.38668,1.38667,1.38667,0,1.38680,1.38680,1.38678,1.38679,0
63131000,1.38667,1.38667,1.38666,1.38666,0,1.38678,1.38679,1.38678,1.38679,0
63132000,1.38666,1.38666,1.38666,1.38666,0,1.38678,1.38678,1.38678,1.38678,0
63138000,1.38665,1.38665,1.38665,1.38665,0,1.38679,1.38679,1.38679,1.38679,0
63141000,1.38666,1.38666,1.38666,1.38666,0,1.38678,1.38678,1.38678,1.38678,0
63143000,1.38665,1.38667,1.38665,1.38667,0,1.38679,1.38679,1.38679,1.38679,0
63149000,1.38668,1.38668,1.38665,1.38665,0,1.38678,1.38679,1.38678,1.38679,0
63150000,1.38666,1.38666,1.38666,1.38666,0,1.38678,1.38678,1.38678,1.38678,0
63154000,1.38668,1.38668,1.38668,1.38668,0,1.38680,1.38680,1.38680,1.38680,0
63155000,1.38668,1.38668,1.38668,1.38668,0,1.38681,1.38681,1.38681,1.38681,0
63156000,1.38668,1.38668,1.38668,1.38668,0,1.38680,1.38680,1.38680,1.38680,0
63165000,1.38670,1.38670,1.38670,1.38670,0,1.38680,1.38680,1.38680,1.38680,0
63168000,1.38670,1.38670,1.38670,1.38670,0,1.38681,1.38681,1.38681,1.38681,0
63176000,1.38669,1.38669,1.38669,1.38669,0,1.38681,1.38681,1.38681,1.38681,0
63184000,1.38670,1.38670,1.38670,1.38670,0,1.38680,1.38680,1.38680,1.38680,0
63185000,1.38669,1.38669,1.38669,1.38669,0,1.38681,1.38681,1.38681,1.38681,0
63228000,1.38670,1.38670,1.38670,1.38670,0,1.38681,1.38681,1.38681,1.38681,0
63246000,1.38669,1.38669,1.38669,1.38669,0,1.38679,1.38679,1.38679,1.38679,0
63253000,1.38668,1.38668,1.38668,1.38668,0,1.38680,1.38680,1.38680,1.38680,0
63264000,1.38670,1.38670,1.38670,1.38670,0,1.38681,1.38683,1.38681,1.38683,0
63265000,1.38670,1.38671,1.38670,1.38671,0,1.38682,1.38682,1.38680,1.38680,0
63268000,1.38670,1.38670,1.38670,1.38670,0,1.38681,1.38681,1.38681,1.38681,0
63288000,1.38671,1.38671,1.38671,1.38671,0,1.38680,1.38680,1.38680,1.38680,0
63308000,1.38670,1.38670,1.38668,1.38668,0,1.38681,1.38681,1.38680,1.38680,0
63309000,1.38668,1.38668,1.38668,1.38668,0,1.38679,1.38679,1.38679,1.38679,0
63313000,1.38669,1.38669,1.38669,1.38669,0,1.38678,1.38678,1.38678,1.38678,0
63314000,1.38668,1.38668,1.38668,1.38668,0,1.38678,1.38678,1.38678,1.38678,0
63329000,1.38669,1.38669,1.38668,1.38668,0,1.38678,1.38678,1.38678,1.38678,0
63344000,1.38670,1.38670,1.38670,1.38670,0,1.38680,1.38680,1.38680,1.38680,0
63390000,1.38668,1.38668,1.38662,1.38664,0,1.38678,1.38679,1.38675,1.38675,0
63391000,1.38663,1.38665,1.38663,1.38665,0,1.38676,1.38677,1.38675,1.38677,0
63392000,1.38664,1.38664,1.38664,1.38664,0,1.38675,1.38675,1.38675,1.38675,0
63402000,1.38664,1.38664,1.38664,1.38664,0,1.38673,1.38673,1.38673,1.38673,0
63446000,1.38662,1.38662,1.38662,1.38662,0,1.38672,1.38672,1.38672,1.38672,0
63463000,1.38663,1.38663,1.38663,1.38663,0,1.38672,1.38672,1.38672,1.38672,0
63477000,1.38661,1.38661,1.38659,1.38659,0,1.38672,1.38673,1.38671,1.38671,0
63483000,1.38660,1.38660,1.38660,1.38660,0,1.38671,1.38671,1.38671,1.38671,0
63629000,1.38663,1.38663,1.38663,1.38663,0,1.38670,1.38670,1.38670,1.38670,0
63631000,1.38663,1.38663,1.38663,1.38663,0,1.38671,1.38671,1.38671,1.38671,0
63639000,1.38660,1.38660,1.38660,1.38660,0,1.38671,1.38671,1.38671,1.38671,0
63675000,1.38662,1.38662,1.38662,1.38662,0,1.38671,1.38671,1.38670,1.38670,0
63680000,1.38663,1.38663,1.38663,1.38663,0,1.38670,1.38670,1.38670,1.38670,0
63681000,1.38662,1.38662,1.38662,1.38662,0,1.38671,1.38671,1.38671,1.38671,0
63696000,1.38663,1.38663,1.38663,1.38663,0,1.38670,1.38670,1.38670,1.38670,0
63702000,1.38661,1.38661,1.38661,1.38661,0,1.38671,1.38671,1.38671,1.38671,0
63707000,1.38663,1.38663,1.38663,1.38663,0,1.38673,1.38673,1.38673,1.38673,0
63710000,1.38663,1.38665,1.38662,1.38663,0,1.38674,1.38680,1.38674,1.38675,0
63711000,1.38664,1.38664,1.38664,1.38664,0,1.38674,1.38674,1.38674,1.38674,0
63713000,1.38663,1.38663,1.38663,1.38663,0,1.38675,1.38675,1.38675,1.38675,0
63714000,1.38664,1.38666,1.38664,1.38666,0,1.38677,1.38678,1.38676,1.38678,0
63715000,1.38667,1.38667,1.38667,1.38667,0,1.38678,1.38678,1.38678,1.38678,0
63716000,1.38666,1.38666,1.38666,1.38666,0,1.38678,1.38678,1.38678,1.38678,0
63719000,1.38666,1.38666,1.38661,1.38661,0,1.38680,1.38680,1.38677,1.38677,0
63720000,1.38660,1.38662,1.38660,1.38662,0,1.38675,1.38675,1.38674,1.38674,0
63722000,1.38663,1.38663,1.38663,1.38663,0,1.38673,1.38673,1.38673,1.38673,0
63730000,1.38662,1.38662,1.38661,1.38662,0,1.38674,1.38675,1.38674,1.38675,0
63731000,1.38663,1.38664,1.38663,1.38664,0,1.38673,1.38677,1.38673,1.38675,0
63732000,1.38662,1.38664,1.38661,1.38664,0,1.38673,1.38675,1.38673,1.38675,0
63733000,1.38665,1.38665,1.38665,1.38665,0,1.38674,1.38674,1.38674,1.38674,0
63736000,1.38663,1.38663,1.38663,1.38663,0,1.38674,1.38674,1.38673,1.38673,0
63738000,1.38662,1.38662,1.38662,1.38662,0,1.38673,1.38673,1.38673,1.38673,0
63740000,1.38663,1.38663,1.38663,1.38663,0,1.38672,1.38672,1.38672,1.38672,0
63741000,1.38662,1.38662,1.38662,1.38662,0,1.38673,1.38673,1.38673,1.38673,0
63745000,1.38662,1.38662,1.38661,1.38661,0,1.38671,1.38673,1.38671,1.38673,0
63751000,1.38662,1.38662,1.38659,1.38659,0,1.38672,1.38673,1.38671,1.38671,0
63767000,1.38658,1.38658,1.38656,1.38656,0,1.38669,1.38669,1.38667,1.38667,0
63776000,1.38655,1.38655,1.38653,1.38653,0,1.38665,1.38666,1.38665,1.38665,0
63777000,1.38654,1.38654,1.38654,1.38654,0,1.38667,1.38667,1.38666,1.38666,0
63788000,1.38654,1.38654,1.38654,1.38654,0,1.38663,1.38663,1.38663,1.38663,0
63789000,1.38653,1.38653,1.38653,1.38653,0,1.38665,1.38665,1.38665,1.38665,0
63823000,1.38654,1.38654,1.38654,1.38654,0,1.38664,1.38664,1.38664,1.38664,0
63828000,1.38656,1.38656,1.38656,1.38656,0,1.38666,1.38666,1.38666,1.38666,0
63858000,1.38656,1.38656,1.38656,1.38656,0,1.38667,1.38667,1.38667,1.38667,0
63861000,1.38655,1.38655,1.38655,1.38655,0,1.38665,1.38665,1.38665,1.38665,0
63863000,1.38656,1.38656,1.38655,1.38655,0,1.38668,1.38669,1.38668,1.38669,0
63881000,1.38657,1.38657,1.38657,1.38657,0,1.38668,1.38668,1.38668,1.38668,0
63896000,1.38657,1.38657,1.38657,1.38657,0,1.38669,1.38669,1.38669,1.38669,0
63903000,1.38658,1.38658,1.38658,1.38658,0,1.38668,1.38668,1.38668,1.38668,0
63914000,1.38656,1.38656,1.38656,1.38656,0,1.38669,1.38669,1.38668,1.38668,0
63915000,1.38657,1.38657,1.38657,1.38657,0,1.38668,1.38668,1.38668,1.38668,0
63917000,1.38656,1.38657,1.38656,1.38657,0,1.38669,1.38669,1.38669,1.38669,0
63921000,1.38658,1.38658,1.38658,1.38658,0,1.38668,1.38668,1.38668,1.38668,0
63922000,1.38657,1.38657,1.38657,1.38657,0,1.38669,1.38669,1.38669,1.38669,0
63923000,1.38657,1.38657,1.38657,1.38657,0,1.38668,1.38668,1.38668,1.38668,0
63927000,1.38657,1.38657,1.38657,1.38657,0,1.38669,1.38669,1.38669,1.38669,0
63931000,1.38656,1.38657,1.38656,1.38657,0,1.38669,1.38669,1.38668,1.38668,0
63944000,1.38658,1.38658,1.38658,1.38658,0,1.38670,1.38670,1.38670,1.38670,0
63946000,1.38655,1.38658,1.38655,1.38658,0,1.38667,1.38670,1.38667,1.38670,0
63947000,1.38658,1.38658,1.38658,1.38658,0,1.38669,1.38669,1.38669,1.38669,0
63948000,1.38659,1.38659,1.38657,1.38659,0,1.38669,1.38672,1.38669,1.38672,0
63956000,1.38660,1.38660,1.38659,1.38659,0,1.38671,1.38671,1.38671,1.38671,0
63964000,1.38661,1.38661,1.38661,1.38661,0,1.38672,1.38672,1.38672,1.38672,0
63965000,1.38662,1.38670,1.38662,1.38670,0,1.38674,1.38682,1.38674,1.38680,0
63970000,1.38670,1.38671,1.38670,1.38671,0,1.38682,1.38682,1.38681,1.38681,0
63971000,1.38670,1.38670,1.38670,1.38670,0,1.38682,1.38682,1.38682,1.38682,0
63974000,1.38671,1.38671,1.38671,1.38671,0,1.38682,1.38682,1.38682,1.38682,0
63982000,1.38672,1.38674,1.38672,1.38674,0,1.38684,1.38684,1.38684,1.38684,0
63984000,1.38674,1.38674,1.38674,1.38674,0,1.38683,1.38683,1.38683,1.38683,0
63991000,1.38673,1.38673,1.38673,1.38673,0,1.38684,1.38684,1.38684,1.38684,0
63992000,1.38672,1.38672,1.38672,1.38672,0,1.38682,1.38682,1.38682,1.38682,0
64026000,1.38671,1.38671,1.38671,1.38671,0,1.38684,1.38684,1.38684,1.38684,0
64027000,1.38671,1.38671,1.38671,1.38671,0,1.38683,1.38683,1.38683,1.38683,0
64028000,1.38672,1.38672,1.38671,1.38671,0,1.38682,1.38683,1.38682,1.38682,0
64037000,1.38668,1.38668,1.38665,1.38665,0,1.38679,1.38680,1.38678,1.38678,0
64038000,1.38664,1.38664,1.38664,1.38664,0,1.38675,1.38675,1.38675,1.38675,0
64039000,1.38664,1.38666,1.38664,1.38666,0,1.38676,1.38678,1.38676,1.38678,0
64041000,1.38667,1.38667,1.38667,1.38667,0,1.38680,1.38680,1.38680,1.38680,0
64054000,1.38667,1.38667,1.38666,1.38666,0,1.38679,1.38680,1.38678,1.38678,0
64058000,1.38668,1.38668,1.38668,1.38668,0,1.38678,1.38680,1.38678,1.38680,0
64076000,1.38669,1.38669,1.38669,1.38669,0,1.38680,1.38680,1.38680,1.38680,0
64083000,1.38667,1.38667,1.38665,1.38667,0,1.38680,1.38680,1.38677,1.38677,0
64085000,1.38667,1.38667,1.38667,1.38667,0,1.38676,1.38679,1.38676,1.38679,0
64100000,1.38670,1.38670,1.38669,1.38669,0,1.38680,1.38680,1.38680,1.38680,0
64135000,1.38671,1.38671,1.38671,1.38671,0,1.38682,1.38682,1.38682,1.38682,0
64151000,1.38669,1.38669,1.38664,1.38667,0,1.38680,1.38680,1.38678,1.38678,0
64152000,1.38668,1.38668,1.38668,1.38668,0,1.38680,1.38680,1.38680,1.38680,0
64170000,1.38670,1.38670,1.38670,1.38670,0,1.38680,1.38680,1.38680,1.38680,0
64178000,1.38668,1.38669,1.38665,1.38669,0,1.38680,1.38680,1.38678,1.38680,0
64197000,1.38669,1.38669,1.38669,1.38669,0,1.38679,1.38680,1.38679,1.38680,0
64242000,1.38671,1.38671,1.38671,1.38671,0,1.38682,1.38682,1.38682,1.38682,0
64243000,1.38672,1.38674,1.38672,1.38674,0,1.38684,1.38684,1.38683,1.38683,0
64253000,1.38672,1.38672,1.38672,1.38672,0,1.38683,1.38683,1.38683,1.38683,0
64267000,1.38672,1.38672,1.38672,1.38672,0,1.38682,1.38682,1.38682,1.38682,0
64268000,1.38672,1.38672,1.38672,1.38672,0,1.38683,1.38683,1.38683,1.38683,0
64270000,1.38672,1.38672,1.38672,1.38672,0,1.38682,1.38682,1.38682,1.38682,0
64275000,1.38672,1.38672,1.38672,1.38672,0,1.38683,1.38683,1.38683,1.38683,0
64276000,1.38673,1.38673,1.38673,1.38673,0,1.38682,1.38682,1.38682,1.38682,0
64281000,1.38671,1.38672,1.38671,1.38672,0,1.38683,1.38683,1.38682,1.38682,0
64284000,1.38673,1.38673,1.38672,1.38672,0,1.38682,1.38683,1.38682,1.38683,0
64298000,1.38674,1.38674,1.38674,1.38674,0,1.38682,1.38682,1.38682,1.38682,0
64303000,1.38672,1.38672,1.38672,1.38672,0,1.38683,1.38683,1.38683,1.38683,0
64322000,1.38671,1.38671,1.38671,1.38671,0,1.38685,1.38685,1.38685,1.38685,0
64323000,1.38673,1.38673,1.38673,1.38673,0,1.38684,1.38684,1.38684,1.38684,0
64330000,1.38674,1.38674,1.38674,1.38674,0,1.38683,1.38683,1.38683,1.38683,0
64344000,1.38673,1.38673,1.38673,1.38673,0,1.38684,1.38684,1.38684,1.38684,0
64347000,1.38674,1.38674,1.38674,1.38674,0,1.38684,1.38684,1.38684,1.38684,0
64386000,1.38673,1.38673,1.38673,1.38673,0,1.38686,1.38686,1.38686,1.38686,0
64388000,1.38674,1.38674,1.38674,1.38674,0,1.38686,1.38686,1.38686,1.38686,0
64397000,1.38675,1.38675,1.38675,1.38675,0,1.38685,1.38685,1.38685,1.38685,0
64406000,1.38674,1.38674,1.38674,1.38674,0,1.38686,1.38686,1.38686,1.38686,0
64413000,1.38673,1.38673,1.38673,1.38673,0,1.38686,1.38686,1.38686,1.38686,0
64414000,1.38675,1.38676,1.38675,1.38676,0,1.38685,1.38685,1.38684,1.38684,0
64430000,1.38674,1.38682,1.38674,1.38682,0,1.38686,1.38693,1.38686,1.38693,0
64435000,1.38682,1.38682,1.38682,1.38682,0,1.38692,1.38692,1.38692,1.38692,0
64436000,1.38683,1.38683,1.38683,1.38683,0,1.38692,1.38692,1.38692,1.38692,0
64438000,1.38682,1.38682,1.38682,1.38682,0,1.38692,1.38692,1.38692,1.38692,0
64463000,1.38683,1.38683,1.38683,1.38683,0,1.38692,1.38692,1.38692,1.38692,0
64464000,1.38684,1.38684,1.38684,1.38684,0,1.38692,1.38692,1.38692,1.38692,0
64467000,1.38683,1.38683,1.38683,1.38683,0,1.38692,1.38692,1.38692,1.38692,0
64499000,1.38682,1.38682,1.38682,1.38682,0,1.38694,1.38694,1.38694,1.38694,0
64504000,1.38683,1.38683,1.38683,1.38683,0,1.38694,1.38694,1.38694,1.38694,0
64552000,1.38682,1.38682,1.38682,1.38682,0,1.38694,1.38694,1.38694,1.38694,0
64555000,1.38682,1.38682,1.38682,1.38682,0,1.38693,1.38693,1.38693,1.38693,0
64558000,1.38684,1.38687,1.38684,1.38687,0,1.38695,1.38699,1.38695,1.38699,0
64560000,1.38690,1.38690,1.38690,1.38690,0,1.38701,1.38701,1.38701,1.38701,0
64562000,1.38688,1.38688,1.38688,1.38688,0,1.38699,1.38699,1.38699,1.38699,0
64572000,1.38685,1.38685,1.38685,1.38685,0,1.38696,1.38697,1.38696,1.38696,0
64573000,1.38685,1.38686,1.38685,1.38686,0,1.38697,1.38697,1.38695,1.38695,0
64574000,1.38687,1.38689,1.38687,1.38688,0,1.38697,1.38698,1.38697,1.38697,0
64579000,1.38690,1.38690,1.38689,1.38689,0,1.38698,1.38699,1.38698,1.38699,0
64580000,1.38689,1.38694,1.38689,1.38694,0,1.38700,1.38704,1.38700,1.38703,0
64581000,1.38693,1.38693,1.38693,1.38693,0,1.38703,1.38703,1.38703,1.38703,0
64583000,1.38693,1.38693,1.38690,1.38690,0,1.38702,1.38702,1.38700,1.38700,0
64587000,1.38688,1.38688,1.38686,1.38686,0,1.38698,1.38698,1.38696,1.38696,0
64588000,1.38686,1.38688,1.38686,1.38687,0,1.38697,1.38698,1.38697,1.38698,0
64590000,1.38688,1.38688,1.38687,1.38687,0,1.38697,1.38698,1.38697,1.38698,0
64603000,1.38690,1.38690,1.38689,1.38689,0,1.38701,1.38701,1.38701,1.38701,0
64604000,1.38690,1.38690,1.38690,1.38690,0,1.38701,1.38701,1.38701,1.38701,0
64608000,1.38690,1.38690,1.38690,1.38690,0,1.38700,1.38700,1.38700,1.38700,0
64612000,1.38690,1.38690,1.38690,1.38690,0,1.38701,1.38701,1.38701,1.38701,0
64621000,1.38689,1.38690,1.38689,1.38690,0,1.38702,1.38702,1.38702,1.38702,0
64629000,1.38691,1.38691,1.38691,1.38691,0,1.38701,1.38701,1.38701,1.38701,0
64630000,1.38690,1.38690,1.38690,1.38690,0,1.38701,1.38701,1.38701,1.38701,0
64631000,1.38691,1.38691,1.38687,1.38690,0,1.38701,1.38701,1.38699,1.38699,0
64635000,1.38687,1.38687,1.38685,1.38685,0,1.38698,1.38698,1.38698,1.38698,0
64636000,1.38683,1.38684,1.38681,1.38684,0,1.38698,1.38698,1.38694,1.38694,0
64639000,1.38684,1.38684,1.38684,1.38684,0,1.38693,1.38693,1.38693,1.38693,0
64650000,1.38683,1.38683,1.38683,1.38683,0,1.38693,1.38693,1.38693,1.38693,0
64655000,1.38686,1.38686,1.38683,1.38683,0,1.38695,1.38696,1.38694,1.38694,0
64657000,1.38683,1.38684,1.38683,1.38684,0,1.38693,1.38693,1.38692,1.38692,0
64658000,1.38683,1.38683,1.38683,1.38683,0,1.38693,1.38693,1.38693,1.38693,0
64662000,1.38684,1.38684,1.38684,1.38684,0,1.38692,1.38692,1.38692,1.38692,0
64670000,1.38684,1.38688,1.38684,1.38688,0,1.38694,1.38699,1.38694,1.38698,0
64672000,1.38688,1.38688,1.38688,1.38688,0,1.38700,1.38700,1.38700,1.38700,0
64673000,1.38689,1.38689,1.38689,1.38689,0,1.38699,1.38699,1.38699,1.38699,0
64694000,1.38687,1.38687,1.38687,1.38687,0,1.38698,1.38698,1.38698,1.38698,0
64705000,1.38688,1.38688,1.38688,1.38688,0,1.38697,1.38697,1.38697,1.38697,0
64731000,1.38689,1.38689,1.38689,1.38689,0,1.38696,1.38696,1.38696,1.38696,0
64736000,1.38689,1.38689,1.38689,1.38689,0,1.38698,1.38698,1.38698,1.38698,0
64739000,1.38690,1.38690,1.38687,1.38689,0,1.38698,1.38699,1.38698,1.38699,0
64742000,1.38688,1.38689,1.38688,1.38689,0,1.38700,1.38700,1.38700,1.38700,0
64744000,1.38690,1.38690,1.38690,1.38690,0,1.38700,1.38701,1.38700,1.38701,0
64755000,1.38691,1.38691,1.38689,1.38689,0,1.38701,1.38702,1.38700,1.38702,0
64756000,1.38691,1.38691,1.38691,1.38691,0,1.38702,1.38703,1.38702,1.38702,0
64757000,1.38692,1.38693,1.38692,1.38693,0,1.38701,1.38704,1.38701,1.38704,0
64758000,1.38694,1.38694,1.38694,1.38694,0,1.38704,1.38704,1.38704,1.38704,0
64760000,1.38693,1.38693,1.38693,1.38693,0,1.38704,1.38704,1.38704,1.38704,0
64763000,1.38692,1.38692,1.38692,1.38692,0,1.38706,1.38706,1.38706,1.38706,0
64764000,1.38692,1.38694,1.38692,1.38694,0,1.38705,1.38705,1.38704,1.38704,0
64769000,1.38694,1.38700,1.38694,1.38699,0,1.38706,1.38714,1.38706,1.38712,0
64770000,1.38700,1.38700,1.38700,1.38700,0,1.38712,1.38714,1.38712,1.38713,0
64771000,1.38701,1.38701,1.38701,1.38701,0,1.38711,1.38711,1.38711,1.38711,0
64773000,1.38702,1.38702,1.38702,1.38702,0,1.38713,1.38713,1.38713,1.38713,0
64778000,1.38702,1.38702,1.38702,1.38702,0,1.38711,1.38711,1.38711,1.38711,0
64780000,1.38699,1.38699,1.38699,1.38699,0,1.38711,1.38711,1.38711,1.38711,0
64785000,1.38701,1.38701,1.38701,1.38701,0,1.38712,1.38712,1.38712,1.38712,0
64798000,1.38704,1.38705,1.38704,1.38705,0,1.38714,1.38716,1.38714,1.38716,0
64800000,1.38707,1.38708,1.38707,1.38708,0,1.38718,1.38719,1.38718,1.38719,0
64801000,1.38706,1.38706,1.38703,1.38704,0,1.38718,1.38718,1.38714,1.38715,0
64802000,1.38703,1.38705,1.38703,1.38705,0,1.38715,1.38716,1.38715,1.38716,0
64808000,1.38707,1.38708,1.38707,1.38708,0,1.38717,1.38720,1.38717,1.38720,0
64809000,1.38709,1.38709,1.38707,1.38707,0,1.38719,1.38720,1.38717,1.38717,0
64810000,1.38708,1.38708,1.38708,1.38708,0,1.38720,1.38720,1.38719,1.38719,0
64813000,1.38707,1.38707,1.38707,1.38707,0,1.38719,1.38719,1.38719,1.38719,0
64815000,1.38708,1.38708,1.38708,1.38708,0,1.38718,1.38718,1.38718,1.38718,0
64817000,1.38709,1.38709,1.38709,1.38709,0,1.38720,1.38720,1.38720,1.38720,0
64820000,1.38710,1.38710,1.38710,1.38710,0,1.38720,1.38720,1.38720,1.38720,0
64823000,1.38708,1.38708,1.38703,1.38704,0,1.38718,1.38718,1.38716,1.38716,0
64824000,1.38704,1.38709,1.38704,1.38709,0,1.38717,1.38718,1.38717,1.38718,0
64826000,1.38708,1.38708,1.38708,1.38708,0,1.38719,1.38719,1.38719,1.38719,0
64832000,1.38706,1.38706,1.38704,1.38704,0,1.38718,1.38718,1.38715,1.38715,0
64833000,1.38705,1.38705,1.38704,1.38704,0,1.38714,1.38715,1.38714,1.38715,0
64837000,1.38706,1.38711,1.38706,1.38711,0,1.38717,1.38722,1.38717,1.38722,0
64850000,1.38709,1.38709,1.38709,1.38709,0,1.38720,1.38720,1.38720,1.38720,0
64852000,1.38710,1.38710,1.38710,1.38710,0,1.38719,1.38719,1.38719,1.38719,0
64877000,1.38710,1.38711,1.38710,1.38711,0,1.38722,1.38722,1.38722,1.38722,0
64888000,1.38711,1.38711,1.38711,1.38711,0,1.38720,1.38720,1.38720,1.38720,0
64889000,1.38710,1.38710,1.38710,1.38710,0,1.38721,1.38721,1.38721,1.38721,0
64890000,1.38711,1.38711,1.38710,1.38710,0,1.38720,1.38721,1.38720,1.38721,0
64893000,1.38711,1.38711,1.38711,1.38711,0,1.38721,1.38721,1.38721,1.38721,0
64906000,1.38708,1.38708,1.38708,1.38708,0,1.38721,1.38721,1.38721,1.38721,0
64910000,1.38709,1.38709,1.38709,1.38709,0,1.38720,1.38720,1.38720,1.38720,0
64911000,1.38709,1.38709,1.38709,1.38709,0,1.38722,1.38722,1.38722,1.38722,0
64914000,1.38709,1.38709,1.38700,1.38700,0,1.38720,1.38721,1.38712,1.38713,0
64915000,1.38701,1.38701,1.38699,1.38699,0,1.38715,1.38717,1.38712,1.38712,0
64916000,1.38699,1.38699,1.38699,1.38699,0,1.38713,1.38713,1.38713,1.38713,0
64917000,1.38700,1.38700,1.38700,1.38700,0,1.38711,1.38711,1.38711,1.38711,0
64918000,1.38698,1.38700,1.38698,1.38700,0,1.38713,1.38713,1.38711,1.38711,0
64919000,1.38699,1.38699,1.38699,1.38699,0,1.38713,1.38713,1.38712,1.38712,0
64920000,1.38700,1.38700,1.38700,1.38700,0,1.38712,1.38712,1.38712,1.38712,0
64930000,1.38698,1.38698,1.38698,1.38698,0,1.38712,1.38712,1.38712,1.38712,0
64931000,1.38701,1.38701,1.38698,1.38698,0,1.38710,1.38712,1.38710,1.38712,0
64935000,1.38700,1.38700,1.38700,1.38700,0,1.38709,1.38709,1.38709,1.38709,0
64941000,1.38698,1.38698,1.38698,1.38698,0,1.38712,1.38712,1.38712,1.38712,0
64942000,1.38700,1.38700,1.38700,1.38700,0,1.38710,1.38710,1.38710,1.38710,0
64951000,1.38700,1.38700,1.38700,1.38700,0,1.38709,1.38710,1.38709,1.38710,0
64959000,1.38698,1.38698,1.38698,1.38698,0,1.38712,1.38712,1.38712,1.38712,0
64961000,1.38699,1.38700,1.38699,1.38700,0,1.38711,1.38711,1.38711,1.38711,0
64962000,1.38701,1.38701,1.38701,1.38701,0,1.38710,1.38710,1.38710,1.38710,0
64968000,1.38699,1.38704,1.38699,1.38704,0,1.38713,1.38717,1.38713,1.38716,0
64971000,1.38705,1.38705,1.38703,1.38704,0,1.38715,1.38716,1.38714,1.38715,0
64972000,1.38703,1.38703,1.38700,1.38700,0,1.38715,1.38715,1.38714,1.38714,0
64974000,1.38699,1.38699,1.38699,1.38699,0,1.38714,1.38714,1.38714,1.38714,0
64975000,1.38699,1.38699,1.38699,1.38699,0,1.38713,1.38713,1.38713,1.38713,0
64976000,1.38701,1.38701,1.38701,1.38701,0,1.38711,1.38711,1.38711,1.38711,0
64980000,1.38701,1.38701,1.38701,1.38701,0,1.38710,1.38710,1.38710,1.38710,0
64986000,1.38699,1.38699,1.38699,1.38699,0,1.38711,1.38711,1.38711,1.38711,0
64991000,1.38701,1.38701,1.38701,1.38701,0,1.38713,1.38713,1.38713,1.38713,0
64993000,1.38700,1.38700,1.38700,1.38700,0,1.38713,1.38713,1.38713,1.38713,0
65008000,1.38700,1.38700,1.38700,1.38700,0,1.38712,1.38712,1.38712,1.38712,0
65011000,1.38702,1.38702,1.38702,1.38702,0,1.38711,1.38711,1.38711,1.38711,0
65016000,1.38701,1.38708,1.38701,1.38708,0,1.38713,1.38721,1.38713,1.38721,0
65017000,1.38706,1.38706,1.38703,1.38706,0,1.38719,1.38719,1.38717,1.38718,0
65018000,1.38706,1.38706,1.38706,1.38706,0,1.38717,1.38717,1.38717,1.38717,0
65019000,1.38705,1.38712,1.38705,1.38709,0,1.38719,1.38725,1.38719,1.38722,0
65020000,1.38711,1.38711,1.38711,1.38711,0,1.38723,1.38723,1.38722,1.38722,0
65026000,1.38712,1.38712,1.38712,1.38712,0,1.38721,1.38721,1.38721,1.38721,0
65027000,1.38709,1.38709,1.38709,1.38709,0,1.38722,1.38722,1.38722,1.38722,0
65028000,1.38710,1.38710,1.38710,1.38710,0,1.38721,1.38721,1.38721,1.38721,0
65029000,1.38711,1.38711,1.38710,1.38710,0,1.38721,1.38721,1.38721,1.38721,0
65030000,1.38712,1.38712,1.38712,1.38712,0,1.38723,1.38723,1.38723,1.38723,0
65031000,1.38712,1.38712,1.38712,1.38712,0,1.38722,1.38722,1.38722,1.38722,0
65037000,1.38712,1.38712,1.38712,1.38712,0,1.38723,1.38723,1.38723,1.38723,0
65050000,1.38713,1.38713,1.38713,1.38713,0,1.38723,1.38723,1.38723,1.38723,0
65054000,1.38712,1.38715,1.38712,1.38714,0,1.38723,1.38727,1.38723,1.38727,0
65055000,1.38715,1.38715,1.38715,1.38715,0,1.38726,1.38726,1.38726,1.38726,0
65066000,1.38715,1.38715,1.38715,1.38715,0,1.38727,1.38727,1.38726,1.38726,0
65072000,1.38714,1.38714,1.38714,1.38714,0,1.38723,1.38725,1.38723,1.38725,0
65075000,1.38713,1.38713,1.38713,1.38713,0,1.38725,1.38725,1.38723,1.38723,0
65087000,1.38713,1.38713,1.38713,1.38713,0,1.38722,1.38722,1.38722,1.38722,0
65115000,1.38712,1.38714,1.38712,1.38714,0,1.38723,1.38723,1.38722,1.38722,0
65117000,1.38712,1.38715,1.38712,1.38715,0,1.38728,1.38730,1.38728,1.38730,0
65118000,1.38718,1.38724,1.38718,1.38724,0,1.38733,1.38735,1.38733,1.38734,0
65123000,1.38724,1.38724,1.38724,1.38724,0,1.38733,1.38733,1.38733,1.38733,0
65128000,1.38724,1.38724,1.38724,1.38724,0,1.38734,1.38734,1.38734,1.38734,0
65140000,1.38723,1.38723,1.38715,1.38715,0,1.38734,1.38734,1.38728,1.38728,0
65142000,1.38713,1.38714,1.38713,1.38714,0,1.38726,1.38726,1.38725,1.38725,0
65144000,1.38713,1.38713,1.38713,1.38713,0,1.38727,1.38727,1.38727,1.38727,0
65145000,1.38715,1.38716,1.38715,1.38716,0,1.38727,1.38727,1.38726,1.38726,0
65156000,1.38717,1.38717,1.38717,1.38717,0,1.38726,1.38726,1.38726,1.38726,0
65163000,1.38714,1.38714,1.38712,1.38712,0,1.38724,1.38725,1.38724,1.38724,0
65166000,1.38711,1.38711,1.38711,1.38711,0,1.38725,1.38725,1.38725,1.38725,0
65169000,1.38713,1.38716,1.38713,1.38716,0,1.38725,1.38725,1.38725,1.38725,0
65176000,1.38712,1.38712,1.38711,1.38711,0,1.38726,1.38726,1.38724,1.38724,0
65177000,1.38713,1.38713,1.38713,1.38713,0,1.38724,1.38724,1.38724,1.38724,0
65183000,1.38713,1.38715,1.38713,1.38715,0,1.38722,1.38725,1.38722,1.38725,0
65190000,1.38717,1.38720,1.38716,1.38718,0,1.38726,1.38733,1.38726,1.38729,0
65194000,1.38718,1.38722,1.38718,1.38720,0,1.38731,1.38737,1.38731,1.38732,0
65195000,1.38719,1.38719,1.38719,1.38719,0,1.38729,1.38729,1.38729,1.38729,0
65205000,1.38719,1.38719,1.38719,1.38719,0,1.38730,1.38730,1.38730,1.38730,0
65212000,1.38719,1.38719,1.38719,1.38719,0,1.38729,1.38729,1.38729,1.38729,0
65214000,1.38717,1.38721,1.38717,1.38721,0,1.38730,1.38733,1.38730,1.38732,0
65218000,1.38723,1.38723,1.38723,1.38723,0,1.38731,1.38731,1.38731,1.38731,0
65227000,1.38723,1.38723,1.38723,1.38723,0,1.38733,1.38733,1.38733,1.38733,0
65274000,1.38720,1.38720,1.38716,1.38716,0,1.38732,1.38732,1.38727,1.38727,0
65280000,1.38716,1.38716,1.38716,1.38716,0,1.38726,1.38726,1.38726,1.38726,0
65286000,1.38715,1.38715,1.38715,1.38715,0,1.38727,1.38727,1.38726,1.38726,0
65330000,1.38713,1.38713,1.38713,1.38713,0,1.38723,1.38723,1.38723,1.38723,0
65331000,1.38713,1.38713,1.38713,1.38713,0,1.38724,1.38724,1.38723,1.38723,0
65341000,1.38714,1.38714,1.38714,1.38714,0,1.38725,1.38725,1.38725,1.38725,0
65346000,1.38714,1.38714,1.38714,1.38714,0,1.38724,1.38724,1.38724,1.38724,0
65383000,1.38713,1.38713,1.38713,1.38713,0,1.38724,1.38724,1.38724,1.38724,0
65384000,1.38714,1.38714,1.38714,1.38714,0,1.38723,1.38723,1.38723,1.38723,0
65385000,1.38713,1.38713,1.38713,1.38713,0,1.38724,1.38724,1.38724,1.38724,0
65411000,1.38714,1.38714,1.38713,1.38714,0,1.38724,1.38725,1.38724,1.38724,0
65426000,1.38714,1.38717,1.38714,1.38717,0,1.38725,1.38728,1.38725,1.38728,0
65427000,1.38717,1.38718,1.38717,1.38718,0,1.38727,1.38727,1.38727,1.38727,0
65428000,1.38718,1.38718,1.38718,1.38718,0,1.38728,1.38728,1.38728,1.38728,0
65431000,1.38717,1.38717,1.38717,1.38717,0,1.38726,1.38726,1.38726,1.38726,0
65435000,1.38715,1.38715,1.38715,1.38715,0,1.38726,1.38726,1.38726,1.38726,0
65436000,1.38715,1.38715,1.38715,1.38715,0,1.38724,1.38724,1.38724,1.38724,0
65458000,1.38714,1.38714,1.38714,1.38714,0,1.38724,1.38724,1.38724,1.38724,0
65459000,1.38714,1.38714,1.38714,1.38714,0,1.38723,1.38723,1.38723,1.38723,0
65501000,1.38713,1.38713,1.38713,1.38713,0,1.38723,1.38723,1.38723,1.38723,0
65514000,1.38713,1.38713,1.38713,1.38713,0,1.38722,1.38722,1.38722,1.38722,0
65540000,1.38712,1.38712,1.38712,1.38712,0,1.38722,1.38722,1.38722,1.38722,0
65557000,1.38713,1.38713,1.38713,1.38713,0,1.38722,1.38722,1.38722,1.38722,0
65613000,1.38712,1.38712,1.38712,1.38712,0,1.38722,1.38722,1.38722,1.38722,0
65627000,1.38710,1.38710,1.38708,1.38708,0,1.38722,1.38722,1.38719,1.38719,0
65677000,1.38706,1.38706,1.38706,1.38706,0,1.38716,1.38716,1.38716,1.38716,0
65683000,1.38707,1.38707,1.38707,1.38707,0,1.38715,1.38715,1.38715,1.38715,0
65687000,1.38706,1.38707,1.38706,1.38707,0,1.38716,1.38716,1.38716,1.38716,0
65690000,1.38708,1.38708,1.38707,1.38707,0,1.38716,1.38718,1.38716,1.38718,0
65691000,1.38707,1.38707,1.38707,1.38707,0,1.38717,1.38717,1.38717,1.38717,0
65693000,1.38708,1.38708,1.38708,1.38708,0,1.38717,1.38717,1.38717,1.38717,0
65711000,1.38707,1.38707,1.38701,1.38703,0,1.38718,1.38718,1.38714,1.38716,0
65712000,1.38704,1.38704,1.38704,1.38704,0,1.38715,1.38715,1.38714,1.38714,0
65732000,1.38703,1.38703,1.38703,1.38703,0,1.38715,1.38715,1.38713,1.38713,0
65734000,1.38701,1.38701,1.38701,1.38701,0,1.38713,1.38713,1.38713,1.38713,0
65735000,1.38701,1.38701,1.38701,1.38701,0,1.38712,1.38712,1.38712,1.38712,0
65736000,1.38703,1.38703,1.38703,1.38703,0,1.38711,1.38711,1.38711,1.38711,0
65740000,1.38701,1.38701,1.38701,1.38701,0,1.38713,1.38713,1.38713,1.38713,0
65742000,1.38703,1.38703,1.38703,1.38703,0,1.38711,1.38711,1.38711,1.38711,0
65744000,1.38702,1.38704,1.38701,1.38703,0,1.38712,1.38718,1.38712,1.38716,0
65745000,1.38703,1.38704,1.38703,1.38704,0,1.38714,1.38714,1.38713,1.38713,0
65755000,1.38703,1.38705,1.38702,1.38705,0,1.38714,1.38716,1.38712,1.38716,0
65756000,1.38706,1.38706,1.38706,1.38706,0,1.38716,1.38716,1.38716,1.38716,0
65775000,1.38707,1.38707,1.38707,1.38707,0,1.38715,1.38715,1.38715,1.38715,0
65779000,1.38706,1.38706,1.38706,1.38706,0,1.38716,1.38716,1.38716,1.38716,0
65813000,1.38705,1.38705,1.38705,1.38705,0,1.38716,1.38716,1.38716,1.38716,0
65814000,1.38706,1.38706,1.38706,1.38706,0,1.38715,1.38715,1.38715,1.38715,0
65819000,1.38704,1.38704,1.38704,1.38704,0,1.38717,1.38717,1.38717,1.38717,0
65830000,1.38706,1.38706,1.38706,1.38706,0,1.38717,1.38717,1.38717,1.38717,0
65831000,1.38706,1.38706,1.38705,1.38706,0,1.38716,1.38717,1.38716,1.38717,0
65834000,1.38707,1.38707,1.38705,1.38705,0,1.38716,1.38716,1.38716,1.38716,0
65836000,1.38703,1.38703,1.38703,1.38703,0,1.38714,1.38714,1.38713,1.38713,0
65840000,1.38702,1.38702,1.38702,1.38702,0,1.38713,1.38713,1.38713,1.38713,0
65842000,1.38700,1.38700,1.38700,1.38700,0,1.38713,1.38713,1.38713,1.38713,0
65847000,1.38703,1.38703,1.38703,1.38703,0,1.38715,1.38715,1.38715,1.38715,0
65848000,1.38706,1.38706,1.38706,1.38706,0,1.38715,1.38715,1.38715,1.38715,0
65850000,1.38704,1.38704,1.38703,1.38703,0,1.38716,1.38717,1.38714,1.38714,0
65855000,1.38704,1.38704,1.38704,1.38704,0,1.38714,1.38714,1.38714,1.38714,0
65872000,1.38704,1.38704,1.38704,1.38704,0,1.38713,1.38713,1.38713,1.38713,0
65885000,1.38702,1.38703,1.38702,1.38703,0,1.38713,1.38713,1.38713,1.38713,0
65886000,1.38703,1.38703,1.38703,1.38703,0,1.38711,1.38711,1.38711,1.38711,0
65887000,1.38702,1.38702,1.38702,1.38702,0,1.38714,1.38714,1.38712,1.38714,0
65897000,1.38702,1.38702,1.38702,1.38702,0,1.38711,1.38711,1.38711,1.38711,0
65901000,1.38703,1.38703,1.38703,1.38703,0,1.38711,1.38711,1.38711,1.38711,0
65902000,1.38702,1.38702,1.38702,1.38702,0,1.38711,1.38711,1.38711,1.38711,0
65909000,1.38703,1.38703,1.38702,1.38702,0,1.38711,1.38711,1.38711,1.38711,0
65910000,1.38703,1.38703,1.38703,1.38703,0,1.38711,1.38711,1.38711,1.38711,0
65913000,1.38702,1.38702,1.38702,1.38702,0,1.38712,1.38712,1.38712,1.38712,0
65966000,1.38702,1.38702,1.38702,1.38702,0,1.38713,1.38713,1.38713,1.38713,0
65987000,1.38702,1.38702,1.38702,1.38702,0,1.38712,1.38712,1.38712,1.38712,0
65998000,1.38703,1.38703,1.38703,1.38703,0,1.38712,1.38712,1.38712,1.38712,0
65999000,1.38701,1.38701,1.38701,1.38701,0,1.38712,1.38712,1.38712,1.38712,0
66001000,1.38699,1.38699,1.38698,1.38698,0,1.38711,1.38711,1.38709,1.38709,0
66013000,1.38701,1.38701,1.38701,1.38701,0,1.38711,1.38711,1.38711,1.38711,0
66037000,1.38699,1.38699,1.38696,1.38698,0,1.38711,1.38711,1.38709,1.38710,0
66038000,1.38698,1.38698,1.38692,1.38693,0,1.38709,1.38709,1.38706,1.38706,0
66039000,1.38694,1.38694,1.38692,1.38692,0,1.38706,1.38707,1.38703,1.38703,0
66043000,1.38690,1.38690,1.38683,1.38684,0,1.38701,1.38701,1.38697,1.38697,0
66044000,1.38687,1.38687,1.38687,1.38687,0,1.38697,1.38697,1.38697,1.38697,0
66046000,1.38687,1.38688,1.38682,1.38682,0,1.38698,1.38698,1.38694,1.38694,0
66047000,1.38682,1.38682,1.38682,1.38682,0,1.38693,1.38693,1.38693,1.38693,0
66056000,1.38681,1.38681,1.38681,1.38681,0,1.38691,1.38691,1.38691,1.38691,0
66060000,1.38682,1.38683,1.38682,1.38683,0,1.38693,1.38694,1.38693,1.38694,0
66061000,1.38684,1.38684,1.38683,1.38684,0,1.38694,1.38695,1.38694,1.38694,0
66085000,1.38683,1.38683,1.38683,1.38683,0,1.38695,1.38695,1.38695,1.38695,0
66094000,1.38684,1.38684,1.38684,1.38684,0,1.38695,1.38695,1.38695,1.38695,0
66105000,1.38683,1.38683,1.38683,1.38683,0,1.38696,1.38696,1.38696,1.38696,0
66106000,1.38684,1.38684,1.38684,1.38684,0,1.38695,1.38695,1.38695,1.38695,0
66112000,1.38683,1.38683,1.38683,1.38683,0,1.38696,1.38696,1.38696,1.38696,0
66113000,1.38684,1.38684,1.38684,1.38684,0,1.38695,1.38695,1.38695,1.38695,0
66121000,1.38684,1.38684,1.38684,1.38684,0,1.38696,1.38696,1.38696,1.38696,0
66169000,1.38684,1.38684,1.38681,1.38681,0,1.38695,1.38695,1.38691,1.38691,0
66178000,1.38680,1.38680,1.38680,1.38680,0,1.38691,1.38691,1.38691,1.38691,0
66181000,1.38679,1.38680,1.38679,1.38680,0,1.38692,1.38692,1.38692,1.38692,0
66188000,1.38681,1.38681,1.38680,1.38680,0,1.38691,1.38692,1.38691,1.38692,0
66189000,1.38681,1.38681,1.38680,1.38680,0,1.38691,1.38692,1.38691,1.38692,0
66201000,1.38681,1.38681,1.38681,1.38681,0,1.38691,1.38691,1.38691,1.38691,0
66220000,1.38681,1.38681,1.38676,1.38676,0,1.38690,1.38691,1.38689,1.38689,0
66221000,1.38674,1.38674,1.38672,1.38674,0,1.38689,1.38689,1.38683,1.38683,0
66222000,1.38673,1.38673,1.38673,1.38673,0,1.38683,1.38683,1.38683,1.38683,0
66232000,1.38674,1.38674,1.38674,1.38674,0,1.38683,1.38683,1.38683,1.38683,0
66234000,1.38673,1.38673,1.38673,1.38673,0,1.38684,1.38684,1.38684,1.38684,0
66261000,1.38675,1.38675,1.38675,1.38675,0,1.38683,1.38683,1.38683,1.38683,0
66277000,1.38674,1.38674,1.38674,1.38674,0,1.38686,1.38686,1.38686,1.38686,0
66281000,1.38676,1.38676,1.38676,1.38676,0,1.38684,1.38684,1.38684,1.38684,0
66326000,1.38675,1.38676,1.38674,1.38676,0,1.38685,1.38686,1.38684,1.38684,0
66327000,1.38676,1.38676,1.38676,1.38676,0,1.38683,1.38683,1.38683,1.38683,0
66336000,1.38675,1.38675,1.38675,1.38675,0,1.38684,1.38684,1.38684,1.38684,0
66339000,1.38674,1.38674,1.38674,1.38674,0,1.38685,1.38685,1.38685,1.38685,0
66341000,1.38675,1.38675,1.38675,1.38675,0,1.38684,1.38684,1.38684,1.38684,0
66344000,1.38674,1.38674,1.38674,1.38674,0,1.38685,1.38685,1.38685,1.38685,0
66350000,1.38675,1.38675,1.38675,1.38675,0,1.38684,1.38684,1.38684,1.38684,0
66362000,1.38674,1.38674,1.38674,1.38674,0,1.38685,1.38685,1.38685,1.38685,0
66400000,1.38674,1.38674,1.38674,1.38674,0,1.38683,1.38683,1.38683,1.38683,0
66406000,1.38672,1.38672,1.38672,1.38672,0,1.38686,1.38686,1.38686,1.38686,0
66410000,1.38673,1.38673,1.38673,1.38673,0,1.38684,1.38684,1.38684,1.38684,0
66425000,1.38672,1.38672,1.38672,1.38672,0,1.38685,1.38685,1.38685,1.38685,0
66432000,1.38674,1.38674,1.38674,1.38674,0,1.38685,1.38685,1.38685,1.38685,0
66438000,1.38673,1.38673,1.38673,1.38673,0,1.38685,1.38685,1.38685,1.38685,0
66451000,1.38674,1.38674,1.38674,1.38674,0,1.38684,1.38684,1.38684,1.38684,0
66457000,1.38675,1.38675,1.38675,1.38675,0,1.38683,1.38683,1.38683,1.38683,0
66508000,1.38674,1.38674,1.38674,1.38674,0,1.38684,1.38684,1.38684,1.38684,0
66522000,1.38674,1.38674,1.38674,1.38674,0,1.38683,1.38683,1.38683,1.38683,0
66556000,1.38674,1.38674,1.38674,1.38674,0,1.38682,1.38682,1.38682,1.38682,0
66605000,1.38674,1.38674,1.38674,1.38674,0,1.38684,1.38684,1.38684,1.38684,0
66629000,1.38675,1.38675,1.38675,1.38675,0,1.38683,1.38683,1.38683,1.38683,0
66636000,1.38675,1.38675,1.38675,1.38675,0,1.38684,1.38684,1.38684,1.38684,0
66644000,1.38676,1.38676,1.38676,1.38676,0,1.38684,1.38684,1.38684,1.38684,0
66647000,1.38675,1.38676,1.38675,1.38676,0,1.38687,1.38690,1.38687,1.38690,0
66648000,1.38675,1.38676,1.38675,1.38675,0,1.38688,1.38688,1.38685,1.38685,0
66649000,1.38675,1.38675,1.38675,1.38675,0,1.38686,1.38686,1.38686,1.38686,0
66654000,1.38675,1.38675,1.38675,1.38675,0,1.38685,1.38685,1.38685,1.38685,0
66655000,1.38676,1.38676,1.38675,1.38676,0,1.38687,1.38688,1.38687,1.38688,0
66656000,1.38677,1.38677,1.38677,1.38677,0,1.38688,1.38688,1.38688,1.38688,0
66660000,1.38680,1.38680,1.38680,1.38680,0,1.38688,1.38688,1.38688,1.38688,0
66661000,1.38679,1.38679,1.38679,1.38679,0,1.38689,1.38689,1.38689,1.38689,0
66691000,1.38675,1.38675,1.38672,1.38674,0,1.38688,1.38688,1.38683,1.38683,0
66737000,1.38673,1.38673,1.38673,1.38673,0,1.38683,1.38683,1.38683,1.38683,0
66738000,1.38674,1.38674,1.38673,1.38674,0,1.38683,1.38684,1.38682,1.38682,0
66775000,1.38673,1.38673,1.38673,1.38673,0,1.38683,1.38683,1.38683,1.38683,0
66783000,1.38672,1.38672,1.38670,1.38670,0,1.38683,1.38683,1.38681,1.38681,0
66784000,1.38668,1.38668,1.38668,1.38668,0,1.38679,1.38679,1.38678,1.38678,0
66785000,1.38669,1.38669,1.38669,1.38669,0,1.38677,1.38677,1.38677,1.38677,0
66808000,1.38667,1.38667,1.38667,1.38667,0,1.38677,1.38677,1.38677,1.38677,0
66823000,1.38667,1.38667,1.38660,1.38660,0,1.38679,1.38679,1.38672,1.38672,0
66824000,1.38662,1.38662,1.38662,1.38662,0,1.38672,1.38672,1.38672,1.38672,0
66843000,1.38662,1.38662,1.38662,1.38662,0,1.38673,1.38673,1.38673,1.38673,0
66869000,1.38660,1.38660,1.38660,1.38660,0,1.38673,1.38673,1.38673,1.38673,0
66871000,1.38662,1.38662,1.38660,1.38660,0,1.38672,1.38673,1.38672,1.38673,0
66872000,1.38662,1.38662,1.38662,1.38662,0,1.38672,1.38672,1.38672,1.38672,0
66874000,1.38661,1.38661,1.38661,1.38661,0,1.38673,1.38673,1.38673,1.38673,0
66876000,1.38662,1.38662,1.38662,1.38662,0,1.38672,1.38673,1.38672,1.38673,0
66877000,1.38663,1.38663,1.38663,1.38663,0,1.38672,1.38672,1.38672,1.38672,0
66880000,1.38665,1.38665,1.38662,1.38662,0,1.38676,1.38677,1.38675,1.38675,0
66886000,1.38663,1.38663,1.38663,1.38663,0,1.38672,1.38672,1.38672,1.38672,0
66911000,1.38663,1.38663,1.38663,1.38663,0,1.38673,1.38673,1.38673,1.38673,0
66915000,1.38664,1.38664,1.38662,1.38662,0,1.38673,1.38673,1.38673,1.38673,0
66919000,1.38663,1.38663,1.38663,1.38663,0,1.38672,1.38672,1.38672,1.38672,0
66922000,1.38662,1.38662,1.38662,1.38662,0,1.38672,1.38672,1.38672,1.38672,0
66937000,1.38663,1.38663,1.38663,1.38663,0,1.38672,1.38672,1.38672,1.38672,0
66942000,1.38662,1.38662,1.38662,1.38662,0,1.38673,1.38673,1.38673,1.38673,0
66949000,1.38659,1.38659,1.38659,1.38659,0,1.38670,1.38670,1.38670,1.38670,0
66955000,1.38660,1.38660,1.38660,1.38660,0,1.38670,1.38670,1.38670,1.38670,0
66989000,1.38661,1.38662,1.38661,1.38662,0,1.38673,1.38673,1.38672,1.38672,0
67000000,1.38661,1.38661,1.38661,1.38661,0,1.38672,1.38672,1.38672,1.38672,0
67008000,1.38661,1.38662,1.38661,1.38662,0,1.38674,1.38674,1.38672,1.38672,0
67031000,1.38662,1.38662,1.38662,1.38662,0,1.38673,1.38673,1.38673,1.38673,0
67035000,1.38663,1.38663,1.38663,1.38663,0,1.38672,1.38672,1.38672,1.38672,0
67037000,1.38664,1.38664,1.38664,1.38664,0,1.38672,1.38672,1.38672,1.38672,0
67043000,1.38663,1.38663,1.38663,1.38663,0,1.38673,1.38673,1.38673,1.38673,0
67047000,1.38664,1.38664,1.38664,1.38664,0,1.38673,1.38673,1.38673,1.38673,0
67048000,1.38663,1.38663,1.38663,1.38663,0,1.38673,1.38673,1.38673,1.38673,0
67057000,1.38662,1.38662,1.38662,1.38662,0,1.38673,1.38673,1.38673,1.38673,0
67066000,1.38664,1.38664,1.38664,1.38664,0,1.38675,1.38675,1.38675,1.38675,0
67088000,1.38664,1.38664,1.38664,1.38664,0,1.38676,1.38676,1.38676,1.38676,0
67091000,1.38665,1.38665,1.38665,1.38665,0,1.38675,1.38675,1.38675,1.38675,0
67118000,1.38664,1.38664,1.38664,1.38664,0,1.38676,1.38676,1.38676,1.38676,0
67121000,1.38664,1.38664,1.38664,1.38664,0,1.38675,1.38675,1.38675,1.38675,0
67128000,1.38664,1.38664,1.38664,1.38664,0,1.38676,1.38676,1.38676,1.38676,0
67148000,1.38666,1.38666,1.38666,1.38666,0,1.38675,1.38675,1.38675,1.38675,0
67151000,1.38665,1.38665,1.38665,1.38665,0,1.38676,1.38676,1.38676,1.38676,0
67154000,1.38665,1.38665,1.38665,1.38665,0,1.38675,1.38675,1.38675,1.38675,0
67157000,1.38664,1.38664,1.38664,1.38664,0,1.38676,1.38676,1.38676,1.38676,0
67162000,1.38664,1.38664,1.38664,1.38664,0,1.38675,1.38675,1.38675,1.38675,0
67186000,1.38663,1.38663,1.38663,1.38663,0,1.38675,1.38675,1.38675,1.38675,0
67192000,1.38664,1.38664,1.38664,1.38664,0,1.38674,1.38674,1.38674,1.38674,0
67194000,1.38663,1.38663,1.38663,1.38663,0,1.38675,1.38675,1.38675,1.38675,0
67198000,1.38664,1.38664,1.38664,1.38664,0,1.38674,1.38674,1.38674,1.38674,0
67200000,1.38663,1.38663,1.38663,1.38663,0,1.38674,1.38674,1.38674,1.38674,0
67219000,1.38664,1.38664,1.38663,1.38663,0,1.38673,1.38674,1.38673,1.38674,0
67220000,1.38664,1.38664,1.38663,1.38663,0,1.38673,1.38674,1.38673,1.38674,0
67223000,1.38663,1.38663,1.38663,1.38663,0,1.38673,1.38673,1.38673,1.38673,0
67235000,1.38662,1.38664,1.38662,1.38664,0,1.38673,1.38676,1.38673,1.38675,0
67262000,1.38663,1.38663,1.38663,1.38663,0,1.38675,1.38675,1.38675,1.38675,0
67295000,1.38665,1.38665,1.38665,1.38665,0,1.38675,1.38675,1.38675,1.38675,0
67305000,1.38665,1.38667,1.38665,1.38667,0,1.38677,1.38679,1.38677,1.38678,0
67306000,1.38666,1.38666,1.38666,1.38666,0,1.38678,1.38678,1.38678,1.38678,0
67308000,1.38667,1.38667,1.38667,1.38667,0,1.38677,1.38677,1.38677,1.38677,0
67344000,1.38667,1.38667,1.38667,1.38667,0,1.38680,1.38680,1.38680,1.38680,0
67345000,1.38669,1.38669,1.38669,1.38669,0,1.38679,1.38681,1.38679,1.38681,0
67347000,1.38670,1.38670,1.38670,1.38670,0,1.38681,1.38681,1.38681,1.38681,0
67350000,1.38671,1.38671,1.38671,1.38671,0,1.38681,1.38681,1.38681,1.38681,0
67351000,1.38670,1.38670,1.38670,1.38670,0,1.38682,1.38682,1.38682,1.38682,0
67354000,1.38671,1.38671,1.38671,1.38671,0,1.38681,1.38681,1.38681,1.38681,0
67357000,1.38669,1.38671,1.38669,1.38671,0,1.38680,1.38681,1.38680,1.38681,0
67359000,1.38670,1.38670,1.38670,1.38670,0,1.38681,1.38681,1.38681,1.38681,0
67380000,1.38669,1.38669,1.38666,1.38666,0,1.38681,1.38681,1.38679,1.38679,0
67381000,1.38663,1.38664,1.38663,1.38664,0,1.38676,1.38676,1.38675,1.38675,0
67399000,1.38666,1.38666,1.38666,1.38666,0,1.38677,1.38677,1.38677,1.38677,0
67407000,1.38669,1.38670,1.38669,1.38670,0,1.38680,1.38680,1.38680,1.38680,0
67410000,1.38670,1.38670,1.38670,1.38670,0,1.38679,1.38679,1.38679,1.38679,0
67413000,1.38669,1.38669,1.38669,1.38669,0,1.38680,1.38680,1.38680,1.38680,0
67425000,1.38666,1.38666,1.38663,1.38664,0,1.38679,1.38680,1.38676,1.38676,0
67430000,1.38664,1.38664,1.38664,1.38664,0,1.38675,1.38675,1.38675,1.38675,0
67441000,1.38663,1.38663,1.38663,1.38663,0,1.38675,1.38675,1.38675,1.38675,0
67492000,1.38664,1.38664,1.38664,1.38664,0,1.38675,1.38675,1.38675,1.38675,0
67501000,1.38664,1.38664,1.38663,1.38663,0,1.38673,1.38674,1.38673,1.38674,0
67505000,1.38664,1.38664,1.38664,1.38664,0,1.38674,1.38674,1.38674,1.38674,0
67510000,1.38663,1.38663,1.38663,1.38663,0,1.38675,1.38675,1.38675,1.38675,0
67527000,1.38664,1.38664,1.38664,1.38664,0,1.38674,1.38674,1.38674,1.38674,0
67529000,1.38661,1.38661,1.38657,1.38657,0,1.38675,1.38675,1.38668,1.38670,0
67531000,1.38659,1.38659,1.38659,1.38659,0,1.38669,1.38669,1.38669,1.38669,0
67533000,1.38658,1.38658,1.38658,1.38658,0,1.38670,1.38670,1.38670,1.38670,0
67535000,1.38659,1.38659,1.38659,1.38659,0,1.38669,1.38669,1.38669,1.38669,0
67536000,1.38656,1.38656,1.38652,1.38652,0,1.38667,1.38667,1.38665,1.38665,0
67537000,1.38652,1.38652,1.38652,1.38652,0,1.38663,1.38663,1.38662,1.38662,0
67538000,1.38652,1.38652,1.38652,1.38652,0,1.38663,1.38663,1.38663,1.38663,0
67543000,1.38651,1.38651,1.38651,1.38651,0,1.38663,1.38663,1.38663,1.38663,0
67548000,1.38652,1.38652,1.38652,1.38652,0,1.38663,1.38663,1.38663,1.38663,0
67554000,1.38652,1.38652,1.38652,1.38652,0,1.38664,1.38664,1.38664,1.38664,0
67560000,1.38653,1.38655,1.38653,1.38655,0,1.38664,1.38665,1.38664,1.38665,0
67565000,1.38654,1.38654,1.38654,1.38654,0,1.38666,1.38666,1.38666,1.38666,0
67578000,1.38654,1.38654,1.38654,1.38654,0,1.38665,1.38665,1.38665,1.38665,0
67679000,1.38655,1.38655,1.38655,1.38655,0,1.38664,1.38664,1.38664,1.38664,0
67681000,1.38653,1.38653,1.38653,1.38653,0,1.38664,1.38664,1.38664,1.38664,0
67699000,1.38652,1.38652,1.38652,1.38652,0,1.38664,1.38664,1.38664,1.38664,0
67705000,1.38649,1.38650,1.38649,1.38650,0,1.38662,1.38664,1.38662,1.38664,0
67716000,1.38649,1.38649,1.38649,1.38649,0,1.38662,1.38662,1.38661,1.38661,0
67724000,1.38649,1.38649,1.38649,1.38649,0,1.38662,1.38662,1.38662,1.38662,0
67725000,1.38648,1.38650,1.38648,1.38650,0,1.38663,1.38664,1.38663,1.38664,0
67726000,1.38652,1.38653,1.38650,1.38650,0,1.38665,1.38665,1.38661,1.38661,0
67727000,1.38650,1.38650,1.38650,1.38650,0,1.38662,1.38662,1.38662,1.38662,0
67729000,1.38650,1.38651,1.38650,1.38651,0,1.38660,1.38662,1.38660,1.38662,0
67730000,1.38651,1.38652,1.38651,1.38652,0,1.38661,1.38665,1.38661,1.38665,0
67751000,1.38653,1.38653,1.38651,1.38651,0,1.38663,1.38663,1.38662,1.38663,0
67752000,1.38651,1.38651,1.38651,1.38651,0,1.38661,1.38661,1.38661,1.38661,0
67755000,1.38649,1.38649,1.38647,1.38649,0,1.38660,1.38660,1.38657,1.38660,0
67760000,1.38649,1.38649,1.38649,1.38649,0,1.38659,1.38659,1.38659,1.38659,0
67761000,1.38648,1.38648,1.38647,1.38647,0,1.38660,1.38660,1.38658,1.38658,0
67763000,1.38648,1.38648,1.38648,1.38648,0,1.38657,1.38659,1.38657,1.38659,0
67766000,1.38648,1.38648,1.38648,1.38648,0,1.38657,1.38659,1.38657,1.38659,0
67767000,1.38650,1.38650,1.38650,1.38650,0,1.38660,1.38660,1.38660,1.38660,0
67768000,1.38649,1.38649,1.38649,1.38649,0,1.38661,1.38662,1.38661,1.38662,0
67769000,1.38650,1.38650,1.38650,1.38650,0,1.38661,1.38661,1.38661,1.38661,0
67797000,1.38648,1.38648,1.38642,1.38642,0,1.38659,1.38660,1.38654,1.38654,0
67798000,1.38644,1.38646,1.38644,1.38646,0,1.38655,1.38658,1.38655,1.38658,0
67801000,1.38648,1.38648,1.38648,1.38648,0,1.38660,1.38660,1.38659,1.38660,0
67805000,1.38650,1.38650,1.38650,1.38650,0,1.38660,1.38660,1.38660,1.38660,0
67808000,1.38652,1.38652,1.38652,1.38652,0,1.38661,1.38661,1.38661,1.38661,0
67820000,1.38651,1.38651,1.38651,1.38651,0,1.38661,1.38661,1.38661,1.38661,0
67828000,1.38650,1.38650,1.38650,1.38650,0,1.38662,1.38662,1.38662,1.38662,0
67838000,1.38651,1.38651,1.38651,1.38651,0,1.38661,1.38661,1.38661,1.38661,0
67845000,1.38649,1.38649,1.38645,1.38645,0,1.38660,1.38660,1.38655,1.38656,0
67847000,1.38645,1.38645,1.38645,1.38645,0,1.38655,1.38655,1.38655,1.38655,0
67850000,1.38644,1.38646,1.38643,1.38643,0,1.38656,1.38658,1.38654,1.38654,0
67851000,1.38642,1.38642,1.38642,1.38642,0,1.38655,1.38655,1.38655,1.38655,0
67852000,1.38643,1.38643,1.38642,1.38642,0,1.38652,1.38653,1.38652,1.38653,0
67856000,1.38642,1.38642,1.38642,1.38642,0,1.38652,1.38652,1.38652,1.38652,0
67881000,1.38643,1.38643,1.38643,1.38643,0,1.38655,1.38655,1.38655,1.38655,0
67883000,1.38645,1.38645,1.38645,1.38645,0,1.38655,1.38655,1.38655,1.38655,0
67902000,1.38644,1.38644,1.38644,1.38644,0,1.38656,1.38656,1.38654,1.38654,0
67904000,1.38644,1.38644,1.38644,1.38644,0,1.38656,1.38656,1.38655,1.38655,0
67912000,1.38645,1.38645,1.38645,1.38645,0,1.38655,1.38655,1.38655,1.38655,0
67914000,1.38644,1.38644,1.38644,1.38644,0,1.38655,1.38655,1.38655,1.38655,0
67940000,1.38644,1.38644,1.38644,1.38644,0,1.38656,1.38656,1.38656,1.38656,0
67943000,1.38646,1.38646,1.38646,1.38646,0,1.38658,1.38658,1.38658,1.38658,0
67944000,1.38647,1.38647,1.38647,1.38647,0,1.38656,1.38656,1.38656,1.38656,0
67945000,1.38646,1.38646,1.38646,1.38646,0,1.38657,1.38657,1.38657,1.38657,0
67963000,1.38647,1.38647,1.38647,1.38647,0,1.38657,1.38660,1.38657,1.38660,0
67964000,1.38647,1.38647,1.38647,1.38647,0,1.38659,1.38659,1.38658,1.38658,0
67965000,1.38647,1.38648,1.38647,1.38648,0,1.38659,1.38660,1.38657,1.38660,0
67967000,1.38649,1.38649,1.38647,1.38647,0,1.38659,1.38659,1.38659,1.38659,0
67986000,1.38649,1.38649,1.38649,1.38649,0,1.38659,1.38659,1.38659,1.38659,0
67988000,1.38648,1.38648,1.38648,1.38648,0,1.38659,1.38659,1.38659,1.38659,0
67999000,1.38646,1.38646,1.38646,1.38646,0,1.38656,1.38656,1.38656,1.38656,0
68003000,1.38646,1.38646,1.38645,1.38645,0,1.38657,1.38657,1.38656,1.38656,0
68015000,1.38644,1.38644,1.38644,1.38644,0,1.38658,1.38658,1.38658,1.38658,0
68022000,1.38645,1.38645,1.38645,1.38645,0,1.38657,1.38657,1.38657,1.38657,0
68025000,1.38645,1.38645,1.38645,1.38645,0,1.38656,1.38656,1.38656,1.38656,0
68026000,1.38645,1.38646,1.38645,1.38646,0,1.38657,1.38657,1.38656,1.38656,0
68027000,1.38644,1.38644,1.38644,1.38644,0,1.38657,1.38657,1.38657,1.38657,0
68033000,1.38644,1.38644,1.38644,1.38644,0,1.38656,1.38656,1.38655,1.38655,0
68038000,1.38645,1.38645,1.38645,1.38645,0,1.38654,1.38654,1.38654,1.38654,0
68041000,1.38644,1.38644,1.38644,1.38644,0,1.38656,1.38656,1.38656,1.38656,0
68053000,1.38645,1.38645,1.38645,1.38645,0,1.38654,1.38654,1.38654,1.38654,0
68071000,1.38644,1.38644,1.38644,1.38644,0,1.38655,1.38655,1.38655,1.38655,0
68077000,1.38642,1.38642,1.38642,1.38642,0,1.38653,1.38653,1.38653,1.38653,0
68080000,1.38640,1.38640,1.38640,1.38640,0,1.38654,1.38654,1.38654,1.38654,0
68083000,1.38641,1.38641,1.38641,1.38641,0,1.38653,1.38653,1.38653,1.38653,0
68087000,1.38640,1.38641,1.38640,1.38641,0,1.38654,1.38654,1.38653,1.38653,0
68094000,1.38640,1.38641,1.38640,1.38641,0,1.38654,1.38654,1.38653,1.38653,0
68096000,1.38640,1.38640,1.38640,1.38640,0,1.38654,1.38654,1.38654,1.38654,0
68100000,1.38642,1.38642,1.38642,1.38642,0,1.38653,1.38653,1.38653,1.38653,0
68117000,1.38642,1.38642,1.38642,1.38642,0,1.38654,1.38654,1.38654,1.38654,0
68118000,1.38642,1.38642,1.38642,1.38642,0,1.38653,1.38653,1.38653,1.38653,0
68142000,1.38642,1.38642,1.38642,1.38642,0,1.38654,1.38654,1.38654,1.38654,0
68218000,1.38640,1.38643,1.38640,1.38642,0,1.38652,1.38655,1.38652,1.38655,0
68230000,1.38643,1.38643,1.38643,1.38643,0,1.38654,1.38654,1.38654,1.38654,0
68244000,1.38642,1.38642,1.38642,1.38642,0,1.38654,1.38654,1.38654,1.38654,0
68246000,1.38643,1.38643,1.38643,1.38643,0,1.38654,1.38654,1.38654,1.38654,0
68252000,1.38642,1.38642,1.38642,1.38642,0,1.38654,1.38654,1.38654,1.38654,0
68272000,1.38642,1.38642,1.38642,1.38642,0,1.38653,1.38653,1.38653,1.38653,0
68280000,1.38641,1.38642,1.38641,1.38642,0,1.38654,1.38654,1.38653,1.38653,0
68282000,1.38641,1.38641,1.38641,1.38641,0,1.38654,1.38654,1.38654,1.38654,0
68283000,1.38642,1.38642,1.38642,1.38642,0,1.38653,1.38653,1.38653,1.38653,0
68297000,1.38639,1.38640,1.38639,1.38640,0,1.38652,1.38652,1.38651,1.38652,0
68305000,1.38640,1.38640,1.38640,1.38640,0,1.38651,1.38651,1.38651,1.38651,0
68307000,1.38640,1.38640,1.38640,1.38640,0,1.38652,1.38652,1.38652,1.38652,0
68378000,1.38642,1.38642,1.38642,1.38642,0,1.38654,1.38654,1.38654,1.38654,0
68385000,1.38642,1.38642,1.38641,1.38641,0,1.38652,1.38653,1.38652,1.38653,0
68386000,1.38642,1.38642,1.38642,1.38642,0,1.38653,1.38653,1.38653,1.38653,0
68389000,1.38643,1.38643,1.38643,1.38643,0,1.38653,1.38653,1.38653,1.38653,0
68391000,1.38643,1.38643,1.38643,1.38643,0,1.38654,1.38654,1.38654,1.38654,0
68395000,1.38642,1.38642,1.38642,1.38642,0,1.38654,1.38654,1.38654,1.38654,0
68397000,1.38639,1.38641,1.38639,1.38640,0,1.38651,1.38653,1.38651,1.38651,0
68400000,1.38643,1.38646,1.38643,1.38645,0,1.38654,1.38658,1.38654,1.38656,0
68403000,1.38643,1.38643,1.38643,1.38643,0,1.38654,1.38654,1.38654,1.38654,0
68408000,1.38641,1.38642,1.38641,1.38642,0,1.38652,1.38652,1.38652,1.38652,0
68409000,1.38640,1.38640,1.38640,1.38640,0,1.38652,1.38652,1.38651,1.38651,0
68410000,1.38641,1.38641,1.38641,1.38641,0,1.38653,1.38653,1.38653,1.38653,0
68413000,1.38642,1.38642,1.38642,1.38642,0,1.38652,1.38652,1.38652,1.38652,0
68414000,1.38642,1.38642,1.38642,1.38642,0,1.38654,1.38654,1.38654,1.38654,0
68455000,1.38641,1.38641,1.38641,1.38641,0,1.38654,1.38654,1.38654,1.38654,0
68461000,1.38642,1.38642,1.38642,1.38642,0,1.38654,1.38654,1.38654,1.38654,0
68467000,1.38643,1.38643,1.38642,1.38642,0,1.38653,1.38655,1.38653,1.38655,0
68474000,1.38642,1.38642,1.38642,1.38642,0,1.38653,1.38653,1.38653,1.38653,0
68475000,1.38641,1.38641,1.38641,1.38641,0,1.38654,1.38654,1.38654,1.38654,0
68482000,1.38642,1.38642,1.38642,1.38642,0,1.38653,1.38653,1.38653,1.38653,0
68483000,1.38641,1.38641,1.38641,1.38641,0,1.38654,1.38654,1.38654,1.38654,0
68498000,1.38643,1.38643,1.38643,1.38643,0,1.38655,1.38657,1.38655,1.38657,0
68503000,1.38642,1.38642,1.38639,1.38640,0,1.38655,1.38655,1.38652,1.38654,0
68504000,1.38641,1.38643,1.38641,1.38643,0,1.38653,1.38653,1.38653,1.38653,0
68506000,1.38642,1.38642,1.38642,1.38642,0,1.38654,1.38654,1.38654,1.38654,0
68507000,1.38643,1.38643,1.38643,1.38643,0,1.38654,1.38654,1.38654,1.38654,0
68520000,1.38642,1.38642,1.38642,1.38642,0,1.38656,1.38656,1.38656,1.38656,0
68524000,1.38644,1.38644,1.38644,1.38644,0,1.38656,1.38656,1.38656,1.38656,0
68569000,1.38644,1.38644,1.38644,1.38644,0,1.38655,1.38655,1.38655,1.38655,0
68575000,1.38646,1.38646,1.38646,1.38646,0,1.38657,1.38657,1.38657,1.38657,0
68585000,1.38646,1.38646,1.38646,1.38646,0,1.38656,1.38656,1.38656,1.38656,0
68586000,1.38645,1.38645,1.38645,1.38645,0,1.38657,1.38657,1.38657,1.38657,0
68598000,1.38647,1.38647,1.38647,1.38647,0,1.38656,1.38656,1.38656,1.38656,0
68607000,1.38646,1.38646,1.38646,1.38646,0,1.38656,1.38656,1.38656,1.38656,0
68613000,1.38647,1.38647,1.38646,1.38646,0,1.38656,1.38657,1.38656,1.38657,0
68614000,1.38647,1.38647,1.38647,1.38647,0,1.38656,1.38656,1.38656,1.38656,0
68615000,1.38646,1.38646,1.38646,1.38646,0,1.38657,1.38657,1.38657,1.38657,0
68616000,1.38647,1.38647,1.38647,1.38647,0,1.38656,1.38656,1.38656,1.38656,0
68618000,1.38646,1.38646,1.38646,1.38646,0,1.38657,1.38659,1.38657,1.38659,0
68629000,1.38647,1.38647,1.38647,1.38647,0,1.38658,1.38658,1.38658,1.38658,0
68631000,1.38647,1.38647,1.38647,1.38647,0,1.38659,1.38659,1.38659,1.38659,0
68632000,1.38647,1.38647,1.38647,1.38647,0,1.38658,1.38659,1.38658,1.38658,0
68633000,1.38647,1.38647,1.38647,1.38647,0,1.38659,1.38659,1.38659,1.38659,0
68641000,1.38649,1.38649,1.38648,1.38648,0,1.38659,1.38660,1.38659,1.38660,0
68642000,1.38649,1.38649,1.38649,1.38649,0,1.38660,1.38660,1.38660,1.38660,0
68643000,1.38651,1.38651,1.38650,1.38650,0,1.38660,1.38661,1.38660,1.38661,0
68663000,1.38653,1.38653,1.38653,1.38653,0,1.38663,1.38663,1.38663,1.38663,0
68665000,1.38652,1.38652,1.38652,1.38652,0,1.38663,1.38663,1.38663,1.38663,0
68667000,1.38653,1.38653,1.38653,1.38653,0,1.38663,1.38663,1.38663,1.38663,0
68672000,1.38653,1.38653,1.38653,1.38653,0,1.38662,1.38662,1.38662,1.38662,0
68675000,1.38653,1.38653,1.38653,1.38653,0,1.38664,1.38664,1.38664,1.38664,0
68703000,1.38651,1.38651,1.38651,1.38651,0,1.38663,1.38663,1.38663,1.38663,0
68704000,1.38652,1.38652,1.38652,1.38652,0,1.38663,1.38663,1.38663,1.38663,0
68712000,1.38653,1.38653,1.38652,1.38652,0,1.38662,1.38663,1.38662,1.38663,0
68714000,1.38652,1.38652,1.38652,1.38652,0,1.38664,1.38664,1.38664,1.38664,0
68740000,1.38652,1.38652,1.38652,1.38652,0,1.38662,1.38662,1.38662,1.38662,0
68767000,1.38651,1.38651,1.38651,1.38651,0,1.38662,1.38662,1.38662,1.38662,0
68773000,1.38651,1.38651,1.38651,1.38651,0,1.38661,1.38661,1.38661,1.38661,0
68780000,1.38649,1.38649,1.38643,1.38644,0,1.38661,1.38661,1.38656,1.38656,0
68781000,1.38645,1.38645,1.38645,1.38645,0,1.38656,1.38656,1.38656,1.38656,0
68784000,1.38645,1.38645,1.38645,1.38645,0,1.38655,1.38655,1.38655,1.38655,0
68796000,1.38646,1.38646,1.38646,1.38646,0,1.38655,1.38655,1.38655,1.38655,0
68801000,1.38645,1.38645,1.38645,1.38645,0,1.38656,1.38656,1.38656,1.38656,0
68804000,1.38645,1.38645,1.38645,1.38645,0,1.38657,1.38657,1.38657,1.38657,0
68807000,1.38647,1.38647,1.38647,1.38647,0,1.38658,1.38658,1.38658,1.38658,0
68828000,1.38648,1.38648,1.38648,1.38648,0,1.38657,1.38657,1.38657,1.38657,0
68842000,1.38646,1.38648,1.38646,1.38648,0,1.38657,1.38660,1.38656,1.38660,0
68853000,1.38649,1.38649,1.38649,1.38649,0,1.38660,1.38660,1.38660,1.38660,0
68882000,1.38650,1.38650,1.38650,1.38650,0,1.38660,1.38660,1.38660,1.38660,0
68909000,1.38649,1.38649,1.38649,1.38649,0,1.38661,1.38661,1.38661,1.38661,0
68910000,1.38649,1.38649,1.38649,1.38649,0,1.38659,1.38661,1.38659,1.38661,0
68911000,1.38650,1.38650,1.38650,1.38650,0,1.38661,1.38661,1.38661,1.38661,0
68917000,1.38649,1.38649,1.38649,1.38649,0,1.38661,1.38661,1.38661,1.38661,0
68918000,1.38650,1.38650,1.38650,1.38650,0,1.38659,1.38659,1.38659,1.38659,0
68925000,1.38649,1.38649,1.38644,1.38644,0,1.38659,1.38659,1.38655,1.38655,0
68937000,1.38642,1.38642,1.38642,1.38642,0,1.38654,1.38654,1.38654,1.38654,0
68940000,1.38643,1.38643,1.38643,1.38643,0,1.38652,1.38652,1.38652,1.38652,0
68949000,1.38641,1.38643,1.38641,1.38642,0,1.38652,1.38653,1.38652,1.38653,0
68951000,1.38643,1.38643,1.38643,1.38643,0,1.38652,1.38652,1.38652,1.38652,0
68959000,1.38642,1.38642,1.38642,1.38642,0,1.38652,1.38652,1.38652,1.38652,0
68975000,1.38643,1.38643,1.38643,1.38643,0,1.38654,1.38654,1.38654,1.38654,0
69004000,1.38643,1.38643,1.38643,1.38643,0,1.38653,1.38653,1.38653,1.38653,0
69034000,1.38642,1.38642,1.38642,1.38642,0,1.38654,1.38654,1.38654,1.38654,0
69036000,1.38643,1.38643,1.38643,1.38643,0,1.38653,1.38653,1.38653,1.38653,0
69047000,1.38643,1.38643,1.38643,1.38643,0,1.38655,1.38655,1.38655,1.38655,0
69048000,1.38643,1.38643,1.38643,1.38643,0,1.38653,1.38653,1.38653,1.38653,0
69049000,1.38642,1.38642,1.38642,1.38642,0,1.38654,1.38654,1.38654,1.38654,0
69052000,1.38643,1.38643,1.38643,1.38643,0,1.38653,1.38653,1.38653,1.38653,0
69069000,1.38642,1.38643,1.38642,1.38643,0,1.38653,1.38653,1.38652,1.38652,0
69110000,1.38642,1.38643,1.38642,1.38643,0,1.38654,1.38654,1.38654,1.38654,0
69113000,1.38644,1.38644,1.38643,1.38643,0,1.38653,1.38654,1.38653,1.38654,0
69114000,1.38643,1.38643,1.38643,1.38643,0,1.38652,1.38652,1.38652,1.38652,0
69117000,1.38640,1.38640,1.38640,1.38640,0,1.38652,1.38652,1.38652,1.38652,0
69264000,1.38642,1.38642,1.38642,1.38642,0,1.38654,1.38654,1.38654,1.38654,0
69280000,1.38642,1.38642,1.38642,1.38642,0,1.38652,1.38652,1.38652,1.38652,0
69286000,1.38642,1.38642,1.38642,1.38642,0,1.38654,1.38654,1.38654,1.38654,0
69300000,1.38642,1.38642,1.38642,1.38642,0,1.38652,1.38652,1.38652,1.38652,0
69349000,1.38641,1.38641,1.38641,1.38641,0,1.38653,1.38653,1.38653,1.38653,0
69351000,1.38642,1.38642,1.38642,1.38642,0,1.38652,1.38652,1.38652,1.38652,0
69353000,1.38641,1.38641,1.38641,1.38641,0,1.38653,1.38653,1.38653,1.38653,0
69375000,1.38644,1.38644,1.38644,1.38644,0,1.38656,1.38656,1.38656,1.38656,0
69415000,1.38644,1.38644,1.38641,1.38641,0,1.38655,1.38657,1.38654,1.38654,0
69416000,1.38642,1.38642,1.38642,1.38642,0,1.38654,1.38654,1.38654,1.38654,0
69425000,1.38644,1.38644,1.38642,1.38642,0,1.38655,1.38655,1.38654,1.38654,0
69440000,1.38642,1.38644,1.38642,1.38644,0,1.38656,1.38658,1.38656,1.38657,0
69441000,1.38644,1.38644,1.38644,1.38644,0,1.38656,1.38656,1.38655,1.38655,0
69450000,1.38646,1.38646,1.38645,1.38645,0,1.38657,1.38657,1.38657,1.38657,0
69451000,1.38646,1.38646,1.38646,1.38646,0,1.38657,1.38657,1.38657,1.38657,0
69518000,1.38644,1.38644,1.38644,1.38644,0,1.38655,1.38655,1.38655,1.38655,0
69546000,1.38647,1.38647,1.38645,1.38645,0,1.38658,1.38658,1.38655,1.38655,0
69558000,1.38645,1.38645,1.38645,1.38645,0,1.38656,1.38656,1.38656,1.38656,0
69564000,1.38643,1.38643,1.38643,1.38643,0,1.38654,1.38654,1.38653,1.38653,0
69569000,1.38644,1.38646,1.38644,1.38646,0,1.38656,1.38660,1.38656,1.38659,0
69574000,1.38647,1.38647,1.38647,1.38647,0,1.38657,1.38657,1.38657,1.38657,0
69584000,1.38645,1.38645,1.38645,1.38645,0,1.38658,1.38658,1.38658,1.38658,0
69596000,1.38647,1.38647,1.38647,1.38647,0,1.38660,1.38660,1.38657,1.38657,0
69620000,1.38647,1.38647,1.38647,1.38647,0,1.38659,1.38659,1.38659,1.38659,0
69622000,1.38647,1.38647,1.38647,1.38647,0,1.38657,1.38657,1.38657,1.38657,0
69676000,1.38646,1.38646,1.38644,1.38644,0,1.38659,1.38659,1.38655,1.38655,0
69740000,1.38645,1.38645,1.38645,1.38645,0,1.38654,1.38654,1.38654,1.38654,0
69764000,1.38644,1.38644,1.38644,1.38644,0,1.38655,1.38655,1.38655,1.38655,0
69766000,1.38645,1.38645,1.38645,1.38645,0,1.38654,1.38654,1.38654,1.38654,0
69779000,1.38644,1.38644,1.38644,1.38644,0,1.38654,1.38654,1.38654,1.38654,0
69785000,1.38644,1.38645,1.38644,1.38645,0,1.38656,1.38656,1.38656,1.38656,0
69812000,1.38645,1.38645,1.38645,1.38645,0,1.38657,1.38657,1.38657,1.38657,0
69815000,1.38645,1.38645,1.38645,1.38645,0,1.38656,1.38656,1.38656,1.38656,0
69825000,1.38645,1.38645,1.38645,1.38645,0,1.38655,1.38655,1.38655,1.38655,0
69852000,1.38642,1.38642,1.38630,1.38633,0,1.38652,1.38653,1.38648,1.38649,0
69853000,1.38637,1.38639,1.38637,1.38639,0,1.38649,1.38649,1.38648,1.38648,0
69856000,1.38636,1.38636,1.38634,1.38636,0,1.38647,1.38647,1.38645,1.38645,0
69857000,1.38635,1.38635,1.38635,1.38635,0,1.38647,1.38647,1.38646,1.38646,0
69858000,1.38637,1.38637,1.38637,1.38637,0,1.38647,1.38647,1.38647,1.38647,0
69861000,1.38637,1.38637,1.38637,1.38637,0,1.38646,1.38648,1.38646,1.38648,0
69865000,1.38639,1.38639,1.38639,1.38639,0,1.38650,1.38650,1.38650,1.38650,0
69866000,1.38640,1.38640,1.38640,1.38640,0,1.38649,1.38649,1.38649,1.38649,0
69874000,1.38638,1.38638,1.38638,1.38638,0,1.38649,1.38649,1.38649,1.38649,0
69878000,1.38639,1.38639,1.38639,1.38639,0,1.38648,1.38648,1.38648,1.38648,0
69891000,1.38638,1.38639,1.38638,1.38639,0,1.38649,1.38649,1.38649,1.38649,0
69916000,1.38639,1.38643,1.38639,1.38642,0,1.38651,1.38653,1.38651,1.38653,0
70045000,1.38641,1.38641,1.38641,1.38641,0,1.38650,1.38650,1.38650,1.38650,0
70085000,1.38640,1.38640,1.38640,1.38640,0,1.38651,1.38651,1.38651,1.38651,0
70207000,1.38642,1.38642,1.38638,1.38638,0,1.38651,1.38652,1.38649,1.38649,0
70218000,1.38641,1.38641,1.38637,1.38637,0,1.38650,1.38650,1.38648,1.38649,0
70219000,1.38635,1.38635,1.38634,1.38634,0,1.38646,1.38647,1.38644,1.38644,0
70252000,1.38634,1.38634,1.38634,1.38634,0,1.38645,1.38645,1.38645,1.38645,0
70301000,1.38635,1.38635,1.38635,1.38635,0,1.38644,1.38644,1.38644,1.38644,0
70303000,1.38634,1.38634,1.38634,1.38634,0,1.38645,1.38645,1.38645,1.38645,0
70309000,1.38635,1.38635,1.38635,1.38635,0,1.38644,1.38644,1.38644,1.38644,0
70320000,1.38634,1.38637,1.38634,1.38637,0,1.38645,1.38647,1.38645,1.38647,0
70324000,1.38639,1.38639,1.38639,1.38639,0,1.38648,1.38648,1.38648,1.38648,0
70339000,1.38639,1.38639,1.38639,1.38639,0,1.38649,1.38649,1.38649,1.38649,0
70349000,1.38639,1.38640,1.38639,1.38640,0,1.38651,1.38652,1.38651,1.38652,0
70353000,1.38640,1.38640,1.38640,1.38640,0,1.38653,1.38653,1.38652,1.38652,0
70356000,1.38643,1.38643,1.38642,1.38642,0,1.38652,1.38653,1.38652,1.38653,0
70357000,1.38643,1.38643,1.38643,1.38643,0,1.38653,1.38653,1.38653,1.38653,0
70373000,1.38643,1.38643,1.38643,1.38643,0,1.38655,1.38655,1.38655,1.38655,0
70387000,1.38644,1.38644,1.38644,1.38644,0,1.38654,1.38654,1.38654,1.38654,0
70434000,1.38645,1.38645,1.38645,1.38645,0,1.38657,1.38657,1.38657,1.38657,0
70439000,1.38644,1.38644,1.38644,1.38644,0,1.38654,1.38654,1.38654,1.38654,0
70446000,1.38644,1.38645,1.38644,1.38645,0,1.38656,1.38656,1.38655,1.38655,0
70474000,1.38646,1.38646,1.38645,1.38645,0,1.38655,1.38656,1.38655,1.38656,0
70475000,1.38645,1.38645,1.38645,1.38645,0,1.38655,1.38655,1.38655,1.38655,0
70517000,1.38645,1.38645,1.38643,1.38643,0,1.38653,1.38655,1.38653,1.38655,0
70537000,1.38644,1.38644,1.38644,1.38644,0,1.38653,1.38653,1.38653,1.38653,0
70542000,1.38643,1.38644,1.38643,1.38644,0,1.38654,1.38656,1.38654,1.38655,0
70543000,1.38644,1.38644,1.38644,1.38644,0,1.38656,1.38656,1.38655,1.38655,0
70545000,1.38642,1.38642,1.38641,1.38641,0,1.38653,1.38653,1.38653,1.38653,0
70557000,1.38639,1.38639,1.38635,1.38635,0,1.38651,1.38651,1.38646,1.38646,0
70620000,1.38636,1.38637,1.38635,1.38637,0,1.38646,1.38647,1.38646,1.38647,0
70628000,1.38639,1.38639,1.38638,1.38638,0,1.38648,1.38650,1.38648,1.38650,0
70629000,1.38639,1.38639,1.38639,1.38639,0,1.38650,1.38650,1.38650,1.38650,0
70650000,1.38638,1.38638,1.38638,1.38638,0,1.38647,1.38649,1.38647,1.38649,0
70674000,1.38638,1.38638,1.38638,1.38638,0,1.38650,1.38650,1.38650,1.38650,0
70679000,1.38639,1.38639,1.38639,1.38639,0,1.38649,1.38649,1.38649,1.38649,0
70684000,1.38638,1.38639,1.38638,1.38639,0,1.38650,1.38650,1.38650,1.38650,0
70691000,1.38637,1.38637,1.38634,1.38634,0,1.38648,1.38648,1.38646,1.38646,0
70695000,1.38637,1.38637,1.38637,1.38637,0,1.38649,1.38649,1.38649,1.38649,0
70698000,1.38638,1.38638,1.38638,1.38638,0,1.38648,1.38648,1.38648,1.38648,0
70705000,1.38640,1.38640,1.38639,1.38640,0,1.38650,1.38651,1.38650,1.38651,0
70706000,1.38641,1.38641,1.38641,1.38641,0,1.38649,1.38649,1.38649,1.38649,0
70709000,1.38640,1.38640,1.38640,1.38640,0,1.38650,1.38650,1.38650,1.38650,0
70717000,1.38640,1.38640,1.38640,1.38640,0,1.38649,1.38649,1.38649,1.38649,0
70724000,1.38640,1.38640,1.38640,1.38640,0,1.38650,1.38650,1.38650,1.38650,0
70729000,1.38640,1.38640,1.38640,1.38640,0,1.38649,1.38649,1.38649,1.38649,0
70731000,1.38641,1.38643,1.38640,1.38643,0,1.38651,1.38653,1.38651,1.38652,0
70738000,1.38645,1.38645,1.38645,1.38645,0,1.38654,1.38657,1.38654,1.38657,0
70739000,1.38646,1.38646,1.38644,1.38644,0,1.38657,1.38657,1.38656,1.38656,0
70742000,1.38643,1.38643,1.38643,1.38643,0,1.38653,1.38653,1.38653,1.38653,0
70761000,1.38642,1.38642,1.38639,1.38640,0,1.38653,1.38653,1.38651,1.38651,0
70788000,1.38640,1.38640,1.38640,1.38640,0,1.38649,1.38649,1.38649,1.38649,0
70792000,1.38639,1.38639,1.38639,1.38639,0,1.38650,1.38650,1.38650,1.38650,0
70835000,1.38639,1.38639,1.38639,1.38639,0,1.38649,1.38649,1.38649,1.38649,0
70836000,1.38639,1.38639,1.38639,1.38639,0,1.38650,1.38650,1.38650,1.38650,0
70840000,1.38640,1.38640,1.38640,1.38640,0,1.38649,1.38649,1.38649,1.38649,0
70845000,1.38640,1.38640,1.38640,1.38640,0,1.38650,1.38650,1.38650,1.38650,0
70864000,1.38640,1.38640,1.38640,1.38640,0,1.38649,1.38649,1.38649,1.38649,0
70874000,1.38640,1.38640,1.38640,1.38640,0,1.38650,1.38650,1.38650,1.38650,0
70875000,1.38641,1.38641,1.38641,1.38641,0,1.38652,1.38652,1.38651,1.38651,0
70903000,1.38639,1.38639,1.38639,1.38639,0,1.38651,1.38651,1.38651,1.38651,0
70905000,1.38640,1.38640,1.38640,1.38640,0,1.38651,1.38651,1.38651,1.38651,0
70914000,1.38638,1.38638,1.38635,1.38635,0,1.38650,1.38651,1.38648,1.38648,0
70915000,1.38634,1.38634,1.38634,1.38634,0,1.38645,1.38645,1.38645,1.38645,0
70916000,1.38635,1.38635,1.38635,1.38635,0,1.38644,1.38644,1.38644,1.38644,0
70917000,1.38634,1.38634,1.38634,1.38634,0,1.38645,1.38645,1.38645,1.38645,0
70919000,1.38635,1.38635,1.38635,1.38635,0,1.38644,1.38644,1.38644,1.38644,0
70939000,1.38634,1.38634,1.38634,1.38634,0,1.38644,1.38644,1.38644,1.38644,0
70965000,1.38635,1.38635,1.38635,1.38635,0,1.38644,1.38644,1.38644,1.38644,0
70974000,1.38634,1.38634,1.38634,1.38634,0,1.38644,1.38644,1.38644,1.38644,0
70987000,1.38635,1.38637,1.38634,1.38637,0,1.38644,1.38649,1.38644,1.38649,0
70988000,1.38639,1.38639,1.38639,1.38639,0,1.38648,1.38648,1.38648,1.38648,0
70989000,1.38638,1.38639,1.38638,1.38639,0,1.38649,1.38649,1.38648,1.38648,0
71014000,1.38639,1.38641,1.38639,1.38641,0,1.38651,1.38651,1.38651,1.38651,0
71016000,1.38642,1.38642,1.38642,1.38642,0,1.38651,1.38651,1.38651,1.38651,0
71023000,1.38641,1.38641,1.38641,1.38641,0,1.38652,1.38652,1.38652,1.38652,0
71055000,1.38639,1.38639,1.38639,1.38639,0,1.38649,1.38649,1.38649,1.38649,0
71056000,1.38640,1.38640,1.38639,1.38639,0,1.38649,1.38649,1.38649,1.38649,0
71057000,1.38637,1.38637,1.38637,1.38637,0,1.38649,1.38649,1.38647,1.38647,0
71073000,1.38639,1.38639,1.38638,1.38639,0,1.38648,1.38649,1.38648,1.38649,0
71089000,1.38637,1.38637,1.38637,1.38637,0,1.38650,1.38650,1.38650,1.38650,0
71090000,1.38638,1.38638,1.38638,1.38638,0,1.38649,1.38649,1.38649,1.38649,0
71091000,1.38641,1.38641,1.38641,1.38641,0,1.38648,1.38648,1.38648,1.38648,0
71094000,1.38640,1.38640,1.38638,1.38639,0,1.38649,1.38649,1.38649,1.38649,0
71098000,1.38640,1.38640,1.38640,1.38640,0,1.38648,1.38648,1.38648,1.38648,0
71104000,1.38638,1.38638,1.38638,1.38638,0,1.38649,1.38649,1.38649,1.38649,0
71105000,1.38639,1.38639,1.38639,1.38639,0,1.38649,1.38649,1.38649,1.38649,0
71107000,1.38640,1.38640,1.38640,1.38640,0,1.38648,1.38648,1.38648,1.38648,0
71110000,1.38639,1.38639,1.38639,1.38639,0,1.38649,1.38649,1.38649,1.38649,0
71113000,1.38640,1.38640,1.38640,1.38640,0,1.38648,1.38648,1.38648,1.38648,0
71114000,1.38639,1.38639,1.38639,1.38639,0,1.38649,1.38649,1.38649,1.38649,0
71115000,1.38640,1.38640,1.38640,1.38640,0,1.38649,1.38649,1.38649,1.38649,0
71120000,1.38639,1.38639,1.38639,1.38639,0,1.38650,1.38650,1.38650,1.38650,0
71124000,1.38640,1.38640,1.38639,1.38639,0,1.38648,1.38650,1.38648,1.38650,0
71134000,1.38639,1.38639,1.38639,1.38639,0,1.38649,1.38649,1.38649,1.38649,0
71189000,1.38638,1.38638,1.38638,1.38638,0,1.38650,1.38650,1.38650,1.38650,0
71195000,1.38639,1.38639,1.38639,1.38639,0,1.38650,1.38650,1.38650,1.38650,0
71199000,1.38641,1.38641,1.38641,1.38641,0,1.38650,1.38650,1.38650,1.38650,0
71237000,1.38638,1.38638,1.38638,1.38638,0,1.38650,1.38650,1.38650,1.38650,0
71238000,1.38638,1.38638,1.38634,1.38634,0,1.38649,1.38649,1.38645,1.38645,0
71298000,1.38636,1.38636,1.38632,1.38633,0,1.38647,1.38647,1.38644,1.38644,0
71338000,1.38636,1.38636,1.38636,1.38636,0,1.38646,1.38646,1.38646,1.38646,0
71341000,1.38634,1.38634,1.38634,1.38634,0,1.38645,1.38645,1.38645,1.38645,0
71342000,1.38634,1.38636,1.38634,1.38635,0,1.38646,1.38649,1.38646,1.38649,0
71343000,1.38635,1.38635,1.38634,1.38634,0,1.38648,1.38648,1.38645,1.38645,0
71348000,1.38634,1.38634,1.38634,1.38634,0,1.38646,1.38646,1.38646,1.38646,0
71356000,1.38634,1.38634,1.38634,1.38634,0,1.38645,1.38645,1.38645,1.38645,0
71359000,1.38635,1.38635,1.38635,1.38635,0,1.38645,1.38645,1.38645,1.38645,0
71366000,1.38632,1.38632,1.38632,1.38632,0,1.38644,1.38644,1.38644,1.38644,0
71367000,1.38632,1.38632,1.38632,1.38632,0,1.38642,1.38642,1.38642,1.38642,0
71369000,1.38632,1.38632,1.38632,1.38632,0,1.38641,1.38641,1.38641,1.38641,0
71376000,1.38632,1.38632,1.38632,1.38632,0,1.38642,1.38643,1.38642,1.38643,0
71377000,1.38633,1.38633,1.38633,1.38633,0,1.38642,1.38642,1.38642,1.38642,0
71386000,1.38632,1.38632,1.38632,1.38632,0,1.38644,1.38644,1.38644,1.38644,0
71391000,1.38633,1.38633,1.38633,1.38633,0,1.38643,1.38643,1.38643,1.38643,0
71396000,1.38632,1.38632,1.38632,1.38632,0,1.38643,1.38643,1.38643,1.38643,0
71400000,1.38633,1.38633,1.38633,1.38633,0,1.38643,1.38643,1.38643,1.38643,0
71401000,1.38631,1.38631,1.38631,1.38631,0,1.38643,1.38643,1.38643,1.38643,0
71407000,1.38631,1.38631,1.38631,1.38631,0,1.38645,1.38645,1.38645,1.38645,0
71410000,1.38631,1.38631,1.38631,1.38631,0,1.38643,1.38643,1.38643,1.38643,0
71413000,1.38633,1.38633,1.38632,1.38632,0,1.38643,1.38644,1.38643,1.38644,0
71428000,1.38633,1.38633,1.38633,1.38633,0,1.38644,1.38644,1.38644,1.38644,0
71498000,1.38634,1.38634,1.38633,1.38633,0,1.38647,1.38647,1.38645,1.38645,0
71499000,1.38635,1.38635,1.38635,1.38635,0,1.38647,1.38647,1.38646,1.38646,0
71500000,1.38636,1.38636,1.38636,1.38636,0,1.38646,1.38646,1.38646,1.38646,0
71501000,1.38635,1.38637,1.38635,1.38637,0,1.38647,1.38647,1.38646,1.38646,0
71502000,1.38636,1.38636,1.38635,1.38635,0,1.38647,1.38647,1.38646,1.38646,0
71504000,1.38637,1.38637,1.38637,1.38637,0,1.38648,1.38648,1.38648,1.38648,0
71512000,1.38635,1.38635,1.38635,1.38635,0,1.38647,1.38647,1.38647,1.38647,0
71513000,1.38636,1.38636,1.38636,1.38636,0,1.38647,1.38647,1.38647,1.38647,0
71517000,1.38635,1.38635,1.38635,1.38635,0,1.38647,1.38647,1.38647,1.38647,0
71518000,1.38636,1.38636,1.38636,1.38636,0,1.38647,1.38647,1.38647,1.38647,0
71521000,1.38634,1.38634,1.38633,1.38634,0,1.38648,1.38648,1.38644,1.38644,0
71522000,1.38635,1.38635,1.38635,1.38635,0,1.38644,1.38644,1.38644,1.38644,0
71524000,1.38635,1.38635,1.38635,1.38635,0,1.38645,1.38646,1.38645,1.38646,0
71525000,1.38635,1.38635,1.38635,1.38635,0,1.38647,1.38647,1.38647,1.38647,0
71527000,1.38636,1.38636,1.38636,1.38636,0,1.38647,1.38647,1.38647,1.38647,0
71530000,1.38638,1.38638,1.38638,1.38638,0,1.38649,1.38649,1.38649,1.38649,0
71531000,1.38637,1.38637,1.38637,1.38637,0,1.38651,1.38651,1.38648,1.38648,0
71532000,1.38639,1.38641,1.38639,1.38641,0,1.38650,1.38653,1.38650,1.38652,0
71534000,1.38642,1.38642,1.38642,1.38642,0,1.38651,1.38651,1.38651,1.38651,0
71539000,1.38641,1.38641,1.38641,1.38641,0,1.38651,1.38651,1.38651,1.38651,0
71558000,1.38639,1.38639,1.38639,1.38639,0,1.38650,1.38650,1.38650,1.38650,0
71560000,1.38638,1.38638,1.38638,1.38638,0,1.38650,1.38650,1.38650,1.38650,0
71563000,1.38639,1.38639,1.38639,1.38639,0,1.38649,1.38649,1.38649,1.38649,0
71567000,1.38636,1.38636,1.38636,1.38636,0,1.38650,1.38650,1.38650,1.38650,0
71569000,1.38638,1.38638,1.38638,1.38638,0,1.38648,1.38648,1.38648,1.38648,0
71584000,1.38638,1.38638,1.38638,1.38638,0,1.38650,1.38650,1.38650,1.38650,0
71599000,1.38640,1.38640,1.38640,1.38640,0,1.38652,1.38652,1.38652,1.38652,0
71604000,1.38640,1.38640,1.38640,1.38640,0,1.38650,1.38650,1.38650,1.38650,0
71610000,1.38639,1.38639,1.38639,1.38639,0,1.38650,1.38650,1.38650,1.38650,0
71611000,1.38639,1.38639,1.38639,1.38639,0,1.38649,1.38649,1.38649,1.38649,0
71622000,1.38638,1.38638,1.38638,1.38638,0,1.38650,1.38650,1.38650,1.38650,0
71658000,1.38637,1.38637,1.38637,1.38637,0,1.38648,1.38648,1.38648,1.38648,0
71666000,1.38637,1.38637,1.38636,1.38637,0,1.38649,1.38649,1.38648,1.38648,0
71681000,1.38637,1.38637,1.38637,1.38637,0,1.38649,1.38650,1.38649,1.38650,0
71683000,1.38639,1.38639,1.38639,1.38639,0,1.38649,1.38649,1.38649,1.38649,0
71690000,1.38638,1.38638,1.38638,1.38638,0,1.38650,1.38650,1.38650,1.38650,0
71700000,1.38639,1.38639,1.38639,1.38639,0,1.38649,1.38649,1.38649,1.38649,0
71721000,1.38639,1.38639,1.38639,1.38639,0,1.38651,1.38651,1.38651,1.38651,0
71722000,1.38640,1.38640,1.38640,1.38640,0,1.38650,1.38650,1.38650,1.38650,0
71727000,1.38638,1.38638,1.38638,1.38638,0,1.38650,1.38650,1.38650,1.38650,0
71732000,1.38639,1.38639,1.38639,1.38639,0,1.38650,1.38650,1.38650,1.38650,0
71767000,1.38638,1.38638,1.38638,1.38638,0,1.38650,1.38650,1.38650,1.38650,0
71778000,1.38640,1.38640,1.38640,1.38640,0,1.38652,1.38652,1.38652,1.38652,0
71784000,1.38640,1.38640,1.38640,1.38640,0,1.38650,1.38650,1.38650,1.38650,0
71822000,1.38641,1.38643,1.38641,1.38643,0,1.38653,1.38654,1.38653,1.38654,0
71823000,1.38642,1.38642,1.38642,1.38642,0,1.38654,1.38654,1.38654,1.38654,0
71828000,1.38645,1.38645,1.38645,1.38645,0,1.38657,1.38657,1.38657,1.38657,0
71829000,1.38647,1.38647,1.38647,1.38647,0,1.38658,1.38658,1.38658,1.38658,0
71846000,1.38646,1.38646,1.38645,1.38645,0,1.38658,1.38658,1.38658,1.38658,0
71847000,1.38647,1.38647,1.38647,1.38647,0,1.38658,1.38658,1.38658,1.38658,0
71852000,1.38648,1.38648,1.38648,1.38648,0,1.38657,1.38657,1.38657,1.38657,0
71853000,1.38647,1.38647,1.38647,1.38647,0,1.38658,1.38658,1.38658,1.38658,0
71876000,1.38648,1.38648,1.38648,1.38648,0,1.38660,1.38660,1.38660,1.38660,0
71880000,1.38646,1.38648,1.38646,1.38648,0,1.38660,1.38660,1.38658,1.38658,0
71884000,1.38646,1.38646,1.38646,1.38646,0,1.38658,1.38658,1.38658,1.38658,0
71886000,1.38648,1.38648,1.38648,1.38648,0,1.38658,1.38658,1.38658,1.38658,0
71890000,1.38646,1.38646,1.38646,1.38646,0,1.38658,1.38658,1.38658,1.38658,0
71895000,1.38647,1.38647,1.38647,1.38647,0,1.38657,1.38657,1.38657,1.38657,0
71898000,1.38645,1.38645,1.38640,1.38640,0,1.38657,1.38657,1.38653,1.38653,0
71905000,1.38640,1.38640,1.38640,1.38640,0,1.38652,1.38652,1.38652,1.38652,0
71909000,1.38640,1.38640,1.38640,1.38640,0,1.38651,1.38651,1.38651,1.38651,0
71925000,1.38642,1.38642,1.38641,1.38641,0,1.38651,1.38652,1.38651,1.38652,0
71928000,1.38643,1.38643,1.38641,1.38642,0,1.38654,1.38654,1.38653,1.38653,0
71940000,1.38641,1.38641,1.38641,1.38641,0,1.38651,1.38652,1.38651,1.38652,0
71941000,1.38642,1.38642,1.38641,1.38641,0,1.38651,1.38652,1.38651,1.38652,0
71944000,1.38639,1.38639,1.38639,1.38639,0,1.38653,1.38653,1.38653,1.38653,0
71947000,1.38640,1.38641,1.38640,1.38641,0,1.38652,1.38652,1.38651,1.38651,0
71954000,1.38639,1.38639,1.38639,1.38639,0,1.38651,1.38651,1.38651,1.38651,0
71955000,1.38636,1.38636,1.38635,1.38635,0,1.38648,1.38649,1.38648,1.38648,0
71960000,1.38636,1.38636,1.38636,1.38636,0,1.38647,1.38647,1.38647,1.38647,0
71961000,1.38634,1.38637,1.38634,1.38637,0,1.38646,1.38649,1.38646,1.38648,0
71963000,1.38638,1.38638,1.38637,1.38637,0,1.38647,1.38648,1.38647,1.38648,0
71980000,1.38636,1.38636,1.38636,1.38636,0,1.38648,1.38648,1.38648,1.38648,0
71981000,1.38638,1.38638,1.38638,1.38638,0,1.38647,1.38647,1.38647,1.38647,0
71987000,1.38637,1.38637,1.38637,1.38637,0,1.38648,1.38648,1.38648,1.38648,0
71990000,1.38637,1.38637,1.38637,1.38637,0,1.38645,1.38645,1.38645,1.38645,0
71991000,1.38637,1.38637,1.38637,1.38637,0,1.38647,1.38647,1.38647,1.38647,0
71997000,1.38637,1.38637,1.38637,1.38637,0,1.38646,1.38646,1.38646,1.38646,0
71999000,1.38638,1.38639,1.38638,1.38639,0,1.38648,1.38650,1.38648,1.38650,0
72002000,1.38641,1.38641,1.38641,1.38641,0,1.38650,1.38650,1.38650,1.38650,0
72018000,1.38640,1.38643,1.38640,1.38643,0,1.38651,1.38654,1.38651,1.38653,0
72019000,1.38641,1.38641,1.38641,1.38641,0,1.38651,1.38651,1.38651,1.38651,0
72022000,1.38642,1.38642,1.38642,1.38642,0,1.38651,1.38651,1.38651,1.38651,0
72026000,1.38641,1.38641,1.38641,1.38641,0,1.38651,1.38651,1.38651,1.38651,0
72034000,1.38641,1.38641,1.38641,1.38641,0,1.38652,1.38652,1.38652,1.38652,0
72057000,1.38642,1.38642,1.38642,1.38642,0,1.38652,1.38652,1.38652,1.38652,0
72098000,1.38642,1.38647,1.38642,1.38646,0,1.38654,1.38657,1.38654,1.38657,0
72099000,1.38645,1.38647,1.38645,1.38647,0,1.38659,1.38659,1.38658,1.38658,0
72107000,1.38645,1.38645,1.38645,1.38645,0,1.38661,1.38661,1.38661,1.38661,0
72109000,1.38648,1.38648,1.38648,1.38648,0,1.38657,1.38657,1.38657,1.38657,0
72120000,1.38647,1.38647,1.38647,1.38647,0,1.38659,1.38659,1.38659,1.38659,0
72122000,1.38649,1.38649,1.38649,1.38649,0,1.38657,1.38657,1.38657,1.38657,0
72125000,1.38648,1.38648,1.38648,1.38648,0,1.38660,1.38660,1.38660,1.38660,0
72136000,1.38648,1.38648,1.38648,1.38648,0,1.38657,1.38657,1.38657,1.38657,0
72148000,1.38649,1.38649,1.38648,1.38648,0,1.38657,1.38657,1.38657,1.38657,0
72163000,1.38646,1.38646,1.38646,1.38646,0,1.38657,1.38657,1.38657,1.38657,0
72167000,1.38646,1.38646,1.38641,1.38641,0,1.38659,1.38659,1.38655,1.38655,0
72170000,1.38643,1.38643,1.38643,1.38643,0,1.38655,1.38655,1.38655,1.38655,0
72172000,1.38643,1.38643,1.38643,1.38643,0,1.38657,1.38657,1.38657,1.38657,0
72173000,1.38642,1.38642,1.38642,1.38642,0,1.38655,1.38655,1.38655,1.38655,0
72174000,1.38643,1.38644,1.38642,1.38642,0,1.38655,1.38656,1.38653,1.38656,0
72175000,1.38642,1.38642,1.38642,1.38642,0,1.38654,1.38654,1.38654,1.38654,0
72176000,1.38644,1.38645,1.38643,1.38645,0,1.38658,1.38661,1.38658,1.38661,0
72177000,1.38647,1.38648,1.38642,1.38642,0,1.38660,1.38660,1.38655,1.38655,0
72182000,1.38642,1.38642,1.38642,1.38642,0,1.38653,1.38653,1.38653,1.38653,0
72184000,1.38641,1.38641,1.38641,1.38641,0,1.38653,1.38653,1.38653,1.38653,0
72187000,1.38639,1.38639,1.38639,1.38639,0,1.38651,1.38651,1.38651,1.38651,0
72188000,1.38638,1.38638,1.38638,1.38638,0,1.38648,1.38648,1.38648,1.38648,0
72190000,1.38638,1.38638,1.38638,1.38638,0,1.38649,1.38649,1.38649,1.38649,0
72192000,1.38639,1.38639,1.38639,1.38639,0,1.38648,1.38648,1.38648,1.38648,0
72194000,1.38638,1.38638,1.38638,1.38638,0,1.38649,1.38649,1.38649,1.38649,0
72195000,1.38638,1.38638,1.38638,1.38638,0,1.38648,1.38648,1.38648,1.38648,0
72207000,1.38638,1.38638,1.38638,1.38638,0,1.38649,1.38649,1.38649,1.38649,0
72215000,1.38636,1.38636,1.38636,1.38636,0,1.38647,1.38647,1.38647,1.38647,0
72222000,1.38638,1.38638,1.38638,1.38638,0,1.38647,1.38647,1.38647,1.38647,0
72232000,1.38636,1.38636,1.38632,1.38632,0,1.38647,1.38647,1.38645,1.38645,0
72238000,1.38634,1.38634,1.38634,1.38634,0,1.38645,1.38645,1.38645,1.38645,0
72247000,1.38636,1.38636,1.38635,1.38635,0,1.38645,1.38646,1.38645,1.38646,0
72249000,1.38637,1.38637,1.38637,1.38637,0,1.38648,1.38648,1.38648,1.38648,0
72250000,1.38636,1.38636,1.38636,1.38636,0,1.38649,1.38649,1.38649,1.38649,0
72252000,1.38638,1.38638,1.38638,1.38638,0,1.38649,1.38649,1.38649,1.38649,0
72255000,1.38636,1.38636,1.38635,1.38635,0,1.38649,1.38649,1.38649,1.38649,0
72256000,1.38635,1.38636,1.38635,1.38636,0,1.38648,1.38648,1.38648,1.38648,0
72258000,1.38637,1.38637,1.38637,1.38637,0,1.38647,1.38647,1.38647,1.38647,0
72261000,1.38637,1.38637,1.38637,1.38637,0,1.38649,1.38649,1.38649,1.38649,0
72264000,1.38637,1.38637,1.38637,1.38637,0,1.38648,1.38648,1.38648,1.38648,0
72266000,1.38636,1.38636,1.38636,1.38636,0,1.38648,1.38648,1.38648,1.38648,0
72271000,1.38634,1.38634,1.38634,1.38634,0,1.38647,1.38647,1.38647,1.38647,0
72275000,1.38635,1.38635,1.38635,1.38635,0,1.38647,1.38647,1.38647,1.38647,0
72286000,1.38638,1.38638,1.38637,1.38637,0,1.38648,1.38649,1.38648,1.38649,0
72287000,1.38638,1.38638,1.38638,1.38638,0,1.38648,1.38648,1.38648,1.38648,0
72291000,1.38637,1.38637,1.38637,1.38637,0,1.38649,1.38649,1.38649,1.38649,0
72300000,1.38637,1.38638,1.38637,1.38638,0,1.38650,1.38650,1.38649,1.38649,0
72383000,1.38636,1.38636,1.38636,1.38636,0,1.38650,1.38650,1.38649,1.38649,0
72384000,1.38637,1.38637,1.38635,1.38635,0,1.38648,1.38648,1.38648,1.38648,0
72388000,1.38636,1.38636,1.38636,1.38636,0,1.38647,1.38647,1.38647,1.38647,0
72402000,1.38635,1.38635,1.38634,1.38634,0,1.38648,1.38649,1.38648,1.38649,0
72407000,1.38634,1.38634,1.38634,1.38634,0,1.38648,1.38648,1.38648,1.38648,0
72412000,1.38635,1.38635,1.38635,1.38635,0,1.38646,1.38646,1.38646,1.38646,0
72421000,1.38636,1.38636,1.38636,1.38636,0,1.38646,1.38646,1.38646,1.38646,0
72424000,1.38636,1.38636,1.38636,1.38636,0,1.38647,1.38647,1.38647,1.38647,0
72425000,1.38635,1.38638,1.38635,1.38638,0,1.38648,1.38648,1.38648,1.38648,0
72427000,1.38637,1.38637,1.38637,1.38637,0,1.38649,1.38649,1.38649,1.38649,0
72428000,1.38638,1.38638,1.38638,1.38638,0,1.38648,1.38648,1.38648,1.38648,0
72433000,1.38638,1.38638,1.38638,1.38638,0,1.38650,1.38650,1.38650,1.38650,0
72453000,1.38639,1.38639,1.38639,1.38639,0,1.38649,1.38649,1.38649,1.38649,0
72454000,1.38638,1.38638,1.38638,1.38638,0,1.38650,1.38650,1.38650,1.38650,0
72464000,1.38637,1.38637,1.38637,1.38637,0,1.38648,1.38648,1.38648,1.38648,0
72465000,1.38635,1.38636,1.38635,1.38636,0,1.38646,1.38648,1.38646,1.38648,0
72477000,1.38637,1.38637,1.38637,1.38637,0,1.38648,1.38648,1.38648,1.38648,0
72480000,1.38638,1.38638,1.38638,1.38638,0,1.38647,1.38647,1.38647,1.38647,0
72494000,1.38636,1.38636,1.38636,1.38636,0,1.38648,1.38648,1.38648,1.38648,0
72495000,1.38637,1.38637,1.38637,1.38637,0,1.38647,1.38647,1.38647,1.38647,0
72504000,1.38636,1.38637,1.38636,1.38637,0,1.38648,1.38648,1.38648,1.38648,0
72541000,1.38636,1.38636,1.38636,1.38636,0,1.38649,1.38649,1.38649,1.38649,0
72561000,1.38637,1.38637,1.38637,1.38637,0,1.38648,1.38648,1.38648,1.38648,0
72562000,1.38636,1.38636,1.38636,1.38636,0,1.38649,1.38649,1.38649,1.38649,0
72565000,1.38638,1.38638,1.38638,1.38638,0,1.38648,1.38648,1.38648,1.38648,0
72600000,1.38639,1.38639,1.38638,1.38638,0,1.38648,1.38648,1.38648,1.38648,0
72639000,1.38638,1.38638,1.38638,1.38638,0,1.38651,1.38651,1.38651,1.38651,0
72663000,1.38638,1.38638,1.38638,1.38638,0,1.38649,1.38649,1.38649,1.38649,0
72666000,1.38637,1.38637,1.38637,1.38637,0,1.38650,1.38650,1.38650,1.38650,0
72667000,1.38639,1.38639,1.38639,1.38639,0,1.38649,1.38649,1.38649,1.38649,0
72695000,1.38638,1.38638,1.38636,1.38636,0,1.38649,1.38649,1.38648,1.38648,0
72705000,1.38639,1.38640,1.38639,1.38640,0,1.38650,1.38650,1.38650,1.38650,0
72706000,1.38639,1.38639,1.38639,1.38639,0,1.38652,1.38652,1.38652,1.38652,0
72710000,1.38639,1.38639,1.38639,1.38639,0,1.38650,1.38650,1.38650,1.38650,0
72715000,1.38641,1.38641,1.38641,1.38641,0,1.38653,1.38653,1.38651,1.38651,0
72716000,1.38641,1.38641,1.38641,1.38641,0,1.38652,1.38652,1.38652,1.38652,0
72718000,1.38642,1.38642,1.38642,1.38642,0,1.38652,1.38654,1.38652,1.38654,0
72723000,1.38643,1.38643,1.38643,1.38643,0,1.38654,1.38654,1.38654,1.38654,0
72724000,1.38645,1.38646,1.38644,1.38645,0,1.38655,1.38656,1.38655,1.38655,0
72726000,1.38644,1.38645,1.38644,1.38645,0,1.38656,1.38656,1.38656,1.38656,0
72729000,1.38646,1.38646,1.38646,1.38646,0,1.38655,1.38655,1.38655,1.38655,0
72730000,1.38646,1.38646,1.38646,1.38646,0,1.38656,1.38656,1.38656,1.38656,0
72751000,1.38648,1.38652,1.38648,1.38651,0,1.38659,1.38663,1.38659,1.38663,0
72752000,1.38652,1.38652,1.38652,1.38652,0,1.38662,1.38662,1.38662,1.38662,0
72756000,1.38653,1.38653,1.38653,1.38653,0,1.38664,1.38664,1.38664,1.38664,0
72765000,1.38657,1.38657,1.38655,1.38655,0,1.38668,1.38668,1.38667,1.38667,0
72766000,1.38656,1.38656,1.38656,1.38656,0,1.38666,1.38666,1.38666,1.38666,0
72781000,1.38656,1.38656,1.38656,1.38656,0,1.38667,1.38667,1.38666,1.38667,0
72783000,1.38657,1.38657,1.38656,1.38656,0,1.38667,1.38667,1.38667,1.38667,0
72794000,1.38657,1.38657,1.38657,1.38657,0,1.38667,1.38667,1.38667,1.38667,0
72820000,1.38656,1.38656,1.38656,1.38656,0,1.38667,1.38667,1.38667,1.38667,0
72843000,1.38658,1.38659,1.38658,1.38659,0,1.38668,1.38671,1.38668,1.38671,0
72844000,1.38661,1.38661,1.38661,1.38661,0,1.38673,1.38673,1.38673,1.38673,0
72864000,1.38659,1.38659,1.38659,1.38659,0,1.38671,1.38671,1.38671,1.38671,0
72900000,1.38659,1.38659,1.38657,1.38657,0,1.38670,1.38671,1.38670,1.38671,0
72916000,1.38659,1.38659,1.38659,1.38659,0,1.38672,1.38672,1.38672,1.38672,0
72919000,1.38660,1.38660,1.38660,1.38660,0,1.38671,1.38671,1.38671,1.38671,0
72927000,1.38658,1.38658,1.38658,1.38658,0,1.38669,1.38669,1.38669,1.38669,0
72928000,1.38657,1.38657,1.38657,1.38657,0,1.38671,1.38671,1.38671,1.38671,0
72931000,1.38657,1.38657,1.38657,1.38657,0,1.38669,1.38669,1.38669,1.38669,0
72934000,1.38659,1.38659,1.38658,1.38658,0,1.38668,1.38669,1.38668,1.38669,0
72935000,1.38660,1.38663,1.38657,1.38660,0,1.38671,1.38677,1.38671,1.38672,0
72952000,1.38658,1.38658,1.38657,1.38657,0,1.38670,1.38670,1.38668,1.38668,0
72962000,1.38657,1.38657,1.38657,1.38657,0,1.38666,1.38666,1.38666,1.38666,0
72965000,1.38655,1.38656,1.38655,1.38656,0,1.38667,1.38667,1.38666,1.38666,0
72987000,1.38657,1.38657,1.38657,1.38657,0,1.38666,1.38666,1.38666,1.38666,0
73010000,1.38657,1.38657,1.38657,1.38657,0,1.38667,1.38667,1.38667,1.38667,0
73025000,1.38656,1.38656,1.38656,1.38656,0,1.38667,1.38667,1.38667,1.38667,0
73040000,1.38657,1.38657,1.38657,1.38657,0,1.38667,1.38667,1.38667,1.38667,0
73046000,1.38655,1.38655,1.38655,1.38655,0,1.38666,1.38666,1.38666,1.38666,0
73049000,1.38656,1.38656,1.38656,1.38656,0,1.38666,1.38666,1.38666,1.38666,0
73112000,1.38656,1.38656,1.38656,1.38656,0,1.38668,1.38668,1.38668,1.38668,0
73131000,1.38653,1.38654,1.38653,1.38654,0,1.38666,1.38666,1.38665,1.38665,0
73133000,1.38654,1.38656,1.38654,1.38656,0,1.38667,1.38668,1.38667,1.38668,0
73135000,1.38656,1.38657,1.38656,1.38657,0,1.38670,1.38670,1.38667,1.38670,0
73145000,1.38657,1.38657,1.38657,1.38657,0,1.38668,1.38668,1.38668,1.38668,0
73149000,1.38655,1.38655,1.38655,1.38655,0,1.38669,1.38669,1.38667,1.38667,0
73170000,1.38657,1.38657,1.38657,1.38657,0,1.38666,1.38666,1.38666,1.38666,0
73174000,1.38655,1.38655,1.38655,1.38655,0,1.38667,1.38667,1.38667,1.38667,0
73178000,1.38657,1.38657,1.38657,1.38657,0,1.38667,1.38667,1.38667,1.38667,0
73181000,1.38655,1.38655,1.38655,1.38655,0,1.38667,1.38667,1.38667,1.38667,0
73184000,1.38656,1.38656,1.38656,1.38656,0,1.38666,1.38666,1.38666,1.38666,0
73193000,1.38655,1.38655,1.38655,1.38655,0,1.38666,1.38666,1.38666,1.38666,0
73195000,1.38655,1.38655,1.38655,1.38655,0,1.38665,1.38665,1.38665,1.38665,0
73237000,1.38654,1.38654,1.38654,1.38654,0,1.38666,1.38666,1.38666,1.38666,0
73267000,1.38652,1.38653,1.38652,1.38652,0,1.38664,1.38664,1.38662,1.38663,0
73268000,1.38653,1.38653,1.38651,1.38652,0,1.38663,1.38665,1.38663,1.38665,0
73269000,1.38654,1.38654,1.38653,1.38653,0,1.38664,1.38664,1.38663,1.38663,0
73288000,1.38653,1.38653,1.38653,1.38653,0,1.38662,1.38662,1.38662,1.38662,0
73291000,1.38651,1.38651,1.38650,1.38650,0,1.38661,1.38662,1.38661,1.38661,0
73300000,1.38650,1.38650,1.38650,1.38650,0,1.38659,1.38659,1.38659,1.38659,0
73324000,1.38649,1.38649,1.38648,1.38648,0,1.38660,1.38660,1.38659,1.38659,0
73325000,1.38649,1.38649,1.38649,1.38649,0,1.38659,1.38659,1.38659,1.38659,0
73328000,1.38646,1.38646,1.38639,1.38639,0,1.38657,1.38657,1.38652,1.38653,0
73329000,1.38638,1.38639,1.38638,1.38639,0,1.38651,1.38651,1.38650,1.38650,0
73343000,1.38638,1.38638,1.38638,1.38638,0,1.38651,1.38651,1.38651,1.38651,0
73348000,1.38639,1.38639,1.38639,1.38639,0,1.38650,1.38650,1.38650,1.38650,0
73357000,1.38640,1.38640,1.38640,1.38640,0,1.38650,1.38650,1.38650,1.38650,0
73418000,1.38638,1.38640,1.38638,1.38640,0,1.38650,1.38650,1.38650,1.38650,0
73448000,1.38639,1.38639,1.38639,1.38639,0,1.38651,1.38651,1.38651,1.38651,0
73543000,1.38640,1.38640,1.38640,1.38640,0,1.38651,1.38651,1.38651,1.38651,0
73546000,1.38637,1.38637,1.38637,1.38637,0,1.38648,1.38648,1.38648,1.38648,0
73547000,1.38638,1.38638,1.38638,1.38638,0,1.38650,1.38650,1.38650,1.38650,0
73568000,1.38639,1.38639,1.38639,1.38639,0,1.38649,1.38651,1.38649,1.38651,0
73570000,1.38639,1.38639,1.38639,1.38639,0,1.38649,1.38649,1.38649,1.38649,0
73571000,1.38639,1.38639,1.38639,1.38639,0,1.38651,1.38651,1.38651,1.38651,0
73578000,1.38640,1.38640,1.38639,1.38639,0,1.38650,1.38651,1.38650,1.38651,0
73590000,1.38640,1.38640,1.38640,1.38640,0,1.38651,1.38651,1.38651,1.38651,0
73592000,1.38640,1.38640,1.38640,1.38640,0,1.38652,1.38652,1.38652,1.38652,0
73615000,1.38640,1.38640,1.38640,1.38640,0,1.38650,1.38650,1.38650,1.38650,0
73619000,1.38639,1.38640,1.38639,1.38640,0,1.38651,1.38651,1.38651,1.38651,0
73620000,1.38639,1.38640,1.38639,1.38639,0,1.38651,1.38651,1.38651,1.38651,0
73668000,1.38636,1.38636,1.38633,1.38635,0,1.38648,1.38649,1.38645,1.38649,0
73669000,1.38634,1.38637,1.38634,1.38637,0,1.38650,1.38650,1.38648,1.38648,0
73670000,1.38637,1.38637,1.38637,1.38637,0,1.38651,1.38651,1.38651,1.38651,0
73672000,1.38640,1.38640,1.38640,1.38640,0,1.38653,1.38653,1.38653,1.38653,0
73681000,1.38640,1.38640,1.38640,1.38640,0,1.38652,1.38652,1.38652,1.38652,0
73717000,1.38638,1.38638,1.38638,1.38638,0,1.38650,1.38650,1.38650,1.38650,0
73743000,1.38637,1.38637,1.38637,1.38637,0,1.38648,1.38648,1.38648,1.38648,0
73761000,1.38635,1.38635,1.38635,1.38635,0,1.38647,1.38647,1.38647,1.38647,0
73762000,1.38636,1.38636,1.38636,1.38636,0,1.38646,1.38646,1.38646,1.38646,0
73771000,1.38636,1.38636,1.38633,1.38633,0,1.38647,1.38647,1.38646,1.38646,0
73772000,1.38634,1.38634,1.38634,1.38634,0,1.38644,1.38644,1.38644,1.38644,0
73778000,1.38636,1.38636,1.38636,1.38636,0,1.38646,1.38646,1.38646,1.38646,0
73781000,1.38636,1.38637,1.38636,1.38637,0,1.38647,1.38650,1.38647,1.38650,0
73782000,1.38638,1.38638,1.38638,1.38638,0,1.38648,1.38648,1.38648,1.38648,0
73789000,1.38639,1.38639,1.38639,1.38639,0,1.38651,1.38651,1.38651,1.38651,0
73790000,1.38639,1.38639,1.38639,1.38639,0,1.38653,1.38653,1.38653,1.38653,0
73791000,1.38639,1.38639,1.38639,1.38639,0,1.38651,1.38651,1.38651,1.38651,0
73800000,1.38639,1.38639,1.38638,1.38638,0,1.38649,1.38650,1.38649,1.38650,0
73808000,1.38639,1.38639,1.38639,1.38639,0,1.38650,1.38650,1.38650,1.38650,0
73809000,1.38640,1.38640,1.38640,1.38640,0,1.38650,1.38650,1.38650,1.38650,0
73815000,1.38639,1.38639,1.38639,1.38639,0,1.38652,1.38652,1.38652,1.38652,0
73838000,1.38639,1.38639,1.38639,1.38639,0,1.38650,1.38650,1.38650,1.38650,0
73842000,1.38640,1.38640,1.38640,1.38640,0,1.38650,1.38650,1.38650,1.38650,0
73845000,1.38639,1.38639,1.38639,1.38639,0,1.38650,1.38650,1.38650,1.38650,0
73846000,1.38638,1.38638,1.38638,1.38638,0,1.38651,1.38651,1.38651,1.38651,0
73848000,1.38640,1.38640,1.38640,1.38640,0,1.38652,1.38653,1.38652,1.38653,0
73850000,1.38642,1.38642,1.38642,1.38642,0,1.38652,1.38652,1.38652,1.38652,0
73854000,1.38642,1.38642,1.38642,1.38642,0,1.38654,1.38654,1.38654,1.38654,0
73855000,1.38643,1.38643,1.38643,1.38643,0,1.38654,1.38654,1.38654,1.38654,0
73866000,1.38643,1.38643,1.38643,1.38643,0,1.38652,1.38652,1.38652,1.38652,0
73880000,1.38643,1.38643,1.38643,1.38643,0,1.38654,1.38654,1.38654,1.38654,0
73899000,1.38645,1.38645,1.38645,1.38645,0,1.38656,1.38656,1.38656,1.38656,0
73900000,1.38644,1.38644,1.38644,1.38644,0,1.38656,1.38656,1.38656,1.38656,0
73923000,1.38646,1.38647,1.38645,1.38646,0,1.38654,1.38658,1.38654,1.38658,0
73937000,1.38647,1.38647,1.38647,1.38647,0,1.38657,1.38657,1.38657,1.38657,0
73941000,1.38647,1.38647,1.38647,1.38647,0,1.38659,1.38659,1.38659,1.38659,0
73951000,1.38647,1.38647,1.38647,1.38647,0,1.38660,1.38660,1.38660,1.38660,0
73967000,1.38649,1.38649,1.38649,1.38649,0,1.38661,1.38661,1.38661,1.38661,0
73968000,1.38648,1.38648,1.38648,1.38648,0,1.38662,1.38662,1.38662,1.38662,0
73971000,1.38650,1.38650,1.38650,1.38650,0,1.38661,1.38661,1.38661,1.38661,0
73976000,1.38650,1.38650,1.38650,1.38650,0,1.38662,1.38662,1.38662,1.38662,0
73988000,1.38653,1.38653,1.38653,1.38653,0,1.38665,1.38665,1.38665,1.38665,0
73989000,1.38654,1.38654,1.38654,1.38654,0,1.38664,1.38664,1.38664,1.38664,0
74038000,1.38652,1.38652,1.38650,1.38650,0,1.38665,1.38665,1.38664,1.38664,0
74039000,1.38652,1.38652,1.38652,1.38652,0,1.38663,1.38663,1.38663,1.38663,0
74084000,1.38652,1.38652,1.38652,1.38652,0,1.38664,1.38664,1.38664,1.38664,0
74107000,1.38651,1.38651,1.38651,1.38651,0,1.38664,1.38664,1.38664,1.38664,0
74108000,1.38651,1.38651,1.38651,1.38651,0,1.38662,1.38662,1.38662,1.38662,0
74110000,1.38649,1.38649,1.38649,1.38649,0,1.38663,1.38663,1.38662,1.38662,0
74160000,1.38648,1.38648,1.38648,1.38648,0,1.38662,1.38662,1.38662,1.38662,0
74162000,1.38650,1.38651,1.38650,1.38651,0,1.38664,1.38664,1.38662,1.38662,0
74163000,1.38652,1.38652,1.38652,1.38652,0,1.38662,1.38662,1.38662,1.38662,0
74165000,1.38651,1.38651,1.38651,1.38651,0,1.38663,1.38663,1.38663,1.38663,0
74178000,1.38652,1.38652,1.38652,1.38652,0,1.38662,1.38662,1.38662,1.38662,0
74180000,1.38651,1.38651,1.38651,1.38651,0,1.38663,1.38663,1.38663,1.38663,0
74181000,1.38652,1.38652,1.38652,1.38652,0,1.38662,1.38662,1.38662,1.38662,0
74186000,1.38652,1.38652,1.38652,1.38652,0,1.38663,1.38663,1.38663,1.38663,0
74188000,1.38651,1.38652,1.38651,1.38651,0,1.38664,1.38664,1.38663,1.38664,0
74193000,1.38652,1.38652,1.38651,1.38651,0,1.38663,1.38664,1.38663,1.38664,0
74194000,1.38652,1.38652,1.38651,1.38651,0,1.38663,1.38664,1.38663,1.38664,0
74202000,1.38652,1.38652,1.38652,1.38652,0,1.38663,1.38663,1.38663,1.38663,0
74224000,1.38652,1.38652,1.38652,1.38652,0,1.38664,1.38664,1.38664,1.38664,0
74233000,1.38652,1.38652,1.38652,1.38652,0,1.38663,1.38663,1.38663,1.38663,0
74261000,1.38651,1.38651,1.38651,1.38651,0,1.38664,1.38664,1.38664,1.38664,0
74297000,1.38654,1.38654,1.38654,1.38654,0,1.38668,1.38668,1.38668,1.38668,0
74298000,1.38657,1.38657,1.38657,1.38657,0,1.38668,1.38669,1.38668,1.38669,0
74354000,1.38657,1.38657,1.38657,1.38657,0,1.38668,1.38668,1.38668,1.38668,0
74355000,1.38658,1.38658,1.38658,1.38658,0,1.38666,1.38666,1.38666,1.38666,0
74375000,1.38658,1.38658,1.38658,1.38658,0,1.38667,1.38667,1.38667,1.38667,0
74383000,1.38653,1.38655,1.38653,1.38655,0,1.38669,1.38669,1.38666,1.38666,0
74388000,1.38655,1.38655,1.38655,1.38655,0,1.38667,1.38667,1.38667,1.38667,0
74391000,1.38657,1.38657,1.38657,1.38657,0,1.38667,1.38667,1.38667,1.38667,0
74392000,1.38656,1.38656,1.38656,1.38656,0,1.38667,1.38667,1.38667,1.38667,0
74402000,1.38656,1.38657,1.38656,1.38656,0,1.38666,1.38667,1.38665,1.38667,0
74414000,1.38656,1.38656,1.38656,1.38656,0,1.38669,1.38669,1.38668,1.38668,0
74454000,1.38657,1.38657,1.38657,1.38657,0,1.38668,1.38668,1.38668,1.38668,0
74472000,1.38657,1.38657,1.38656,1.38656,0,1.38669,1.38669,1.38666,1.38666,0
74489000,1.38657,1.38657,1.38657,1.38657,0,1.38669,1.38669,1.38669,1.38669,0
74501000,1.38657,1.38657,1.38657,1.38657,0,1.38668,1.38668,1.38668,1.38668,0
74504000,1.38656,1.38656,1.38656,1.38656,0,1.38668,1.38668,1.38668,1.38668,0
74519000,1.38659,1.38659,1.38659,1.38659,0,1.38670,1.38670,1.38670,1.38670,0
74533000,1.38659,1.38659,1.38659,1.38659,0,1.38669,1.38669,1.38669,1.38669,0
74575000,1.38657,1.38657,1.38657,1.38657,0,1.38669,1.38669,1.38669,1.38669,0
74606000,1.38657,1.38660,1.38657,1.38660,0,1.38670,1.38673,1.38670,1.38672,0
74636000,1.38661,1.38661,1.38661,1.38661,0,1.38674,1.38674,1.38673,1.38673,0
74654000,1.38662,1.38662,1.38662,1.38662,0,1.38673,1.38674,1.38673,1.38674,0
74666000,1.38662,1.38662,1.38662,1.38662,0,1.38673,1.38673,1.38673,1.38673,0
74671000,1.38661,1.38661,1.38661,1.38661,0,1.38673,1.38673,1.38673,1.38673,0
74682000,1.38662,1.38662,1.38662,1.38662,0,1.38672,1.38674,1.38672,1.38672,0
74683000,1.38662,1.38662,1.38662,1.38662,0,1.38673,1.38673,1.38673,1.38673,0
74689000,1.38662,1.38662,1.38662,1.38662,0,1.38672,1.38672,1.38672,1.38672,0
74690000,1.38662,1.38662,1.38662,1.38662,0,1.38673,1.38673,1.38673,1.38673,0
74695000,1.38662,1.38662,1.38662,1.38662,0,1.38672,1.38672,1.38672,1.38672,0
74700000,1.38662,1.38662,1.38662,1.38662,0,1.38675,1.38675,1.38675,1.38675,0
74701000,1.38662,1.38662,1.38662,1.38662,0,1.38675,1.38675,1.38675,1.38675,0
74706000,1.38662,1.38662,1.38662,1.38662,0,1.38673,1.38673,1.38673,1.38673,0
74714000,1.38662,1.38662,1.38662,1.38662,0,1.38673,1.38673,1.38673,1.38673,0
74723000,1.38662,1.38662,1.38662,1.38662,0,1.38673,1.38673,1.38673,1.38673,0
74726000,1.38661,1.38661,1.38661,1.38661,0,1.38674,1.38674,1.38674,1.38674,0
74732000,1.38662,1.38662,1.38662,1.38662,0,1.38673,1.38673,1.38673,1.38673,0
74733000,1.38662,1.38662,1.38662,1.38662,0,1.38673,1.38673,1.38673,1.38673,0
74734000,1.38661,1.38661,1.38661,1.38661,0,1.38674,1.38674,1.38674,1.38674,0
74736000,1.38662,1.38662,1.38662,1.38662,0,1.38673,1.38673,1.38673,1.38673,0
74744000,1.38661,1.38661,1.38661,1.38661,0,1.38675,1.38675,1.38675,1.38675,0
74746000,1.38661,1.38661,1.38661,1.38661,0,1.38673,1.38673,1.38673,1.38673,0
74754000,1.38661,1.38661,1.38661,1.38661,0,1.38675,1.38675,1.38675,1.38675,0
74757000,1.38662,1.38662,1.38662,1.38662,0,1.38674,1.38674,1.38674,1.38674,0
74767000,1.38661,1.38661,1.38661,1.38661,0,1.38675,1.38675,1.38675,1.38675,0
74770000,1.38661,1.38661,1.38661,1.38661,0,1.38673,1.38673,1.38673,1.38673,0
74791000,1.38660,1.38661,1.38660,1.38661,0,1.38674,1.38674,1.38673,1.38673,0
74793000,1.38660,1.38660,1.38660,1.38660,0,1.38674,1.38674,1.38673,1.38673,0
74796000,1.38660,1.38661,1.38660,1.38661,0,1.38674,1.38674,1.38673,1.38673,0
74797000,1.38660,1.38661,1.38660,1.38661,0,1.38674,1.38674,1.38673,1.38673,0
74798000,1.38660,1.38660,1.38660,1.38660,0,1.38674,1.38674,1.38673,1.38673,0
74799000,1.38660,1.38660,1.38660,1.38660,0,1.38674,1.38674,1.38673,1.38674,0
74800000,1.38661,1.38661,1.38661,1.38661,0,1.38673,1.38673,1.38673,1.38673,0
74803000,1.38662,1.38662,1.38662,1.38662,0,1.38672,1.38672,1.38672,1.38672,0
74804000,1.38660,1.38660,1.38660,1.38660,0,1.38674,1.38674,1.38674,1.38674,0
74806000,1.38660,1.38660,1.38660,1.38660,0,1.38673,1.38673,1.38673,1.38673,0
74807000,1.38660,1.38660,1.38660,1.38660,0,1.38674,1.38674,1.38674,1.38674,0
74808000,1.38661,1.38661,1.38661,1.38661,0,1.38673,1.38673,1.38673,1.38673,0
74809000,1.38662,1.38662,1.38661,1.38661,0,1.38672,1.38673,1.38672,1.38673,0
74811000,1.38662,1.38662,1.38662,1.38662,0,1.38672,1.38672,1.38672,1.38672,0
74812000,1.38661,1.38661,1.38661,1.38661,0,1.38673,1.38673,1.38673,1.38673,0
74817000,1.38661,1.38661,1.38661,1.38661,0,1.38671,1.38671,1.38671,1.38671,0
74825000,1.38660,1.38660,1.38659,1.38659,0,1.38672,1.38673,1.38672,1.38673,0
74827000,1.38661,1.38661,1.38660,1.38660,0,1.38671,1.38672,1.38671,1.38672,0
74829000,1.38661,1.38661,1.38659,1.38659,0,1.38671,1.38673,1.38671,1.38673,0
74831000,1.38661,1.38661,1.38661,1.38661,0,1.38671,1.38671,1.38671,1.38671,0
74832000,1.38660,1.38660,1.38660,1.38660,0,1.38672,1.38672,1.38672,1.38672,0
74836000,1.38661,1.38661,1.38661,1.38661,0,1.38671,1.38671,1.38671,1.38671,0
74838000,1.38659,1.38660,1.38659,1.38659,0,1.38672,1.38672,1.38672,1.38672,0
74839000,1.38661,1.38661,1.38659,1.38659,0,1.38671,1.38672,1.38671,1.38672,0
74844000,1.38660,1.38660,1.38659,1.38659,0,1.38671,1.38672,1.38671,1.38672,0
74847000,1.38660,1.38660,1.38660,1.38660,0,1.38671,1.38671,1.38671,1.38671,0
74849000,1.38658,1.38658,1.38658,1.38658,0,1.38669,1.38669,1.38669,1.38669,0
74850000,1.38658,1.38658,1.38658,1.38658,0,1.38670,1.38670,1.38670,1.38670,0
74853000,1.38659,1.38660,1.38658,1.38660,0,1.38669,1.38671,1.38669,1.38671,0
74856000,1.38659,1.38659,1.38659,1.38659,0,1.38672,1.38672,1.38672,1.38672,0
74857000,1.38660,1.38660,1.38660,1.38660,0,1.38671,1.38671,1.38671,1.38671,0
74865000,1.38659,1.38659,1.38659,1.38659,0,1.38672,1.38672,1.38672,1.38672,0
74870000,1.38660,1.38660,1.38660,1.38660,0,1.38672,1.38672,1.38672,1.38672,0
74871000,1.38659,1.38659,1.38659,1.38659,0,1.38672,1.38672,1.38672,1.38672,0
74878000,1.38660,1.38660,1.38660,1.38660,0,1.38672,1.38672,1.38672,1.38672,0
74896000,1.38659,1.38661,1.38659,1.38661,0,1.38673,1.38673,1.38672,1.38672,0
74897000,1.38660,1.38661,1.38660,1.38661,0,1.38673,1.38673,1.38671,1.38671,0
74898000,1.38660,1.38660,1.38660,1.38660,0,1.38673,1.38673,1.38673,1.38673,0
74901000,1.38660,1.38660,1.38660,1.38660,0,1.38671,1.38671,1.38671,1.38671,0
74914000,1.38659,1.38659,1.38659,1.38659,0,1.38672,1.38672,1.38672,1.38672,0
74942000,1.38661,1.38661,1.38661,1.38661,0,1.38672,1.38672,1.38672,1.38672,0
74963000,1.38663,1.38663,1.38663,1.38663,0,1.38674,1.38674,1.38674,1.38674,0
74984000,1.38665,1.38665,1.38665,1.38665,0,1.38676,1.38676,1.38676,1.38676,0
75000000,1.38664,1.38664,1.38664,1.38664,0,1.38677,1.38677,1.38676,1.38676,0
75003000,1.38664,1.38664,1.38664,1.38664,0,1.38675,1.38675,1.38675,1.38675,0
75013000,1.38662,1.38662,1.38660,1.38662,0,1.38676,1.38676,1.38676,1.38676,0
75015000,1.38662,1.38662,1.38662,1.38662,0,1.38675,1.38675,1.38675,1.38675,0
75016000,1.38663,1.38663,1.38663,1.38663,0,1.38674,1.38674,1.38674,1.38674,0
75018000,1.38661,1.38661,1.38661,1.38661,0,1.38674,1.38674,1.38674,1.38674,0
75022000,1.38662,1.38662,1.38661,1.38661,0,1.38674,1.38674,1.38674,1.38674,0
75029000,1.38663,1.38663,1.38663,1.38663,0,1.38675,1.38675,1.38675,1.38675,0
75030000,1.38663,1.38664,1.38663,1.38664,0,1.38676,1.38677,1.38675,1.38677,0
75031000,1.38665,1.38665,1.38665,1.38665,0,1.38676,1.38676,1.38675,1.38675,0
75036000,1.38664,1.38666,1.38663,1.38666,0,1.38676,1.38678,1.38676,1.38678,0
75068000,1.38664,1.38664,1.38662,1.38662,0,1.38677,1.38677,1.38675,1.38675,0
75069000,1.38661,1.38661,1.38661,1.38661,0,1.38672,1.38672,1.38672,1.38672,0
75073000,1.38663,1.38663,1.38662,1.38662,0,1.38674,1.38674,1.38674,1.38674,0
75077000,1.38660,1.38660,1.38660,1.38660,0,1.38674,1.38674,1.38673,1.38673,0
75080000,1.38661,1.38661,1.38661,1.38661,0,1.38672,1.38672,1.38672,1.38672,0
75087000,1.38660,1.38660,1.38660,1.38660,0,1.38673,1.38674,1.38673,1.38674,0
75088000,1.38659,1.38667,1.38659,1.38667,0,1.38675,1.38678,1.38675,1.38678,0
75089000,1.38668,1.38668,1.38668,1.38668,0,1.38677,1.38677,1.38677,1.38677,0
75091000,1.38667,1.38667,1.38667,1.38667,0,1.38678,1.38678,1.38678,1.38678,0
75093000,1.38667,1.38667,1.38667,1.38667,0,1.38679,1.38679,1.38679,1.38679,0
75097000,1.38668,1.38668,1.38668,1.38668,0,1.38678,1.38678,1.38678,1.38678,0
75100000,1.38667,1.38668,1.38667,1.38668,0,1.38679,1.38679,1.38678,1.38678,0
75107000,1.38667,1.38667,1.38667,1.38667,0,1.38679,1.38679,1.38679,1.38679,0
75108000,1.38668,1.38668,1.38668,1.38668,0,1.38678,1.38678,1.38678,1.38678,0
75111000,1.38667,1.38667,1.38667,1.38667,0,1.38679,1.38679,1.38678,1.38678,0
75112000,1.38668,1.38668,1.38668,1.38668,0,1.38677,1.38677,1.38677,1.38677,0
75121000,1.38666,1.38667,1.38666,1.38667,0,1.38682,1.38682,1.38680,1.38680,0
75122000,1.38668,1.38668,1.38668,1.38668,0,1.38677,1.38677,1.38677,1.38677,0
75138000,1.38667,1.38667,1.38667,1.38667,0,1.38680,1.38680,1.38680,1.38680,0
75140000,1.38668,1.38668,1.38668,1.38668,0,1.38678,1.38678,1.38678,1.38678,0
75144000,1.38667,1.38667,1.38667,1.38667,0,1.38680,1.38680,1.38678,1.38678,0
75146000,1.38668,1.38668,1.38668,1.38668,0,1.38677,1.38677,1.38677,1.38677,0
75147000,1.38665,1.38669,1.38665,1.38669,0,1.38681,1.38683,1.38680,1.38680,0
75148000,1.38667,1.38668,1.38667,1.38668,0,1.38681,1.38681,1.38680,1.38680,0
75154000,1.38668,1.38668,1.38668,1.38668,0,1.38682,1.38682,1.38682,1.38682,0
75155000,1.38669,1.38669,1.38669,1.38669,0,1.38682,1.38682,1.38682,1.38682,0
75156000,1.38668,1.38668,1.38668,1.38668,0,1.38682,1.38682,1.38682,1.38682,0
75160000,1.38670,1.38674,1.38669,1.38674,0,1.38683,1.38689,1.38683,1.38687,0
75162000,1.38672,1.38673,1.38672,1.38673,0,1.38687,1.38687,1.38687,1.38687,0
75163000,1.38673,1.38673,1.38673,1.38673,0,1.38686,1.38686,1.38686,1.38686,0
75168000,1.38671,1.38672,1.38671,1.38672,0,1.38687,1.38689,1.38687,1.38689,0
75173000,1.38672,1.38672,1.38672,1.38672,0,1.38688,1.38688,1.38688,1.38688,0
75178000,1.38671,1.38671,1.38671,1.38671,0,1.38685,1.38685,1.38685,1.38685,0
75180000,1.38672,1.38672,1.38672,1.38672,0,1.38687,1.38687,1.38687,1.38687,0
75182000,1.38672,1.38672,1.38671,1.38671,0,1.38686,1.38687,1.38686,1.38687,0
75184000,1.38672,1.38672,1.38672,1.38672,0,1.38686,1.38686,1.38686,1.38686,0
75185000,1.38672,1.38672,1.38672,1.38672,0,1.38687,1.38687,1.38687,1.38687,0
75200000,1.38674,1.38674,1.38674,1.38674,0,1.38688,1.38688,1.38688,1.38688,0
75208000,1.38672,1.38672,1.38672,1.38672,0,1.38688,1.38688,1.38688,1.38688,0
75209000,1.38673,1.38673,1.38673,1.38673,0,1.38687,1.38687,1.38687,1.38687,0
75210000,1.38672,1.38673,1.38672,1.38673,0,1.38688,1.38688,1.38687,1.38687,0
75216000,1.38673,1.38674,1.38673,1.38674,0,1.38689,1.38689,1.38689,1.38689,0
75217000,1.38676,1.38676,1.38674,1.38676,0,1.38688,1.38689,1.38687,1.38688,0
75218000,1.38676,1.38676,1.38676,1.38676,0,1.38689,1.38690,1.38689,1.38690,0
75219000,1.38677,1.38677,1.38677,1.38677,0,1.38690,1.38690,1.38690,1.38690,0
75221000,1.38678,1.38678,1.38677,1.38677,0,1.38689,1.38690,1.38689,1.38690,0
75223000,1.38677,1.38677,1.38676,1.38676,0,1.38691,1.38691,1.38691,1.38691,0
75225000,1.38677,1.38677,1.38676,1.38676,0,1.38690,1.38691,1.38690,1.38691,0
75227000,1.38677,1.38677,1.38677,1.38677,0,1.38690,1.38690,1.38690,1.38690,0
75228000,1.38676,1.38676,1.38676,1.38676,0,1.38690,1.38690,1.38690,1.38690,0
75233000,1.38677,1.38677,1.38677,1.38677,0,1.38690,1.38690,1.38690,1.38690,0
75239000,1.38676,1.38677,1.38676,1.38677,0,1.38691,1.38691,1.38690,1.38690,0
75240000,1.38676,1.38676,1.38676,1.38676,0,1.38691,1.38691,1.38690,1.38690,0
75241000,1.38677,1.38677,1.38676,1.38676,0,1.38690,1.38690,1.38690,1.38690,0
75243000,1.38676,1.38676,1.38676,1.38676,0,1.38691,1.38691,1.38691,1.38691,0
75244000,1.38677,1.38677,1.38677,1.38677,0,1.38691,1.38691,1.38690,1.38690,0
75245000,1.38677,1.38677,1.38676,1.38676,0,1.38689,1.38691,1.38689,1.38691,0
75248000,1.38676,1.38676,1.38676,1.38676,0,1.38690,1.38690,1.38690,1.38690,0
75252000,1.38677,1.38679,1.38677,1.38679,0,1.38690,1.38693,1.38690,1.38693,0
75253000,1.38679,1.38679,1.38679,1.38679,0,1.38692,1.38692,1.38692,1.38692,0
75259000,1.38678,1.38679,1.38678,1.38679,0,1.38692,1.38692,1.38692,1.38692,0
75268000,1.38680,1.38680,1.38680,1.38680,0,1.38691,1.38691,1.38691,1.38691,0
75273000,1.38679,1.38679,1.38679,1.38679,0,1.38691,1.38691,1.38691,1.38691,0
75277000,1.38679,1.38683,1.38679,1.38680,0,1.38694,1.38697,1.38692,1.38692,0
75279000,1.38679,1.38679,1.38679,1.38679,0,1.38692,1.38692,1.38692,1.38692,0
75295000,1.38680,1.38680,1.38680,1.38680,0,1.38694,1.38694,1.38694,1.38694,0
75298000,1.38681,1.38681,1.38681,1.38681,0,1.38694,1.38694,1.38694,1.38694,0
75300000,1.38679,1.38679,1.38679,1.38679,0,1.38692,1.38693,1.38692,1.38693,0
75302000,1.38679,1.38679,1.38679,1.38679,0,1.38694,1.38694,1.38694,1.38694,0
75317000,1.38679,1.38679,1.38679,1.38679,0,1.38693,1.38693,1.38693,1.38693,0
75326000,1.38678,1.38678,1.38677,1.38677,0,1.38693,1.38693,1.38691,1.38691,0
75327000,1.38679,1.38679,1.38679,1.38679,0,1.38692,1.38694,1.38692,1.38694,0
75338000,1.38678,1.38678,1.38678,1.38678,0,1.38694,1.38694,1.38694,1.38694,0
75340000,1.38682,1.38682,1.38682,1.38682,0,1.38692,1.38692,1.38692,1.38692,0
75341000,1.38678,1.38678,1.38678,1.38678,0,1.38694,1.38694,1.38694,1.38694,0
75365000,1.38681,1.38681,1.38679,1.38679,0,1.38692,1.38694,1.38692,1.38694,0
75368000,1.38678,1.38679,1.38678,1.38679,0,1.38692,1.38692,1.38691,1.38691,0
75397000,1.38678,1.38678,1.38678,1.38678,0,1.38691,1.38691,1.38691,1.38691,0
75401000,1.38679,1.38679,1.38679,1.38679,0,1.38690,1.38690,1.38690,1.38690,0
75410000,1.38678,1.38678,1.38678,1.38678,0,1.38691,1.38691,1.38691,1.38691,0
75411000,1.38676,1.38676,1.38676,1.38676,0,1.38689,1.38689,1.38689,1.38689,0
75412000,1.38676,1.38676,1.38672,1.38674,0,1.38688,1.38688,1.38686,1.38686,0
75420000,1.38672,1.38673,1.38672,1.38673,0,1.38684,1.38684,1.38684,1.38684,0
75421000,1.38673,1.38674,1.38673,1.38674,0,1.38686,1.38686,1.38686,1.38686,0
75427000,1.38674,1.38674,1.38674,1.38674,0,1.38687,1.38687,1.38687,1.38687,0
75431000,1.38675,1.38675,1.38675,1.38675,0,1.38689,1.38689,1.38689,1.38689,0
75448000,1.38674,1.38677,1.38674,1.38677,0,1.38690,1.38691,1.38689,1.38689,0
75449000,1.38678,1.38680,1.38678,1.38678,0,1.38688,1.38690,1.38688,1.38690,0
75455000,1.38679,1.38679,1.38679,1.38679,0,1.38690,1.38690,1.38690,1.38690,0
75456000,1.38679,1.38679,1.38679,1.38679,0,1.38691,1.38691,1.38691,1.38691,0
75457000,1.38680,1.38680,1.38680,1.38680,0,1.38690,1.38692,1.38690,1.38692,0
75458000,1.38682,1.38682,1.38682,1.38682,0,1.38694,1.38694,1.38694,1.38694,0
75470000,1.38683,1.38683,1.38678,1.38678,0,1.38693,1.38694,1.38692,1.38693,0
75471000,1.38677,1.38679,1.38675,1.38679,0,1.38691,1.38691,1.38689,1.38691,0
75472000,1.38680,1.38680,1.38680,1.38680,0,1.38691,1.38691,1.38691,1.38691,0
75480000,1.38677,1.38677,1.38677,1.38677,0,1.38690,1.38690,1.38690,1.38690,0
75487000,1.38681,1.38681,1.38681,1.38681,0,1.38693,1.38693,1.38693,1.38693,0
75493000,1.38678,1.38680,1.38678,1.38680,0,1.38694,1.38694,1.38692,1.38692,0
75499000,1.38678,1.38678,1.38678,1.38678,0,1.38692,1.38692,1.38692,1.38692,0
75502000,1.38680,1.38680,1.38678,1.38678,0,1.38691,1.38692,1.38691,1.38692,0
75505000,1.38677,1.38677,1.38677,1.38677,0,1.38694,1.38694,1.38694,1.38694,0
75513000,1.38680,1.38685,1.38680,1.38685,0,1.38697,1.38697,1.38697,1.38697,0
75521000,1.38684,1.38684,1.38684,1.38684,0,1.38695,1.38696,1.38695,1.38696,0
75524000,1.38684,1.38684,1.38684,1.38684,0,1.38697,1.38697,1.38697,1.38697,0
75534000,1.38684,1.38684,1.38684,1.38684,0,1.38696,1.38696,1.38696,1.38696,0
75547000,1.38683,1.38683,1.38683,1.38683,0,1.38701,1.38701,1.38701,1.38701,0
75548000,1.38687,1.38687,1.38687,1.38687,0,1.38699,1.38699,1.38699,1.38699,0
75558000,1.38687,1.38693,1.38687,1.38693,0,1.38702,1.38710,1.38702,1.38707,0
75559000,1.38693,1.38693,1.38687,1.38689,0,1.38706,1.38706,1.38701,1.38702,0
75560000,1.38690,1.38690,1.38689,1.38689,0,1.38701,1.38703,1.38701,1.38703,0
75562000,1.38690,1.38690,1.38690,1.38690,0,1.38703,1.38703,1.38703,1.38703,0
75578000,1.38688,1.38689,1.38686,1.38689,0,1.38701,1.38703,1.38700,1.38702,0
75727000,1.38677,1.38677,1.38677,1.38677,0,1.38694,1.38694,1.38694,1.38694,0
75728000,1.38677,1.38677,1.38677,1.38677,0,1.38690,1.38690,1.38690,1.38690,0
75738000,1.38678,1.38678,1.38678,1.38678,0,1.38688,1.38689,1.38688,1.38689,0
75740000,1.38663,1.38663,1.38663,1.38663,0,1.38703,1.38703,1.38703,1.38703,0
75745000,1.38665,1.38665,1.38665,1.38665,0,1.38701,1.38701,1.38701,1.38701,0
75759000,1.38678,1.38678,1.38678,1.38678,0,1.38687,1.38687,1.38687,1.38687,0
75761000,1.38677,1.38677,1.38662,1.38662,0,1.38688,1.38697,1.38688,1.38697,0
75765000,1.38665,1.38665,1.38665,1.38665,0,1.38700,1.38700,1.38700,1.38700,0
75780000,1.38671,1.38671,1.38671,1.38671,0,1.38692,1.38692,1.38692,1.38692,0
75785000,1.38669,1.38669,1.38669,1.38669,0,1.38694,1.38694,1.38694,1.38694,0
75789000,1.38663,1.38663,1.38663,1.38663,0,1.38703,1.38703,1.38703,1.38703,0
75797000,1.38673,1.38673,1.38664,1.38664,0,1.38694,1.38705,1.38694,1.38705,0
75800000,1.38670,1.38670,1.38659,1.38660,0,1.38694,1.38701,1.38694,1.38701,0
75802000,1.38666,1.38666,1.38666,1.38666,0,1.38695,1.38695,1.38695,1.38695,0
75806000,1.38668,1.38668,1.38668,1.38668,0,1.38692,1.38692,1.38692,1.38692,0
75827000,1.38666,1.38666,1.38666,1.38666,0,1.38690,1.38690,1.38690,1.38690,0
75859000,1.38664,1.38664,1.38644,1.38645,0,1.38687,1.38698,1.38684,1.38691,0
75860000,1.38649,1.38649,1.38649,1.38649,0,1.38692,1.38692,1.38692,1.38692,0
75872000,1.38649,1.38649,1.38649,1.38649,0,1.38689,1.38689,1.38689,1.38689,0
75873000,1.38649,1.38649,1.38649,1.38649,0,1.38687,1.38687,1.38687,1.38687,0
75878000,1.38648,1.38648,1.38648,1.38648,0,1.38685,1.38685,1.38685,1.38685,0
75879000,1.38649,1.38649,1.38649,1.38649,0,1.38683,1.38683,1.38683,1.38683,0
75883000,1.38649,1.38651,1.38649,1.38649,0,1.38684,1.38691,1.38684,1.38691,0
75884000,1.38647,1.38647,1.38643,1.38645,0,1.38687,1.38687,1.38683,1.38683,0
75885000,1.38649,1.38649,1.38649,1.38649,0,1.38678,1.38678,1.38678,1.38678,0
75886000,1.38650,1.38653,1.38650,1.38653,0,1.38678,1.38680,1.38678,1.38680,0
75887000,1.38656,1.38656,1.38656,1.38656,0,1.38678,1.38678,1.38678,1.38678,0
75890000,1.38657,1.38657,1.38657,1.38657,0,1.38677,1.38677,1.38677,1.38677,0
75894000,1.38655,1.38664,1.38655,1.38664,0,1.38687,1.38694,1.38687,1.38693,0
75899000,1.38668,1.38668,1.38659,1.38659,0,1.38686,1.38692,1.38686,1.38689,0
75900000,1.38661,1.38661,1.38661,1.38661,0,1.38688,1.38688,1.38688,1.38688,0
75901000,1.38662,1.38662,1.38662,1.38662,0,1.38688,1.38688,1.38688,1.38688,0
75905000,1.38659,1.38659,1.38659,1.38659,0,1.38684,1.38684,1.38684,1.38684,0
75909000,1.38661,1.38661,1.38661,1.38661,0,1.38683,1.38683,1.38683,1.38683,0
75917000,1.38662,1.38662,1.38662,1.38662,0,1.38686,1.38686,1.38686,1.38686,0
75922000,1.38660,1.38660,1.38660,1.38660,0,1.38681,1.38681,1.38681,1.38681,0
75931000,1.38659,1.38659,1.38659,1.38659,0,1.38681,1.38681,1.38681,1.38681,0
75949000,1.38660,1.38660,1.38660,1.38660,0,1.38681,1.38681,1.38681,1.38681,0
75979000,1.38660,1.38660,1.38657,1.38657,0,1.38680,1.38681,1.38678,1.38681,0
75980000,1.38658,1.38658,1.38658,1.38658,0,1.38680,1.38680,1.38680,1.38680,0
75983000,1.38658,1.38658,1.38658,1.38658,0,1.38681,1.38681,1.38681,1.38681,0
75988000,1.38658,1.38658,1.38657,1.38657,0,1.38679,1.38679,1.38677,1.38677,0
76001000,1.38656,1.38656,1.38656,1.38656,0,1.38677,1.38677,1.38677,1.38677,0
76015000,1.38655,1.38655,1.38655,1.38655,0,1.38675,1.38677,1.38675,1.38677,0
76021000,1.38655,1.38655,1.38655,1.38655,0,1.38676,1.38676,1.38675,1.38675,0
76022000,1.38655,1.38655,1.38655,1.38655,0,1.38677,1.38677,1.38677,1.38677,0
76060000,1.38655,1.38657,1.38655,1.38657,0,1.38679,1.38681,1.38679,1.38681,0
76072000,1.38661,1.38661,1.38661,1.38661,0,1.38683,1.38683,1.38683,1.38683,0
76083000,1.38658,1.38658,1.38657,1.38657,0,1.38685,1.38685,1.38683,1.38683,0
76084000,1.38658,1.38658,1.38658,1.38658,0,1.38681,1.38681,1.38681,1.38681,0
76089000,1.38660,1.38660,1.38658,1.38658,0,1.38681,1.38686,1.38681,1.38686,0
76090000,1.38661,1.38661,1.38661,1.38661,0,1.38686,1.38686,1.38686,1.38686,0
76091000,1.38662,1.38662,1.38662,1.38662,0,1.38685,1.38685,1.38685,1.38685,0
76104000,1.38663,1.38663,1.38663,1.38663,0,1.38684,1.38684,1.38684,1.38684,0
76109000,1.38662,1.38662,1.38662,1.38662,0,1.38685,1.38685,1.38685,1.38685,0
76126000,1.38663,1.38663,1.38663,1.38663,0,1.38685,1.38685,1.38685,1.38685,0
76144000,1.38661,1.38661,1.38661,1.38661,0,1.38687,1.38687,1.38687,1.38687,0
76151000,1.38659,1.38659,1.38659,1.38659,0,1.38688,1.38688,1.38688,1.38688,0
76152000,1.38662,1.38662,1.38662,1.38662,0,1.38687,1.38687,1.38687,1.38687,0
76161000,1.38661,1.38661,1.38661,1.38661,0,1.38688,1.38688,1.38688,1.38688,0
76171000,1.38661,1.38661,1.38661,1.38661,0,1.38686,1.38686,1.38686,1.38686,0
76183000,1.38661,1.38661,1.38661,1.38661,0,1.38685,1.38685,1.38685,1.38685,0
76214000,1.38657,1.38657,1.38657,1.38657,0,1.38683,1.38683,1.38682,1.38682,0
76215000,1.38659,1.38659,1.38659,1.38659,0,1.38680,1.38680,1.38680,1.38680,0
76257000,1.38658,1.38658,1.38658,1.38658,0,1.38681,1.38681,1.38681,1.38681,0
76258000,1.38658,1.38658,1.38658,1.38658,0,1.38679,1.38679,1.38679,1.38679,0
76291000,1.38658,1.38658,1.38658,1.38658,0,1.38680,1.38680,1.38680,1.38680,0
76299000,1.38659,1.38659,1.38659,1.38659,0,1.38680,1.38680,1.38680,1.38680,0
76324000,1.38657,1.38657,1.38657,1.38657,0,1.38678,1.38678,1.38678,1.38678,0
76329000,1.38659,1.38659,1.38659,1.38659,0,1.38680,1.38680,1.38680,1.38680,0
76332000,1.38659,1.38659,1.38659,1.38659,0,1.38681,1.38681,1.38681,1.38681,0
76340000,1.38657,1.38657,1.38657,1.38657,0,1.38681,1.38681,1.38681,1.38681,0
76346000,1.38656,1.38656,1.38656,1.38656,0,1.38679,1.38679,1.38679,1.38679,0
76356000,1.38659,1.38670,1.38659,1.38668,0,1.38681,1.38695,1.38681,1.38695,0
76357000,1.38669,1.38673,1.38669,1.38673,0,1.38695,1.38696,1.38695,1.38695,0
76359000,1.38671,1.38671,1.38662,1.38662,0,1.38695,1.38698,1.38695,1.38698,0
76360000,1.38665,1.38665,1.38665,1.38665,0,1.38695,1.38695,1.38695,1.38695,0
76370000,1.38664,1.38664,1.38664,1.38664,0,1.38696,1.38696,1.38696,1.38696,0
76375000,1.38666,1.38666,1.38666,1.38666,0,1.38694,1.38694,1.38694,1.38694,0
76400000,1.38674,1.38674,1.38674,1.38674,0,1.38690,1.38690,1.38690,1.38690,0
76435000,1.38666,1.38667,1.38666,1.38667,0,1.38690,1.38690,1.38690,1.38690,0
76440000,1.38668,1.38671,1.38668,1.38669,0,1.38693,1.38694,1.38692,1.38692,0
76442000,1.38672,1.38672,1.38672,1.38672,0,1.38690,1.38690,1.38690,1.38690,0
76444000,1.38672,1.38672,1.38672,1.38672,0,1.38691,1.38691,1.38691,1.38691,0
76446000,1.38673,1.38673,1.38673,1.38673,0,1.38691,1.38691,1.38691,1.38691,0
76449000,1.38669,1.38669,1.38667,1.38667,0,1.38690,1.38691,1.38690,1.38691,0
76450000,1.38667,1.38667,1.38667,1.38667,0,1.38690,1.38690,1.38690,1.38690,0
76455000,1.38668,1.38670,1.38668,1.38670,0,1.38692,1.38693,1.38692,1.38692,0
76457000,1.38672,1.38672,1.38672,1.38672,0,1.38691,1.38691,1.38691,1.38691,0
76467000,1.38673,1.38673,1.38673,1.38673,0,1.38691,1.38691,1.38691,1.38691,0
76468000,1.38668,1.38668,1.38666,1.38666,0,1.38691,1.38691,1.38690,1.38690,0
76470000,1.38667,1.38667,1.38667,1.38667,0,1.38690,1.38690,1.38690,1.38690,0
76474000,1.38668,1.38668,1.38668,1.38668,0,1.38694,1.38694,1.38694,1.38694,0
76475000,1.38672,1.38672,1.38671,1.38671,0,1.38690,1.38691,1.38690,1.38691,0
76531000,1.38673,1.38673,1.38673,1.38673,0,1.38692,1.38692,1.38692,1.38692,0
76546000,1.38665,1.38665,1.38665,1.38665,0,1.38695,1.38695,1.38695,1.38695,0
76552000,1.38666,1.38666,1.38666,1.38666,0,1.38697,1.38697,1.38697,1.38697,0
76572000,1.38667,1.38667,1.38667,1.38667,0,1.38696,1.38696,1.38696,1.38696,0
76584000,1.38672,1.38672,1.38672,1.38672,0,1.38692,1.38692,1.38692,1.38692,0
76593000,1.38666,1.38666,1.38666,1.38666,0,1.38698,1.38698,1.38698,1.38698,0
76613000,1.38672,1.38672,1.38672,1.38672,0,1.38692,1.38692,1.38692,1.38692,0
76620000,1.38667,1.38667,1.38667,1.38667,0,1.38697,1.38697,1.38697,1.38697,0
76621000,1.38671,1.38671,1.38671,1.38671,0,1.38694,1.38694,1.38694,1.38694,0
76622000,1.38672,1.38672,1.38672,1.38672,0,1.38693,1.38693,1.38692,1.38692,0
76653000,1.38666,1.38666,1.38666,1.38666,0,1.38698,1.38698,1.38698,1.38698,0
76663000,1.38667,1.38667,1.38667,1.38667,0,1.38698,1.38698,1.38698,1.38698,0
76664000,1.38671,1.38671,1.38671,1.38671,0,1.38692,1.38692,1.38692,1.38692,0
76687000,1.38663,1.38663,1.38663,1.38663,0,1.38694,1.38694,1.38694,1.38694,0
76698000,1.38666,1.38666,1.38666,1.38666,0,1.38695,1.38695,1.38695,1.38695,0
76702000,1.38664,1.38664,1.38664,1.38664,0,1.38696,1.38696,1.38696,1.38696,0
76740000,1.38664,1.38664,1.38664,1.38664,0,1.38695,1.38695,1.38695,1.38695,0
76751000,1.38667,1.38672,1.38667,1.38672,0,1.38697,1.38697,1.38695,1.38695,0
76756000,1.38674,1.38676,1.38674,1.38676,0,1.38695,1.38699,1.38695,1.38699,0
76757000,1.38676,1.38676,1.38675,1.38675,0,1.38701,1.38702,1.38701,1.38702,0
76762000,1.38676,1.38676,1.38676,1.38676,0,1.38701,1.38701,1.38701,1.38701,0
76811000,1.38675,1.38675,1.38675,1.38675,0,1.38701,1.38701,1.38701,1.38701,0
76817000,1.38673,1.38673,1.38673,1.38673,0,1.38699,1.38699,1.38697,1.38697,0
76819000,1.38675,1.38675,1.38672,1.38672,0,1.38697,1.38697,1.38695,1.38696,0
76832000,1.38672,1.38672,1.38672,1.38672,0,1.38695,1.38695,1.38695,1.38695,0
76845000,1.38671,1.38671,1.38668,1.38669,0,1.38700,1.38700,1.38695,1.38695,0
76846000,1.38670,1.38671,1.38670,1.38671,0,1.38694,1.38694,1.38693,1.38693,0
76848000,1.38675,1.38675,1.38675,1.38675,0,1.38689,1.38689,1.38689,1.38689,0
76851000,1.38674,1.38674,1.38674,1.38674,0,1.38690,1.38690,1.38690,1.38690,0
76856000,1.38675,1.38675,1.38675,1.38675,0,1.38689,1.38689,1.38689,1.38689,0
76860000,1.38673,1.38673,1.38673,1.38673,0,1.38690,1.38690,1.38690,1.38690,0
76863000,1.38674,1.38674,1.38674,1.38674,0,1.38690,1.38690,1.38690,1.38690,0
76865000,1.38675,1.38675,1.38675,1.38675,0,1.38692,1.38692,1.38692,1.38692,0
76868000,1.38675,1.38675,1.38675,1.38675,0,1.38693,1.38694,1.38693,1.38694,0
76875000,1.38675,1.38677,1.38675,1.38675,0,1.38693,1.38696,1.38693,1.38696,0
76876000,1.38674,1.38674,1.38674,1.38674,0,1.38694,1.38694,1.38694,1.38694,0
76877000,1.38676,1.38676,1.38676,1.38676,0,1.38697,1.38697,1.38697,1.38697,0
76884000,1.38673,1.38673,1.38672,1.38672,0,1.38698,1.38698,1.38698,1.38698,0
76888000,1.38673,1.38673,1.38673,1.38673,0,1.38695,1.38695,1.38695,1.38695,0
76896000,1.38675,1.38675,1.38675,1.38675,0,1.38694,1.38694,1.38694,1.38694,0
77016000,1.38678,1.38678,1.38678,1.38678,0,1.38696,1.38696,1.38696,1.38696,0
77043000,1.38676,1.38676,1.38676,1.38676,0,1.38694,1.38694,1.38694,1.38694,0
77068000,1.38675,1.38675,1.38675,1.38675,0,1.38694,1.38694,1.38694,1.38694,0
77070000,1.38677,1.38677,1.38677,1.38677,0,1.38694,1.38703,1.38694,1.38703,0
77071000,1.38677,1.38677,1.38677,1.38677,0,1.38701,1.38701,1.38701,1.38701,0
77076000,1.38676,1.38676,1.38676,1.38676,0,1.38702,1.38702,1.38700,1.38700,0
77082000,1.38676,1.38676,1.38676,1.38676,0,1.38699,1.38699,1.38699,1.38699,0
77084000,1.38676,1.38676,1.38676,1.38676,0,1.38697,1.38697,1.38697,1.38697,0
77094000,1.38675,1.38675,1.38675,1.38675,0,1.38699,1.38699,1.38699,1.38699,0
77110000,1.38676,1.38676,1.38675,1.38676,0,1.38698,1.38698,1.38693,1.38693,0
77111000,1.38677,1.38677,1.38677,1.38677,0,1.38692,1.38692,1.38692,1.38692,0
77119000,1.38675,1.38675,1.38671,1.38671,0,1.38690,1.38690,1.38690,1.38690,0
77122000,1.38671,1.38671,1.38671,1.38671,0,1.38688,1.38688,1.38688,1.38688,0
77135000,1.38665,1.38665,1.38662,1.38662,0,1.38693,1.38693,1.38691,1.38691,0
77136000,1.38667,1.38673,1.38667,1.38673,0,1.38686,1.38695,1.38686,1.38695,0
77137000,1.38676,1.38676,1.38676,1.38676,0,1.38693,1.38693,1.38692,1.38692,0
77145000,1.38678,1.38678,1.38676,1.38677,0,1.38694,1.38699,1.38694,1.38699,0
77155000,1.38676,1.38676,1.38676,1.38676,0,1.38699,1.38699,1.38699,1.38699,0
77179000,1.38677,1.38677,1.38677,1.38677,0,1.38698,1.38698,1.38698,1.38698,0
77181000,1.38676,1.38676,1.38676,1.38676,0,1.38699,1.38699,1.38699,1.38699,0
77264000,1.38677,1.38677,1.38677,1.38677,0,1.38699,1.38699,1.38699,1.38699,0
77266000,1.38676,1.38676,1.38676,1.38676,0,1.38699,1.38699,1.38699,1.38699,0
77276000,1.38674,1.38674,1.38674,1.38674,0,1.38696,1.38696,1.38696,1.38696,0
77277000,1.38674,1.38674,1.38674,1.38674,0,1.38695,1.38695,1.38695,1.38695,0
77279000,1.38672,1.38676,1.38672,1.38676,0,1.38697,1.38700,1.38697,1.38700,0
77280000,1.38679,1.38681,1.38679,1.38681,0,1.38703,1.38704,1.38702,1.38702,0
77297000,1.38680,1.38680,1.38679,1.38679,0,1.38699,1.38702,1.38699,1.38702,0
77298000,1.38681,1.38681,1.38681,1.38681,0,1.38701,1.38701,1.38701,1.38701,0
77299000,1.38679,1.38679,1.38669,1.38669,0,1.38699,1.38700,1.38694,1.38696,0
77300000,1.38670,1.38670,1.38670,1.38670,0,1.38693,1.38693,1.38693,1.38693,0
77301000,1.38671,1.38671,1.38671,1.38671,0,1.38692,1.38692,1.38692,1.38692,0
77303000,1.38670,1.38670,1.38670,1.38670,0,1.38693,1.38693,1.38693,1.38693,0
77306000,1.38672,1.38674,1.38672,1.38674,0,1.38695,1.38697,1.38695,1.38696,0
77307000,1.38676,1.38676,1.38676,1.38676,0,1.38694,1.38694,1.38694,1.38694,0
77311000,1.38675,1.38675,1.38669,1.38669,0,1.38695,1.38695,1.38693,1.38694,0
77312000,1.38669,1.38671,1.38669,1.38671,0,1.38693,1.38693,1.38689,1.38689,0
77315000,1.38672,1.38674,1.38672,1.38674,0,1.38691,1.38694,1.38691,1.38693,0
77316000,1.38674,1.38674,1.38674,1.38674,0,1.38694,1.38694,1.38694,1.38694,0
77325000,1.38672,1.38672,1.38670,1.38670,0,1.38693,1.38694,1.38693,1.38694,0
77326000,1.38670,1.38670,1.38670,1.38670,0,1.38693,1.38693,1.38693,1.38693,0
77329000,1.38673,1.38679,1.38673,1.38674,0,1.38694,1.38702,1.38694,1.38696,0
77330000,1.38675,1.38675,1.38668,1.38670,0,1.38695,1.38695,1.38693,1.38695,0
77331000,1.38670,1.38670,1.38670,1.38670,0,1.38693,1.38693,1.38693,1.38693,0
77335000,1.38671,1.38676,1.38671,1.38676,0,1.38693,1.38696,1.38693,1.38695,0
77370000,1.38677,1.38677,1.38677,1.38677,0,1.38693,1.38693,1.38693,1.38693,0
77385000,1.38676,1.38676,1.38676,1.38676,0,1.38694,1.38694,1.38694,1.38694,0
77400000,1.38676,1.38676,1.38675,1.38675,0,1.38693,1.38693,1.38693,1.38693,0
77401000,1.38671,1.38671,1.38660,1.38663,0,1.38693,1.38694,1.38689,1.38689,0
77403000,1.38665,1.38665,1.38665,1.38665,0,1.38686,1.38686,1.38686,1.38686,0
77411000,1.38667,1.38667,1.38667,1.38667,0,1.38688,1.38688,1.38686,1.38686,0
77421000,1.38666,1.38666,1.38666,1.38666,0,1.38687,1.38687,1.38687,1.38687,0
77436000,1.38666,1.38666,1.38664,1.38664,0,1.38686,1.38686,1.38686,1.38686,0
77437000,1.38664,1.38664,1.38664,1.38664,0,1.38685,1.38685,1.38685,1.38685,0
77438000,1.38662,1.38664,1.38662,1.38664,0,1.38684,1.38684,1.38683,1.38683,0
77441000,1.38662,1.38663,1.38661,1.38663,0,1.38684,1.38684,1.38683,1.38683,0
77442000,1.38666,1.38669,1.38666,1.38667,0,1.38684,1.38695,1.38684,1.38695,0
77443000,1.38670,1.38671,1.38670,1.38671,0,1.38694,1.38694,1.38692,1.38692,0
77444000,1.38673,1.38673,1.38661,1.38662,0,1.38690,1.38695,1.38686,1.38686,0
77446000,1.38664,1.38664,1.38664,1.38664,0,1.38685,1.38685,1.38685,1.38685,0
77456000,1.38665,1.38666,1.38665,1.38666,0,1.38688,1.38688,1.38688,1.38688,0
77457000,1.38669,1.38674,1.38669,1.38674,0,1.38689,1.38693,1.38689,1.38692,0
77472000,1.38670,1.38670,1.38670,1.38670,0,1.38691,1.38691,1.38691,1.38691,0
77474000,1.38673,1.38673,1.38673,1.38673,0,1.38694,1.38694,1.38694,1.38694,0
77478000,1.38675,1.38675,1.38675,1.38675,0,1.38690,1.38690,1.38690,1.38690,0
77495000,1.38672,1.38672,1.38666,1.38667,0,1.38689,1.38692,1.38688,1.38688,0
77496000,1.38670,1.38671,1.38670,1.38671,0,1.38691,1.38691,1.38691,1.38691,0
77516000,1.38674,1.38674,1.38674,1.38674,0,1.38690,1.38690,1.38690,1.38690,0
77517000,1.38676,1.38676,1.38676,1.38676,0,1.38690,1.38690,1.38690,1.38690,0
77518000,1.38677,1.38677,1.38677,1.38677,0,1.38689,1.38689,1.38689,1.38689,0
77523000,1.38673,1.38673,1.38670,1.38670,0,1.38693,1.38693,1.38689,1.38689,0
77524000,1.38671,1.38671,1.38671,1.38671,0,1.38689,1.38689,1.38689,1.38689,0
77568000,1.38671,1.38671,1.38671,1.38671,0,1.38688,1.38688,1.38688,1.38688,0
77569000,1.38671,1.38671,1.38671,1.38671,0,1.38686,1.38686,1.38686,1.38686,0
77579000,1.38669,1.38669,1.38669,1.38669,0,1.38685,1.38685,1.38685,1.38685,0
77581000,1.38670,1.38670,1.38668,1.38668,0,1.38688,1.38688,1.38686,1.38686,0
77582000,1.38670,1.38670,1.38670,1.38670,0,1.38686,1.38686,1.38686,1.38686,0
77613000,1.38667,1.38667,1.38667,1.38667,0,1.38686,1.38686,1.38686,1.38686,0
77633000,1.38666,1.38666,1.38666,1.38666,0,1.38687,1.38687,1.38687,1.38687,0
77656000,1.38665,1.38665,1.38664,1.38664,0,1.38684,1.38687,1.38684,1.38687,0
77657000,1.38663,1.38663,1.38663,1.38663,0,1.38683,1.38683,1.38683,1.38683,0
77667000,1.38664,1.38665,1.38664,1.38665,0,1.38683,1.38686,1.38683,1.38683,0
77673000,1.38662,1.38662,1.38662,1.38662,0,1.38682,1.38682,1.38682,1.38682,0
77674000,1.38664,1.38664,1.38664,1.38664,0,1.38682,1.38682,1.38682,1.38682,0
77678000,1.38663,1.38663,1.38663,1.38663,0,1.38682,1.38682,1.38682,1.38682,0
77683000,1.38665,1.38665,1.38664,1.38664,0,1.38680,1.38681,1.38680,1.38681,0
77689000,1.38667,1.38668,1.38667,1.38667,0,1.38684,1.38688,1.38684,1.38688,0
77701000,1.38665,1.38665,1.38665,1.38665,0,1.38686,1.38686,1.38686,1.38686,0
77715000,1.38665,1.38665,1.38665,1.38665,0,1.38685,1.38685,1.38685,1.38685,0
77770000,1.38666,1.38666,1.38666,1.38666,0,1.38685,1.38685,1.38685,1.38685,0
77807000,1.38666,1.38666,1.38666,1.38666,0,1.38686,1.38686,1.38686,1.38686,0
77841000,1.38665,1.38665,1.38665,1.38665,0,1.38687,1.38687,1.38687,1.38687,0
77882000,1.38666,1.38666,1.38666,1.38666,0,1.38686,1.38686,1.38686,1.38686,0
77887000,1.38666,1.38666,1.38666,1.38666,0,1.38686,1.38686,1.38686,1.38686,0
77896000,1.38666,1.38666,1.38666,1.38666,0,1.38686,1.38686,1.38686,1.38686,0
77910000,1.38664,1.38665,1.38664,1.38665,0,1.38682,1.38683,1.38682,1.38682,0
77911000,1.38666,1.38666,1.38665,1.38665,0,1.38682,1.38683,1.38682,1.38683,0
77913000,1.38666,1.38666,1.38666,1.38666,0,1.38683,1.38683,1.38683,1.38683,0
77914000,1.38666,1.38666,1.38666,1.38666,0,1.38683,1.38683,1.38683,1.38683,0
77916000,1.38666,1.38666,1.38663,1.38663,0,1.38684,1.38685,1.38684,1.38685,0
77918000,1.38664,1.38664,1.38664,1.38664,0,1.38683,1.38683,1.38683,1.38683,0
77929000,1.38664,1.38664,1.38664,1.38664,0,1.38683,1.38683,1.38683,1.38683,0
77931000,1.38664,1.38664,1.38664,1.38664,0,1.38686,1.38686,1.38686,1.38686,0
77951000,1.38665,1.38665,1.38665,1.38665,0,1.38685,1.38685,1.38685,1.38685,0
77979000,1.38664,1.38664,1.38664,1.38664,0,1.38686,1.38686,1.38686,1.38686,0
78004000,1.38663,1.38663,1.38663,1.38663,0,1.38682,1.38682,1.38682,1.38682,0
78008000,1.38664,1.38665,1.38664,1.38665,0,1.38684,1.38687,1.38684,1.38687,0
78020000,1.38665,1.38665,1.38665,1.38665,0,1.38686,1.38686,1.38686,1.38686,0
78026000,1.38666,1.38666,1.38666,1.38666,0,1.38686,1.38686,1.38686,1.38686,0
78032000,1.38664,1.38664,1.38664,1.38664,0,1.38682,1.38683,1.38682,1.38683,0
78036000,1.38665,1.38666,1.38665,1.38666,0,1.38687,1.38687,1.38687,1.38687,0
78042000,1.38664,1.38664,1.38664,1.38664,0,1.38685,1.38685,1.38685,1.38685,0
78057000,1.38666,1.38666,1.38666,1.38666,0,1.38687,1.38687,1.38687,1.38687,0
78060000,1.38663,1.38663,1.38662,1.38662,0,1.38680,1.38681,1.38680,1.38681,0
78062000,1.38661,1.38661,1.38661,1.38661,0,1.38682,1.38682,1.38682,1.38682,0
78063000,1.38663,1.38663,1.38663,1.38663,0,1.38682,1.38682,1.38682,1.38682,0
78064000,1.38663,1.38663,1.38663,1.38663,0,1.38683,1.38683,1.38683,1.38683,0
78066000,1.38663,1.38663,1.38663,1.38663,0,1.38684,1.38684,1.38684,1.38684,0
78081000,1.38664,1.38664,1.38664,1.38664,0,1.38684,1.38684,1.38684,1.38684,0
78088000,1.38661,1.38661,1.38661,1.38661,0,1.38681,1.38681,1.38681,1.38681,0
78090000,1.38663,1.38663,1.38663,1.38663,0,1.38682,1.38682,1.38682,1.38682,0
78094000,1.38664,1.38664,1.38664,1.38664,0,1.38685,1.38685,1.38685,1.38685,0
78108000,1.38663,1.38663,1.38663,1.38663,0,1.38685,1.38685,1.38685,1.38685,0
78109000,1.38664,1.38664,1.38664,1.38664,0,1.38684,1.38684,1.38684,1.38684,0
78116000,1.38662,1.38662,1.38661,1.38661,0,1.38680,1.38681,1.38680,1.38680,0
78122000,1.38663,1.38663,1.38662,1.38662,0,1.38684,1.38684,1.38684,1.38684,0
78124000,1.38662,1.38663,1.38662,1.38663,0,1.38683,1.38683,1.38683,1.38683,0
78131000,1.38663,1.38663,1.38663,1.38663,0,1.38684,1.38684,1.38684,1.38684,0
78134000,1.38661,1.38663,1.38661,1.38663,0,1.38682,1.38684,1.38682,1.38684,0
78142000,1.38664,1.38664,1.38663,1.38663,0,1.38684,1.38684,1.38684,1.38684,0
78144000,1.38662,1.38662,1.38662,1.38662,0,1.38680,1.38681,1.38680,1.38681,0
78150000,1.38665,1.38665,1.38665,1.38665,0,1.38686,1.38687,1.38686,1.38687,0
78154000,1.38661,1.38661,1.38661,1.38661,0,1.38683,1.38683,1.38683,1.38683,0
78175000,1.38658,1.38658,1.38658,1.38658,0,1.38681,1.38681,1.38681,1.38681,0
78177000,1.38659,1.38659,1.38659,1.38659,0,1.38684,1.38684,1.38684,1.38684,0
78179000,1.38657,1.38657,1.38657,1.38657,0,1.38682,1.38682,1.38682,1.38682,0
78180000,1.38657,1.38657,1.38657,1.38657,0,1.38678,1.38678,1.38678,1.38678,0
78184000,1.38659,1.38659,1.38658,1.38658,0,1.38681,1.38681,1.38681,1.38681,0
78186000,1.38660,1.38660,1.38660,1.38660,0,1.38683,1.38683,1.38683,1.38683,0
78191000,1.38658,1.38658,1.38658,1.38658,0,1.38681,1.38681,1.38681,1.38681,0
78195000,1.38662,1.38662,1.38662,1.38662,0,1.38681,1.38681,1.38681,1.38681,0
78199000,1.38660,1.38660,1.38660,1.38660,0,1.38681,1.38681,1.38681,1.38681,0
78200000,1.38659,1.38659,1.38659,1.38659,0,1.38682,1.38682,1.38682,1.38682,0
78208000,1.38657,1.38657,1.38657,1.38657,0,1.38677,1.38677,1.38677,1.38677,0
78211000,1.38658,1.38658,1.38658,1.38658,0,1.38679,1.38679,1.38679,1.38679,0
78214000,1.38659,1.38659,1.38659,1.38659,0,1.38682,1.38682,1.38682,1.38682,0
78223000,1.38662,1.38662,1.38661,1.38661,0,1.38678,1.38679,1.38678,1.38679,0
78229000,1.38659,1.38659,1.38659,1.38659,0,1.38681,1.38681,1.38681,1.38681,0
78236000,1.38657,1.38657,1.38657,1.38657,0,1.38677,1.38677,1.38677,1.38677,0
78239000,1.38658,1.38658,1.38658,1.38658,0,1.38679,1.38679,1.38679,1.38679,0
78240000,1.38658,1.38658,1.38658,1.38658,0,1.38680,1.38680,1.38680,1.38680,0
78248000,1.38661,1.38661,1.38661,1.38661,0,1.38683,1.38683,1.38683,1.38683,0
78251000,1.38662,1.38662,1.38662,1.38662,0,1.38682,1.38682,1.38682,1.38682,0
78252000,1.38664,1.38664,1.38664,1.38664,0,1.38681,1.38681,1.38681,1.38681,0
78254000,1.38662,1.38662,1.38662,1.38662,0,1.38683,1.38683,1.38683,1.38683,0
78262000,1.38660,1.38660,1.38660,1.38660,0,1.38684,1.38684,1.38684,1.38684,0
78274000,1.38660,1.38660,1.38657,1.38657,0,1.38683,1.38683,1.38683,1.38683,0
78275000,1.38658,1.38658,1.38658,1.38658,0,1.38682,1.38682,1.38682,1.38682,0
78280000,1.38661,1.38663,1.38661,1.38663,0,1.38683,1.38683,1.38683,1.38683,0
78290000,1.38658,1.38659,1.38656,1.38659,0,1.38685,1.38685,1.38682,1.38682,0
78293000,1.38661,1.38661,1.38661,1.38661,0,1.38682,1.38682,1.38682,1.38682,0
78294000,1.38663,1.38663,1.38663,1.38663,0,1.38681,1.38681,1.38681,1.38681,0
78295000,1.38662,1.38662,1.38662,1.38662,0,1.38682,1.38682,1.38682,1.38682,0
78303000,1.38661,1.38661,1.38659,1.38659,0,1.38682,1.38684,1.38682,1.38682,0
78307000,1.38662,1.38662,1.38662,1.38662,0,1.38682,1.38682,1.38682,1.38682,0
78311000,1.38663,1.38663,1.38663,1.38663,0,1.38681,1.38681,1.38681,1.38681,0
78319000,1.38661,1.38661,1.38661,1.38661,0,1.38682,1.38682,1.38682,1.38682,0
78320000,1.38662,1.38665,1.38662,1.38663,0,1.38682,1.38685,1.38682,1.38683,0
78322000,1.38664,1.38664,1.38658,1.38658,0,1.38683,1.38685,1.38682,1.38682,0
78323000,1.38660,1.38660,1.38660,1.38660,0,1.38682,1.38682,1.38682,1.38682,0
78326000,1.38663,1.38663,1.38663,1.38663,0,1.38681,1.38681,1.38681,1.38681,0
78331000,1.38662,1.38662,1.38662,1.38662,0,1.38682,1.38682,1.38682,1.38682,0
78337000,1.38665,1.38665,1.38662,1.38663,0,1.38685,1.38687,1.38685,1.38686,0
78338000,1.38663,1.38663,1.38663,1.38663,0,1.38685,1.38685,1.38685,1.38685,0
78340000,1.38666,1.38666,1.38657,1.38657,0,1.38682,1.38693,1.38682,1.38692,0
78341000,1.38657,1.38657,1.38657,1.38657,0,1.38693,1.38693,1.38693,1.38693,0
78343000,1.38663,1.38665,1.38663,1.38665,0,1.38684,1.38684,1.38682,1.38682,0
78346000,1.38663,1.38663,1.38663,1.38663,0,1.38683,1.38683,1.38683,1.38683,0
78353000,1.38664,1.38665,1.38664,1.38665,0,1.38681,1.38684,1.38681,1.38684,0
78358000,1.38663,1.38663,1.38663,1.38663,0,1.38685,1.38685,1.38685,1.38685,0
78362000,1.38663,1.38663,1.38663,1.38663,0,1.38683,1.38683,1.38683,1.38683,0
78371000,1.38666,1.38667,1.38666,1.38667,0,1.38689,1.38689,1.38686,1.38686,0
78372000,1.38669,1.38669,1.38669,1.38669,0,1.38686,1.38686,1.38686,1.38686,0
78373000,1.38670,1.38670,1.38670,1.38670,0,1.38685,1.38685,1.38685,1.38685,0
78376000,1.38666,1.38666,1.38663,1.38663,0,1.38684,1.38687,1.38684,1.38684,0
78377000,1.38665,1.38665,1.38665,1.38665,0,1.38685,1.38685,1.38685,1.38685,0
78390000,1.38665,1.38665,1.38663,1.38663,0,1.38683,1.38684,1.38683,1.38684,0
78391000,1.38663,1.38663,1.38663,1.38663,0,1.38682,1.38682,1.38682,1.38682,0
78399000,1.38666,1.38667,1.38666,1.38667,0,1.38688,1.38688,1.38685,1.38685,0
78400000,1.38664,1.38664,1.38664,1.38664,0,1.38685,1.38685,1.38685,1.38685,0
78402000,1.38664,1.38664,1.38662,1.38662,0,1.38682,1.38684,1.38682,1.38683,0
78403000,1.38663,1.38663,1.38662,1.38662,0,1.38681,1.38682,1.38681,1.38682,0
78404000,1.38660,1.38660,1.38660,1.38660,0,1.38684,1.38684,1.38684,1.38684,0
78405000,1.38662,1.38662,1.38662,1.38662,0,1.38684,1.38684,1.38684,1.38684,0
78407000,1.38662,1.38662,1.38662,1.38662,0,1.38683,1.38683,1.38683,1.38683,0
78417000,1.38664,1.38664,1.38663,1.38664,0,1.38688,1.38688,1.38686,1.38686,0
78418000,1.38666,1.38666,1.38666,1.38666,0,1.38685,1.38685,1.38685,1.38685,0
78419000,1.38668,1.38668,1.38664,1.38664,0,1.38682,1.38685,1.38682,1.38685,0
78420000,1.38663,1.38664,1.38663,1.38664,0,1.38682,1.38683,1.38682,1.38683,0
78435000,1.38667,1.38667,1.38665,1.38667,0,1.38690,1.38690,1.38688,1.38688,0
78436000,1.38669,1.38669,1.38666,1.38667,0,1.38685,1.38687,1.38685,1.38687,0
78437000,1.38667,1.38667,1.38667,1.38667,0,1.38686,1.38686,1.38686,1.38686,0
78438000,1.38665,1.38665,1.38665,1.38665,0,1.38686,1.38686,1.38686,1.38686,0
78441000,1.38665,1.38665,1.38665,1.38665,0,1.38685,1.38685,1.38685,1.38685,0
78458000,1.38666,1.38666,1.38666,1.38666,0,1.38685,1.38685,1.38685,1.38685,0
78470000,1.38665,1.38665,1.38661,1.38664,0,1.38685,1.38687,1.38682,1.38685,0
78472000,1.38665,1.38665,1.38665,1.38665,0,1.38684,1.38684,1.38684,1.38684,0
78474000,1.38662,1.38662,1.38655,1.38657,0,1.38683,1.38683,1.38679,1.38680,0
78475000,1.38657,1.38658,1.38657,1.38658,0,1.38679,1.38679,1.38678,1.38678,0
78476000,1.38657,1.38657,1.38657,1.38657,0,1.38675,1.38675,1.38675,1.38675,0
78478000,1.38659,1.38659,1.38659,1.38659,0,1.38682,1.38682,1.38682,1.38682,0
78479000,1.38657,1.38657,1.38657,1.38657,0,1.38675,1.38675,1.38675,1.38675,0
78481000,1.38657,1.38657,1.38657,1.38657,0,1.38677,1.38677,1.38677,1.38677,0
78485000,1.38659,1.38659,1.38659,1.38659,0,1.38683,1.38683,1.38681,1.38681,0
78486000,1.38659,1.38662,1.38659,1.38662,0,1.38680,1.38680,1.38677,1.38677,0
78487000,1.38659,1.38662,1.38659,1.38661,0,1.38678,1.38678,1.38677,1.38678,0
78488000,1.38660,1.38660,1.38659,1.38659,0,1.38679,1.38680,1.38679,1.38680,0
78494000,1.38659,1.38659,1.38653,1.38655,0,1.38679,1.38679,1.38675,1.38675,0
78498000,1.38656,1.38656,1.38650,1.38653,0,1.38674,1.38676,1.38672,1.38676,0
78499000,1.38654,1.38654,1.38654,1.38654,0,1.38676,1.38676,1.38676,1.38676,0
78500000,1.38654,1.38655,1.38654,1.38655,0,1.38675,1.38675,1.38674,1.38674,0
78515000,1.38656,1.38656,1.38653,1.38653,0,1.38677,1.38677,1.38673,1.38674,0
78519000,1.38654,1.38654,1.38654,1.38654,0,1.38673,1.38676,1.38673,1.38676,0
78520000,1.38655,1.38655,1.38655,1.38655,0,1.38675,1.38675,1.38675,1.38675,0
78527000,1.38652,1.38652,1.38650,1.38650,0,1.38672,1.38672,1.38672,1.38672,0
78528000,1.38654,1.38654,1.38653,1.38654,0,1.38675,1.38677,1.38675,1.38676,0
78530000,1.38657,1.38657,1.38657,1.38657,0,1.38676,1.38676,1.38676,1.38676,0
78534000,1.38656,1.38656,1.38653,1.38653,0,1.38673,1.38675,1.38673,1.38673,0
78535000,1.38653,1.38656,1.38652,1.38652,0,1.38672,1.38681,1.38672,1.38677,0
78536000,1.38654,1.38656,1.38654,1.38656,0,1.38677,1.38677,1.38674,1.38674,0
78537000,1.38655,1.38655,1.38651,1.38654,0,1.38672,1.38674,1.38672,1.38674,0
78539000,1.38657,1.38657,1.38657,1.38657,0,1.38675,1.38675,1.38675,1.38675,0
78561000,1.38655,1.38657,1.38655,1.38657,0,1.38673,1.38675,1.38673,1.38675,0
78562000,1.38657,1.38657,1.38657,1.38657,0,1.38673,1.38673,1.38673,1.38673,0
78590000,1.38656,1.38656,1.38651,1.38651,0,1.38673,1.38674,1.38672,1.38672,0
78593000,1.38653,1.38653,1.38653,1.38653,0,1.38670,1.38670,1.38670,1.38670,0
78609000,1.38651,1.38651,1.38651,1.38651,0,1.38667,1.38667,1.38667,1.38667,0
78628000,1.38653,1.38653,1.38653,1.38653,0,1.38669,1.38669,1.38669,1.38669,0
78633000,1.38652,1.38652,1.38652,1.38652,0,1.38669,1.38669,1.38669,1.38669,0
78640000,1.38652,1.38652,1.38652,1.38652,0,1.38671,1.38671,1.38671,1.38671,0
78641000,1.38654,1.38654,1.38654,1.38654,0,1.38672,1.38672,1.38672,1.38672,0
78646000,1.38655,1.38655,1.38653,1.38653,0,1.38671,1.38672,1.38671,1.38672,0
78664000,1.38654,1.38660,1.38654,1.38655,0,1.38672,1.38681,1.38672,1.38677,0
78665000,1.38656,1.38656,1.38656,1.38656,0,1.38677,1.38677,1.38677,1.38677,0
78667000,1.38656,1.38656,1.38656,1.38656,0,1.38676,1.38676,1.38676,1.38676,0
78741000,1.38658,1.38658,1.38656,1.38656,0,1.38676,1.38676,1.38676,1.38676,0
78753000,1.38657,1.38657,1.38657,1.38657,0,1.38676,1.38676,1.38676,1.38676,0
78760000,1.38659,1.38660,1.38659,1.38660,0,1.38679,1.38681,1.38679,1.38681,0
78761000,1.38662,1.38663,1.38661,1.38663,0,1.38682,1.38686,1.38682,1.38684,0
78764000,1.38664,1.38664,1.38664,1.38664,0,1.38683,1.38683,1.38683,1.38683,0
78784000,1.38662,1.38662,1.38661,1.38662,0,1.38680,1.38682,1.38680,1.38680,0
78785000,1.38662,1.38662,1.38662,1.38662,0,1.38679,1.38679,1.38679,1.38679,0
78788000,1.38662,1.38662,1.38662,1.38662,0,1.38680,1.38681,1.38680,1.38681,0
78793000,1.38660,1.38660,1.38660,1.38660,0,1.38679,1.38679,1.38679,1.38679,0
78799000,1.38663,1.38664,1.38663,1.38664,0,1.38681,1.38684,1.38681,1.38684,0
78800000,1.38663,1.38663,1.38663,1.38663,0,1.38684,1.38684,1.38684,1.38684,0
78812000,1.38662,1.38662,1.38661,1.38661,0,1.38681,1.38683,1.38681,1.38682,0
78813000,1.38662,1.38662,1.38659,1.38659,0,1.38681,1.38682,1.38681,1.38682,0
78814000,1.38662,1.38662,1.38660,1.38660,0,1.38680,1.38682,1.38680,1.38682,0
78815000,1.38660,1.38660,1.38660,1.38660,0,1.38679,1.38679,1.38679,1.38679,0
78819000,1.38661,1.38661,1.38661,1.38661,0,1.38681,1.38681,1.38681,1.38681,0
78828000,1.38662,1.38662,1.38662,1.38662,0,1.38681,1.38681,1.38681,1.38681,0
78840000,1.38660,1.38661,1.38660,1.38661,0,1.38678,1.38680,1.38678,1.38679,0
78850000,1.38661,1.38662,1.38660,1.38660,0,1.38680,1.38684,1.38680,1.38682,0
78868000,1.38660,1.38660,1.38658,1.38660,0,1.38678,1.38680,1.38678,1.38680,0
78869000,1.38661,1.38662,1.38661,1.38662,0,1.38679,1.38679,1.38679,1.38679,0
78877000,1.38663,1.38664,1.38662,1.38662,0,1.38683,1.38684,1.38682,1.38684,0
78887000,1.38663,1.38663,1.38663,1.38663,0,1.38684,1.38684,1.38684,1.38684,0
78906000,1.38661,1.38661,1.38661,1.38661,0,1.38680,1.38681,1.38680,1.38680,0
78908000,1.38661,1.38661,1.38661,1.38661,0,1.38681,1.38681,1.38681,1.38681,0
78917000,1.38662,1.38662,1.38662,1.38662,0,1.38684,1.38684,1.38684,1.38684,0
78923000,1.38663,1.38663,1.38663,1.38663,0,1.38684,1.38684,1.38684,1.38684,0
78937000,1.38667,1.38667,1.38667,1.38667,0,1.38688,1.38688,1.38686,1.38686,0
78948000,1.38668,1.38668,1.38668,1.38668,0,1.38685,1.38685,1.38685,1.38685,0
78961000,1.38667,1.38667,1.38667,1.38667,0,1.38686,1.38686,1.38686,1.38686,0
78968000,1.38666,1.38666,1.38666,1.38666,0,1.38687,1.38687,1.38687,1.38687,0
78969000,1.38665,1.38665,1.38665,1.38665,0,1.38683,1.38683,1.38683,1.38683,0
78974000,1.38666,1.38666,1.38666,1.38666,0,1.38686,1.38686,1.38686,1.38686,0
78977000,1.38666,1.38666,1.38666,1.38666,0,1.38687,1.38687,1.38687,1.38687,0
79000000,1.38664,1.38664,1.38664,1.38664,0,1.38682,1.38682,1.38682,1.38682,0
79006000,1.38665,1.38665,1.38663,1.38663,0,1.38684,1.38687,1.38684,1.38687,0
79009000,1.38664,1.38664,1.38664,1.38664,0,1.38686,1.38686,1.38686,1.38686,0
79015000,1.38663,1.38663,1.38663,1.38663,0,1.38686,1.38686,1.38686,1.38686,0
79016000,1.38664,1.38664,1.38664,1.38664,0,1.38686,1.38686,1.38686,1.38686,0
79020000,1.38665,1.38665,1.38665,1.38665,0,1.38685,1.38685,1.38685,1.38685,0
79027000,1.38663,1.38663,1.38663,1.38663,0,1.38684,1.38684,1.38684,1.38684,0
79028000,1.38664,1.38664,1.38664,1.38664,0,1.38683,1.38684,1.38683,1.38683,0
79032000,1.38664,1.38664,1.38664,1.38664,0,1.38684,1.38684,1.38684,1.38684,0
79044000,1.38667,1.38667,1.38667,1.38667,0,1.38687,1.38687,1.38687,1.38687,0
79047000,1.38665,1.38665,1.38665,1.38665,0,1.38688,1.38688,1.38688,1.38688,0
79053000,1.38668,1.38669,1.38668,1.38669,0,1.38686,1.38689,1.38686,1.38688,0
79056000,1.38667,1.38667,1.38667,1.38667,0,1.38684,1.38686,1.38684,1.38686,0
79057000,1.38668,1.38668,1.38668,1.38668,0,1.38685,1.38685,1.38685,1.38685,0
79063000,1.38669,1.38669,1.38669,1.38669,0,1.38688,1.38688,1.38688,1.38688,0
79071000,1.38668,1.38669,1.38668,1.38669,0,1.38688,1.38688,1.38687,1.38687,0
79081000,1.38669,1.38669,1.38669,1.38669,0,1.38689,1.38689,1.38689,1.38689,0
79083000,1.38670,1.38670,1.38670,1.38670,0,1.38689,1.38689,1.38689,1.38689,0
79084000,1.38668,1.38668,1.38668,1.38668,0,1.38685,1.38686,1.38685,1.38685,0
79087000,1.38669,1.38669,1.38669,1.38669,0,1.38687,1.38687,1.38687,1.38687,0
79097000,1.38668,1.38668,1.38668,1.38668,0,1.38685,1.38685,1.38685,1.38685,0
79099000,1.38670,1.38670,1.38669,1.38669,0,1.38687,1.38689,1.38687,1.38689,0
79111000,1.38669,1.38669,1.38669,1.38669,0,1.38690,1.38690,1.38690,1.38690,0
79112000,1.38668,1.38670,1.38668,1.38670,0,1.38685,1.38685,1.38685,1.38685,0
79113000,1.38669,1.38669,1.38669,1.38669,0,1.38686,1.38686,1.38686,1.38686,0
79116000,1.38669,1.38669,1.38668,1.38668,0,1.38687,1.38687,1.38687,1.38687,0
79117000,1.38668,1.38669,1.38668,1.38669,0,1.38686,1.38686,1.38686,1.38686,0
79119000,1.38669,1.38669,1.38669,1.38669,0,1.38687,1.38687,1.38685,1.38685,0
79122000,1.38669,1.38669,1.38669,1.38669,0,1.38686,1.38686,1.38686,1.38686,0
79123000,1.38669,1.38669,1.38669,1.38669,0,1.38688,1.38688,1.38688,1.38688,0
79127000,1.38670,1.38670,1.38670,1.38670,0,1.38690,1.38690,1.38690,1.38690,0
79141000,1.38670,1.38670,1.38670,1.38670,0,1.38688,1.38688,1.38688,1.38688,0
79142000,1.38669,1.38669,1.38667,1.38667,0,1.38689,1.38689,1.38685,1.38685,0
79153000,1.38667,1.38670,1.38667,1.38668,0,1.38686,1.38689,1.38686,1.38689,0
79157000,1.38669,1.38669,1.38668,1.38668,0,1.38687,1.38688,1.38687,1.38688,0
79170000,1.38667,1.38667,1.38666,1.38667,0,1.38685,1.38685,1.38685,1.38685,0
79171000,1.38668,1.38668,1.38668,1.38668,0,1.38684,1.38684,1.38684,1.38684,0
79174000,1.38668,1.38668,1.38668,1.38668,0,1.38686,1.38686,1.38686,1.38686,0
79175000,1.38668,1.38668,1.38668,1.38668,0,1.38688,1.38688,1.38688,1.38688,0
79183000,1.38668,1.38668,1.38668,1.38668,0,1.38689,1.38689,1.38689,1.38689,0
79185000,1.38669,1.38669,1.38669,1.38669,0,1.38688,1.38688,1.38688,1.38688,0
79198000,1.38668,1.38668,1.38668,1.38668,0,1.38684,1.38684,1.38684,1.38684,0
79200000,1.38667,1.38672,1.38667,1.38672,0,1.38686,1.38689,1.38686,1.38687,0
79201000,1.38670,1.38670,1.38670,1.38670,0,1.38690,1.38690,1.38690,1.38690,0
79202000,1.38669,1.38669,1.38669,1.38669,0,1.38690,1.38690,1.38690,1.38690,0
79207000,1.38670,1.38670,1.38670,1.38670,0,1.38689,1.38689,1.38689,1.38689,0
79217000,1.38670,1.38670,1.38670,1.38670,0,1.38690,1.38691,1.38690,1.38690,0
79224000,1.38671,1.38671,1.38671,1.38671,0,1.38690,1.38690,1.38690,1.38690,0
79225000,1.38670,1.38670,1.38670,1.38670,0,1.38691,1.38691,1.38691,1.38691,0
79226000,1.38671,1.38671,1.38670,1.38670,0,1.38690,1.38690,1.38690,1.38690,0
79230000,1.38670,1.38670,1.38670,1.38670,0,1.38689,1.38689,1.38689,1.38689,0
79231000,1.38671,1.38671,1.38671,1.38671,0,1.38689,1.38689,1.38689,1.38689,0
79234000,1.38672,1.38672,1.38672,1.38672,0,1.38688,1.38688,1.38688,1.38688,0
79235000,1.38673,1.38673,1.38673,1.38673,0,1.38690,1.38690,1.38690,1.38690,0
79236000,1.38671,1.38671,1.38671,1.38671,0,1.38693,1.38693,1.38693,1.38693,0
79237000,1.38671,1.38671,1.38671,1.38671,0,1.38692,1.38692,1.38692,1.38692,0
79238000,1.38674,1.38674,1.38674,1.38674,0,1.38695,1.38695,1.38695,1.38695,0
79239000,1.38676,1.38676,1.38676,1.38676,0,1.38691,1.38691,1.38691,1.38691,0
79275000,1.38675,1.38675,1.38675,1.38675,0,1.38693,1.38693,1.38693,1.38693,0
79283000,1.38671,1.38671,1.38671,1.38671,0,1.38692,1.38692,1.38692,1.38692,0
79287000,1.38671,1.38671,1.38671,1.38671,0,1.38690,1.38690,1.38690,1.38690,0
79293000,1.38671,1.38671,1.38671,1.38671,0,1.38691,1.38693,1.38691,1.38693,0
79294000,1.38676,1.38676,1.38676,1.38676,0,1.38691,1.38691,1.38691,1.38691,0
79297000,1.38676,1.38676,1.38676,1.38676,0,1.38690,1.38690,1.38690,1.38690,0
79307000,1.38676,1.38681,1.38676,1.38680,0,1.38693,1.38701,1.38693,1.38701,0
79308000,1.38680,1.38680,1.38680,1.38680,0,1.38700,1.38700,1.38700,1.38700,0
79323000,1.38678,1.38678,1.38678,1.38678,0,1.38697,1.38697,1.38697,1.38697,0
79353000,1.38678,1.38678,1.38678,1.38678,0,1.38696,1.38696,1.38696,1.38696,0
79370000,1.38679,1.38679,1.38679,1.38679,0,1.38695,1.38695,1.38695,1.38695,0
79379000,1.38677,1.38677,1.38677,1.38677,0,1.38695,1.38695,1.38695,1.38695,0
79380000,1.38679,1.38679,1.38679,1.38679,0,1.38695,1.38695,1.38695,1.38695,0
79388000,1.38678,1.38682,1.38678,1.38682,0,1.38696,1.38702,1.38696,1.38702,0
79389000,1.38683,1.38683,1.38683,1.38683,0,1.38700,1.38700,1.38700,1.38700,0
79391000,1.38682,1.38682,1.38682,1.38682,0,1.38701,1.38701,1.38701,1.38701,0
79396000,1.38683,1.38683,1.38683,1.38683,0,1.38700,1.38700,1.38700,1.38700,0
79434000,1.38682,1.38682,1.38680,1.38680,0,1.38701,1.38701,1.38699,1.38699,0
79435000,1.38681,1.38681,1.38680,1.38680,0,1.38697,1.38697,1.38697,1.38697,0
79436000,1.38681,1.38681,1.38681,1.38681,0,1.38697,1.38697,1.38697,1.38697,0
79439000,1.38681,1.38681,1.38681,1.38681,0,1.38696,1.38696,1.38696,1.38696,0
79463000,1.38680,1.38680,1.38680,1.38680,0,1.38697,1.38697,1.38697,1.38697,0
79473000,1.38682,1.38682,1.38680,1.38680,0,1.38699,1.38699,1.38698,1.38698,0
79509000,1.38681,1.38681,1.38681,1.38681,0,1.38701,1.38701,1.38701,1.38701,0
79510000,1.38682,1.38682,1.38682,1.38682,0,1.38700,1.38700,1.38700,1.38700,0
79514000,1.38681,1.38681,1.38681,1.38681,0,1.38701,1.38701,1.38701,1.38701,0
79517000,1.38682,1.38682,1.38682,1.38682,0,1.38700,1.38700,1.38699,1.38699,0
79563000,1.38680,1.38680,1.38680,1.38680,0,1.38698,1.38698,1.38698,1.38698,0
79568000,1.38680,1.38680,1.38680,1.38680,0,1.38697,1.38697,1.38697,1.38697,0
79578000,1.38680,1.38680,1.38680,1.38680,0,1.38699,1.38699,1.38699,1.38699,0
79619000,1.38681,1.38681,1.38681,1.38681,0,1.38698,1.38698,1.38698,1.38698,0
79631000,1.38681,1.38681,1.38681,1.38681,0,1.38697,1.38697,1.38697,1.38697,0
79651000,1.38682,1.38682,1.38675,1.38678,0,1.38699,1.38699,1.38696,1.38696,0
79659000,1.38676,1.38676,1.38676,1.38676,0,1.38696,1.38696,1.38696,1.38696,0
79663000,1.38677,1.38677,1.38677,1.38677,0,1.38696,1.38696,1.38696,1.38696,0
79703000,1.38676,1.38676,1.38676,1.38676,0,1.38697,1.38697,1.38697,1.38697,0
79711000,1.38676,1.38676,1.38676,1.38676,0,1.38696,1.38696,1.38696,1.38696,0
79712000,1.38676,1.38676,1.38676,1.38676,0,1.38695,1.38695,1.38695,1.38695,0
79715000,1.38675,1.38675,1.38675,1.38675,0,1.38695,1.38695,1.38695,1.38695,0
79722000,1.38676,1.38676,1.38676,1.38676,0,1.38695,1.38695,1.38695,1.38695,0
79733000,1.38674,1.38674,1.38674,1.38674,0,1.38695,1.38695,1.38695,1.38695,0
79767000,1.38676,1.38676,1.38676,1.38676,0,1.38694,1.38694,1.38694,1.38694,0
79818000,1.38678,1.38679,1.38677,1.38677,0,1.38696,1.38696,1.38694,1.38694,0
79820000,1.38676,1.38676,1.38676,1.38676,0,1.38694,1.38694,1.38694,1.38694,0
79848000,1.38675,1.38675,1.38675,1.38675,0,1.38694,1.38694,1.38694,1.38694,0
79849000,1.38676,1.38676,1.38676,1.38676,0,1.38693,1.38693,1.38693,1.38693,0
79863000,1.38676,1.38676,1.38676,1.38676,0,1.38695,1.38695,1.38695,1.38695,0
79869000,1.38677,1.38677,1.38677,1.38677,0,1.38694,1.38694,1.38694,1.38694,0
79879000,1.38677,1.38677,1.38677,1.38677,0,1.38693,1.38693,1.38693,1.38693,0
79882000,1.38676,1.38677,1.38676,1.38677,0,1.38694,1.38694,1.38693,1.38693,0
79891000,1.38676,1.38676,1.38676,1.38676,0,1.38694,1.38694,1.38694,1.38694,0
79899000,1.38677,1.38677,1.38677,1.38677,0,1.38693,1.38693,1.38693,1.38693,0
79912000,1.38675,1.38675,1.38675,1.38675,0,1.38693,1.38693,1.38693,1.38693,0
79927000,1.38675,1.38675,1.38675,1.38675,0,1.38691,1.38691,1.38691,1.38691,0
79941000,1.38672,1.38672,1.38672,1.38672,0,1.38688,1.38688,1.38688,1.38688,0
79943000,1.38673,1.38674,1.38673,1.38674,0,1.38687,1.38689,1.38687,1.38688,0
79949000,1.38673,1.38673,1.38673,1.38673,0,1.38689,1.38689,1.38689,1.38689,0
79954000,1.38674,1.38674,1.38674,1.38674,0,1.38689,1.38689,1.38689,1.38689,0
79955000,1.38673,1.38673,1.38673,1.38673,0,1.38690,1.38690,1.38690,1.38690,0
79963000,1.38675,1.38675,1.38675,1.38675,0,1.38692,1.38692,1.38692,1.38692,0
79967000,1.38674,1.38674,1.38674,1.38674,0,1.38688,1.38688,1.38688,1.38688,0
79972000,1.38673,1.38673,1.38673,1.38673,0,1.38688,1.38688,1.38688,1.38688,0
80023000,1.38672,1.38673,1.38672,1.38673,0,1.38688,1.38688,1.38687,1.38687,0
80031000,1.38672,1.38672,1.38672,1.38672,0,1.38687,1.38687,1.38687,1.38687,0
80037000,1.38673,1.38673,1.38673,1.38673,0,1.38687,1.38687,1.38687,1.38687,0
80071000,1.38672,1.38672,1.38665,1.38665,0,1.38688,1.38688,1.38685,1.38685,0
80072000,1.38663,1.38664,1.38662,1.38662,0,1.38682,1.38684,1.38682,1.38684,0
80075000,1.38664,1.38664,1.38664,1.38664,0,1.38686,1.38686,1.38686,1.38686,0
80076000,1.38664,1.38664,1.38664,1.38664,0,1.38685,1.38685,1.38685,1.38685,0
80100000,1.38666,1.38666,1.38666,1.38666,0,1.38685,1.38685,1.38685,1.38685,0
80103000,1.38666,1.38666,1.38666,1.38666,0,1.38686,1.38686,1.38686,1.38686,0
80118000,1.38666,1.38666,1.38666,1.38666,0,1.38685,1.38685,1.38685,1.38685,0
80133000,1.38668,1.38668,1.38667,1.38667,0,1.38684,1.38685,1.38684,1.38685,0
80154000,1.38668,1.38668,1.38668,1.38668,0,1.38683,1.38683,1.38683,1.38683,0
80162000,1.38667,1.38667,1.38667,1.38667,0,1.38685,1.38685,1.38685,1.38685,0
80168000,1.38664,1.38664,1.38664,1.38664,0,1.38686,1.38686,1.38686,1.38686,0
80174000,1.38665,1.38665,1.38665,1.38665,0,1.38685,1.38685,1.38685,1.38685,0
80175000,1.38666,1.38666,1.38666,1.38666,0,1.38683,1.38683,1.38683,1.38683,0
80176000,1.38666,1.38666,1.38666,1.38666,0,1.38682,1.38682,1.38682,1.38682,0
80187000,1.38667,1.38669,1.38667,1.38669,0,1.38684,1.38685,1.38684,1.38685,0
80188000,1.38670,1.38670,1.38670,1.38670,0,1.38684,1.38684,1.38684,1.38684,0
80189000,1.38671,1.38671,1.38671,1.38671,0,1.38687,1.38687,1.38687,1.38687,0
80201000,1.38673,1.38673,1.38673,1.38673,0,1.38689,1.38689,1.38689,1.38689,0
80222000,1.38671,1.38671,1.38667,1.38667,0,1.38687,1.38688,1.38687,1.38687,0
80228000,1.38670,1.38670,1.38669,1.38670,0,1.38690,1.38690,1.38688,1.38688,0
80271000,1.38668,1.38668,1.38668,1.38668,0,1.38686,1.38686,1.38686,1.38686,0
80308000,1.38669,1.38669,1.38669,1.38669,0,1.38686,1.38686,1.38686,1.38686,0
80322000,1.38670,1.38670,1.38670,1.38670,0,1.38686,1.38686,1.38686,1.38686,0
80324000,1.38671,1.38671,1.38671,1.38671,0,1.38685,1.38685,1.38685,1.38685,0
80339000,1.38670,1.38670,1.38670,1.38670,0,1.38686,1.38686,1.38686,1.38686,0
80354000,1.38670,1.38670,1.38670,1.38670,0,1.38685,1.38685,1.38685,1.38685,0
80360000,1.38669,1.38669,1.38669,1.38669,0,1.38687,1.38687,1.38687,1.38687,0
80364000,1.38669,1.38669,1.38669,1.38669,0,1.38686,1.38686,1.38686,1.38686,0
80370000,1.38669,1.38669,1.38669,1.38669,0,1.38687,1.38687,1.38687,1.38687,0
80374000,1.38670,1.38671,1.38670,1.38671,0,1.38687,1.38687,1.38687,1.38687,0
80376000,1.38669,1.38669,1.38669,1.38669,0,1.38685,1.38685,1.38685,1.38685,0
80380000,1.38670,1.38670,1.38670,1.38670,0,1.38687,1.38687,1.38687,1.38687,0
80395000,1.38673,1.38673,1.38673,1.38673,0,1.38689,1.38689,1.38689,1.38689,0
80400000,1.38673,1.38673,1.38673,1.38673,0,1.38690,1.38690,1.38690,1.38690,0
80432000,1.38671,1.38671,1.38671,1.38671,0,1.38687,1.38687,1.38687,1.38687,0
80479000,1.38671,1.38671,1.38671,1.38671,0,1.38689,1.38689,1.38689,1.38689,0
80486000,1.38671,1.38675,1.38671,1.38675,0,1.38690,1.38691,1.38690,1.38691,0
80495000,1.38676,1.38676,1.38676,1.38676,0,1.38690,1.38690,1.38690,1.38690,0
80512000,1.38675,1.38675,1.38675,1.38675,0,1.38690,1.38690,1.38690,1.38690,0
80514000,1.38676,1.38676,1.38676,1.38676,0,1.38690,1.38690,1.38690,1.38690,0
80553000,1.38675,1.38675,1.38675,1.38675,0,1.38690,1.38690,1.38690,1.38690,0
80619000,1.38674,1.38675,1.38674,1.38675,0,1.38692,1.38692,1.38690,1.38690,0
80645000,1.38674,1.38674,1.38674,1.38674,0,1.38688,1.38688,1.38688,1.38688,0
80646000,1.38672,1.38672,1.38672,1.38672,0,1.38688,1.38688,1.38688,1.38688,0
80647000,1.38675,1.38675,1.38675,1.38675,0,1.38689,1.38689,1.38689,1.38689,0
80653000,1.38672,1.38672,1.38672,1.38672,0,1.38688,1.38688,1.38688,1.38688,0
80750000,1.38673,1.38673,1.38673,1.38673,0,1.38687,1.38687,1.38687,1.38687,0
80767000,1.38672,1.38673,1.38672,1.38673,0,1.38689,1.38689,1.38689,1.38689,0
80768000,1.38673,1.38675,1.38673,1.38675,0,1.38688,1.38690,1.38688,1.38690,0
80779000,1.38672,1.38672,1.38672,1.38672,0,1.38690,1.38690,1.38690,1.38690,0
80878000,1.38675,1.38677,1.38675,1.38677,0,1.38692,1.38694,1.38692,1.38694,0
80881000,1.38675,1.38676,1.38675,1.38676,0,1.38692,1.38694,1.38692,1.38694,0
80882000,1.38675,1.38675,1.38675,1.38675,0,1.38694,1.38694,1.38693,1.38693,0
80894000,1.38676,1.38676,1.38674,1.38674,0,1.38692,1.38693,1.38692,1.38693,0
80895000,1.38674,1.38674,1.38674,1.38674,0,1.38692,1.38692,1.38692,1.38692,0
80896000,1.38675,1.38675,1.38675,1.38675,0,1.38694,1.38694,1.38693,1.38694,0
80916000,1.38675,1.38675,1.38675,1.38675,0,1.38693,1.38693,1.38693,1.38693,0
80968000,1.38677,1.38677,1.38677,1.38677,0,1.38695,1.38695,1.38695,1.38695,0
80969000,1.38675,1.38676,1.38675,1.38676,0,1.38694,1.38694,1.38694,1.38694,0
80970000,1.38677,1.38677,1.38675,1.38675,0,1.38694,1.38694,1.38694,1.38694,0
80990000,1.38676,1.38676,1.38676,1.38676,0,1.38694,1.38694,1.38694,1.38694,0
81001000,1.38677,1.38677,1.38677,1.38677,0,1.38694,1.38694,1.38694,1.38694,0
81003000,1.38676,1.38676,1.38676,1.38676,0,1.38695,1.38695,1.38695,1.38695,0
81008000,1.38678,1.38679,1.38676,1.38677,0,1.38695,1.38696,1.38694,1.38695,0
81009000,1.38676,1.38677,1.38676,1.38677,0,1.38695,1.38695,1.38695,1.38695,0
81010000,1.38678,1.38678,1.38676,1.38676,0,1.38693,1.38695,1.38693,1.38695,0
81057000,1.38677,1.38677,1.38677,1.38677,0,1.38694,1.38694,1.38694,1.38694,0
81058000,1.38679,1.38679,1.38677,1.38679,0,1.38695,1.38696,1.38695,1.38695,0
81059000,1.38678,1.38679,1.38678,1.38679,0,1.38695,1.38695,1.38695,1.38695,0
81060000,1.38677,1.38679,1.38677,1.38679,0,1.38695,1.38695,1.38694,1.38694,0
81061000,1.38677,1.38677,1.38677,1.38677,0,1.38695,1.38695,1.38695,1.38695,0
81062000,1.38679,1.38679,1.38679,1.38679,0,1.38695,1.38696,1.38695,1.38696,0
81063000,1.38678,1.38679,1.38678,1.38679,0,1.38697,1.38697,1.38695,1.38695,0
81064000,1.38679,1.38679,1.38677,1.38677,0,1.38697,1.38697,1.38695,1.38695,0
81066000,1.38678,1.38678,1.38677,1.38677,0,1.38694,1.38696,1.38694,1.38696,0
81067000,1.38678,1.38678,1.38678,1.38678,0,1.38695,1.38695,1.38695,1.38695,0
81072000,1.38676,1.38676,1.38676,1.38676,0,1.38695,1.38695,1.38695,1.38695,0
81104000,1.38677,1.38677,1.38677,1.38677,0,1.38695,1.38695,1.38695,1.38695,0
81105000,1.38676,1.38677,1.38676,1.38677,0,1.38695,1.38695,1.38695,1.38695,0
81106000,1.38678,1.38678,1.38678,1.38678,0,1.38694,1.38694,1.38694,1.38694,0
81107000,1.38677,1.38677,1.38677,1.38677,0,1.38695,1.38695,1.38695,1.38695,0
81126000,1.38679,1.38679,1.38678,1.38678,0,1.38697,1.38697,1.38696,1.38696,0
81127000,1.38677,1.38677,1.38677,1.38677,0,1.38694,1.38694,1.38694,1.38694,0
81129000,1.38676,1.38676,1.38676,1.38676,0,1.38695,1.38695,1.38695,1.38695,0
81132000,1.38677,1.38681,1.38677,1.38681,0,1.38695,1.38698,1.38695,1.38698,0
81149000,1.38681,1.38686,1.38681,1.38686,0,1.38700,1.38703,1.38700,1.38701,0
81150000,1.38685,1.38685,1.38685,1.38685,0,1.38702,1.38702,1.38702,1.38702,0
81151000,1.38686,1.38687,1.38685,1.38686,0,1.38702,1.38707,1.38702,1.38706,0
81152000,1.38687,1.38687,1.38687,1.38687,0,1.38705,1.38705,1.38705,1.38705,0
81154000,1.38690,1.38690,1.38690,1.38690,0,1.38708,1.38708,1.38708,1.38708,0
81155000,1.38690,1.38690,1.38690,1.38690,0,1.38707,1.38707,1.38707,1.38707,0
81171000,1.38690,1.38690,1.38690,1.38690,0,1.38708,1.38708,1.38708,1.38708,0
81176000,1.38692,1.38692,1.38692,1.38692,0,1.38710,1.38710,1.38710,1.38710,0
81177000,1.38692,1.38692,1.38692,1.38692,0,1.38708,1.38708,1.38708,1.38708,0
81190000,1.38690,1.38692,1.38690,1.38692,0,1.38708,1.38710,1.38708,1.38709,0
81192000,1.38692,1.38696,1.38692,1.38696,0,1.38710,1.38714,1.38710,1.38714,0
81193000,1.38697,1.38698,1.38697,1.38698,0,1.38713,1.38713,1.38712,1.38712,0
81194000,1.38696,1.38696,1.38696,1.38696,0,1.38714,1.38714,1.38714,1.38714,0
81195000,1.38698,1.38698,1.38698,1.38698,0,1.38712,1.38712,1.38712,1.38712,0
81196000,1.38698,1.38698,1.38698,1.38698,0,1.38713,1.38713,1.38713,1.38713,0
81237000,1.38699,1.38699,1.38699,1.38699,0,1.38716,1.38716,1.38716,1.38716,0
81260000,1.38699,1.38699,1.38698,1.38698,0,1.38714,1.38716,1.38714,1.38716,0
81279000,1.38700,1.38703,1.38700,1.38700,0,1.38718,1.38720,1.38718,1.38718,0
81280000,1.38700,1.38700,1.38700,1.38700,0,1.38717,1.38717,1.38717,1.38717,0
81312000,1.38700,1.38700,1.38700,1.38700,0,1.38716,1.38716,1.38716,1.38716,0
81313000,1.38699,1.38699,1.38699,1.38699,0,1.38716,1.38716,1.38716,1.38716,0
81352000,1.38698,1.38698,1.38698,1.38698,0,1.38714,1.38714,1.38714,1.38714,0
81425000,1.38700,1.38702,1.38699,1.38700,0,1.38716,1.38720,1.38716,1.38717,0
81427000,1.38700,1.38700,1.38700,1.38700,0,1.38716,1.38716,1.38716,1.38716,0
81442000,1.38698,1.38698,1.38698,1.38698,0,1.38714,1.38714,1.38714,1.38714,0
81460000,1.38699,1.38699,1.38697,1.38697,0,1.38713,1.38715,1.38713,1.38715,0
81461000,1.38699,1.38699,1.38699,1.38699,0,1.38714,1.38714,1.38714,1.38714,0
81490000,1.38697,1.38697,1.38697,1.38697,0,1.38715,1.38715,1.38715,1.38715,0
81500000,1.38697,1.38697,1.38697,1.38697,0,1.38717,1.38717,1.38717,1.38717,0
81536000,1.38699,1.38699,1.38699,1.38699,0,1.38713,1.38713,1.38713,1.38713,0
81547000,1.38696,1.38696,1.38696,1.38696,0,1.38716,1.38716,1.38716,1.38716,0
81551000,1.38699,1.38699,1.38699,1.38699,0,1.38714,1.38714,1.38714,1.38714,0
81778000,1.38699,1.38699,1.38699,1.38699,0,1.38715,1.38715,1.38715,1.38715,0
81802000,1.38697,1.38697,1.38697,1.38697,0,1.38716,1.38716,1.38716,1.38716,0
81854000,1.38698,1.38698,1.38698,1.38698,0,1.38716,1.38716,1.38716,1.38716,0
81855000,1.38696,1.38697,1.38696,1.38697,0,1.38713,1.38713,1.38713,1.38713,0
81856000,1.38695,1.38697,1.38694,1.38697,0,1.38715,1.38715,1.38713,1.38714,0
81857000,1.38698,1.38698,1.38698,1.38698,0,1.38713,1.38713,1.38713,1.38713,0
81863000,1.38698,1.38698,1.38698,1.38698,0,1.38714,1.38714,1.38714,1.38714,0
81864000,1.38698,1.38698,1.38698,1.38698,0,1.38715,1.38715,1.38715,1.38715,0
81894000,1.38700,1.38700,1.38698,1.38698,0,1.38716,1.38716,1.38716,1.38716,0
81960000,1.38697,1.38697,1.38697,1.38697,0,1.38716,1.38716,1.38716,1.38716,0
81962000,1.38697,1.38697,1.38697,1.38697,0,1.38714,1.38714,1.38713,1.38713,0
81975000,1.38696,1.38698,1.38696,1.38698,0,1.38714,1.38716,1.38714,1.38716,0
81976000,1.38698,1.38698,1.38698,1.38698,0,1.38714,1.38714,1.38714,1.38714,0
81977000,1.38698,1.38698,1.38698,1.38698,0,1.38715,1.38715,1.38715,1.38715,0
81982000,1.38701,1.38701,1.38700,1.38700,0,1.38716,1.38717,1.38716,1.38717,0
81989000,1.38699,1.38699,1.38697,1.38697,0,1.38717,1.38717,1.38715,1.38715,0
82001000,1.38696,1.38696,1.38696,1.38696,0,1.38715,1.38715,1.38715,1.38715,0
82008000,1.38697,1.38697,1.38697,1.38697,0,1.38714,1.38714,1.38714,1.38714,0
82013000,1.38698,1.38698,1.38697,1.38697,0,1.38713,1.38714,1.38713,1.38714,0
82029000,1.38696,1.38696,1.38696,1.38696,0,1.38715,1.38715,1.38715,1.38715,0
82035000,1.38696,1.38696,1.38696,1.38696,0,1.38714,1.38714,1.38714,1.38714,0
82036000,1.38697,1.38697,1.38697,1.38697,0,1.38714,1.38714,1.38714,1.38714,0
82055000,1.38696,1.38696,1.38695,1.38695,0,1.38712,1.38713,1.38712,1.38713,0
82059000,1.38696,1.38696,1.38696,1.38696,0,1.38712,1.38712,1.38712,1.38712,0
82071000,1.38694,1.38694,1.38694,1.38694,0,1.38711,1.38711,1.38711,1.38711,0
82078000,1.38693,1.38693,1.38693,1.38693,0,1.38711,1.38711,1.38711,1.38711,0
82092000,1.38694,1.38694,1.38694,1.38694,0,1.38711,1.38711,1.38711,1.38711,0
82145000,1.38695,1.38695,1.38695,1.38695,0,1.38713,1.38713,1.38713,1.38713,0
82183000,1.38697,1.38697,1.38696,1.38696,0,1.38715,1.38715,1.38714,1.38714,0
82184000,1.38697,1.38697,1.38695,1.38695,0,1.38714,1.38714,1.38712,1.38712,0
82226000,1.38696,1.38696,1.38696,1.38696,0,1.38711,1.38711,1.38711,1.38711,0
82237000,1.38695,1.38695,1.38695,1.38695,0,1.38712,1.38712,1.38712,1.38712,0
82238000,1.38696,1.38696,1.38696,1.38696,0,1.38711,1.38711,1.38711,1.38711,0
82241000,1.38695,1.38695,1.38695,1.38695,0,1.38712,1.38712,1.38712,1.38712,0
82258000,1.38695,1.38695,1.38695,1.38695,0,1.38710,1.38710,1.38710,1.38710,0
82260000,1.38694,1.38694,1.38694,1.38694,0,1.38711,1.38711,1.38711,1.38711,0
82275000,1.38694,1.38694,1.38694,1.38694,0,1.38709,1.38709,1.38709,1.38709,0
82276000,1.38693,1.38693,1.38693,1.38693,0,1.38711,1.38711,1.38711,1.38711,0
82282000,1.38694,1.38694,1.38694,1.38694,0,1.38709,1.38709,1.38709,1.38709,0
82298000,1.38694,1.38694,1.38694,1.38694,0,1.38711,1.38711,1.38711,1.38711,0
82321000,1.38694,1.38694,1.38694,1.38694,0,1.38710,1.38710,1.38710,1.38710,0
82322000,1.38694,1.38694,1.38694,1.38694,0,1.38710,1.38710,1.38710,1.38710,0
82328000,1.38694,1.38694,1.38694,1.38694,0,1.38710,1.38710,1.38710,1.38710,0
82334000,1.38694,1.38694,1.38694,1.38694,0,1.38710,1.38710,1.38710,1.38710,0
82350000,1.38694,1.38694,1.38694,1.38694,0,1.38710,1.38710,1.38710,1.38710,0
82518000,1.38695,1.38695,1.38695,1.38695,0,1.38712,1.38712,1.38712,1.38712,0
82521000,1.38694,1.38694,1.38694,1.38694,0,1.38713,1.38713,1.38713,1.38713,0
82529000,1.38693,1.38693,1.38693,1.38693,0,1.38714,1.38714,1.38714,1.38714,0
82537000,1.38691,1.38691,1.38691,1.38691,0,1.38712,1.38712,1.38712,1.38712,0
82543000,1.38694,1.38694,1.38694,1.38694,0,1.38710,1.38710,1.38710,1.38710,0
82550000,1.38694,1.38695,1.38694,1.38695,0,1.38714,1.38714,1.38711,1.38711,0
82573000,1.38695,1.38695,1.38695,1.38695,0,1.38710,1.38710,1.38710,1.38710,0
82589000,1.38693,1.38693,1.38689,1.38691,0,1.38711,1.38711,1.38705,1.38705,0
82600000,1.38689,1.38689,1.38688,1.38688,0,1.38705,1.38706,1.38705,1.38705,0
82612000,1.38688,1.38688,1.38688,1.38688,0,1.38706,1.38706,1.38706,1.38706,0
82633000,1.38687,1.38687,1.38687,1.38687,0,1.38704,1.38704,1.38703,1.38703,0
82757000,1.38686,1.38686,1.38677,1.38677,0,1.38704,1.38704,1.38695,1.38695,0
82768000,1.38678,1.38678,1.38678,1.38678,0,1.38693,1.38693,1.38693,1.38693,0
82803000,1.38677,1.38677,1.38677,1.38677,0,1.38694,1.38694,1.38694,1.38694,0
82805000,1.38678,1.38678,1.38678,1.38678,0,1.38693,1.38693,1.38693,1.38693,0
82807000,1.38677,1.38677,1.38677,1.38677,0,1.38694,1.38694,1.38694,1.38694,0
82828000,1.38678,1.38678,1.38678,1.38678,0,1.38693,1.38693,1.38693,1.38693,0
82848000,1.38677,1.38677,1.38677,1.38677,0,1.38694,1.38694,1.38694,1.38694,0
82871000,1.38677,1.38677,1.38677,1.38677,0,1.38693,1.38693,1.38693,1.38693,0
82889000,1.38679,1.38679,1.38679,1.38679,0,1.38693,1.38693,1.38693,1.38693,0
82899000,1.38676,1.38676,1.38676,1.38676,0,1.38694,1.38694,1.38694,1.38694,0
82900000,1.38677,1.38677,1.38677,1.38677,0,1.38693,1.38693,1.38693,1.38693,0
83029000,1.38677,1.38677,1.38677,1.38677,0,1.38694,1.38694,1.38693,1.38693,0
83030000,1.38677,1.38677,1.38676,1.38676,0,1.38691,1.38692,1.38691,1.38692,0
83051000,1.38677,1.38679,1.38677,1.38678,0,1.38691,1.38697,1.38691,1.38696,0
83052000,1.38678,1.38679,1.38678,1.38679,0,1.38694,1.38694,1.38694,1.38694,0
83054000,1.38678,1.38678,1.38678,1.38678,0,1.38694,1.38694,1.38694,1.38694,0
83115000,1.38677,1.38677,1.38677,1.38677,0,1.38692,1.38692,1.38692,1.38692,0
83172000,1.38678,1.38678,1.38678,1.38678,0,1.38694,1.38694,1.38694,1.38694,0
83182000,1.38677,1.38677,1.38677,1.38677,0,1.38695,1.38695,1.38695,1.38695,0
83199000,1.38677,1.38677,1.38677,1.38677,0,1.38693,1.38693,1.38693,1.38693,0
83269000,1.38676,1.38676,1.38676,1.38676,0,1.38694,1.38694,1.38694,1.38694,0
83279000,1.38678,1.38678,1.38678,1.38678,0,1.38694,1.38696,1.38694,1.38696,0
83287000,1.38676,1.38676,1.38676,1.38676,0,1.38694,1.38694,1.38694,1.38694,0
83299000,1.38678,1.38678,1.38678,1.38678,0,1.38692,1.38692,1.38692,1.38692,0
83309000,1.38676,1.38676,1.38676,1.38676,0,1.38694,1.38694,1.38694,1.38694,0
83314000,1.38677,1.38681,1.38677,1.38678,0,1.38694,1.38697,1.38694,1.38695,0
83315000,1.38679,1.38679,1.38679,1.38679,0,1.38694,1.38694,1.38694,1.38694,0
83319000,1.38679,1.38679,1.38679,1.38679,0,1.38693,1.38693,1.38693,1.38693,0
83375000,1.38681,1.38681,1.38681,1.38681,0,1.38694,1.38694,1.38694,1.38694,0
83394000,1.38680,1.38680,1.38680,1.38680,0,1.38694,1.38694,1.38694,1.38694,0
83434000,1.38680,1.38680,1.38680,1.38680,0,1.38693,1.38693,1.38693,1.38693,0
83465000,1.38678,1.38680,1.38678,1.38680,0,1.38694,1.38697,1.38694,1.38697,0
83466000,1.38679,1.38679,1.38679,1.38679,0,1.38698,1.38698,1.38697,1.38697,0
83467000,1.38680,1.38680,1.38680,1.38680,0,1.38695,1.38695,1.38695,1.38695,0
83472000,1.38678,1.38678,1.38678,1.38678,0,1.38696,1.38696,1.38696,1.38696,0
83482000,1.38678,1.38678,1.38678,1.38678,0,1.38693,1.38693,1.38693,1.38693,0
83484000,1.38677,1.38677,1.38677,1.38677,0,1.38694,1.38696,1.38694,1.38696,0
83485000,1.38678,1.38678,1.38678,1.38678,0,1.38695,1.38695,1.38695,1.38695,0
83521000,1.38677,1.38677,1.38677,1.38677,0,1.38696,1.38696,1.38696,1.38696,0
83524000,1.38681,1.38681,1.38681,1.38681,0,1.38695,1.38695,1.38695,1.38695,0
83526000,1.38679,1.38679,1.38679,1.38679,0,1.38697,1.38697,1.38697,1.38697,0
83549000,1.38681,1.38681,1.38681,1.38681,0,1.38695,1.38695,1.38695,1.38695,0
83572000,1.38679,1.38679,1.38679,1.38679,0,1.38697,1.38697,1.38697,1.38697,0
83575000,1.38681,1.38681,1.38681,1.38681,0,1.38695,1.38695,1.38695,1.38695,0
83588000,1.38678,1.38678,1.38678,1.38678,0,1.38697,1.38697,1.38697,1.38697,0
83589000,1.38679,1.38679,1.38679,1.38679,0,1.38697,1.38697,1.38697,1.38697,0
83595000,1.38681,1.38681,1.38681,1.38681,0,1.38695,1.38695,1.38695,1.38695,0
83601000,1.38678,1.38678,1.38678,1.38678,0,1.38697,1.38697,1.38697,1.38697,0
83602000,1.38681,1.38681,1.38681,1.38681,0,1.38695,1.38695,1.38695,1.38695,0
83605000,1.38678,1.38678,1.38678,1.38678,0,1.38697,1.38697,1.38697,1.38697,0
83607000,1.38681,1.38681,1.38681,1.38681,0,1.38695,1.38695,1.38695,1.38695,0
83612000,1.38679,1.38679,1.38679,1.38679,0,1.38697,1.38697,1.38697,1.38697,0
83632000,1.38680,1.38680,1.38678,1.38678,0,1.38695,1.38697,1.38695,1.38697,0
83643000,1.38679,1.38679,1.38679,1.38679,0,1.38694,1.38694,1.38694,1.38694,0
83646000,1.38681,1.38681,1.38678,1.38678,0,1.38693,1.38696,1.38693,1.38696,0
83669000,1.38681,1.38681,1.38681,1.38681,0,1.38693,1.38693,1.38693,1.38693,0
83672000,1.38679,1.38681,1.38679,1.38681,0,1.38695,1.38695,1.38693,1.38693,0
83703000,1.38679,1.38679,1.38679,1.38679,0,1.38695,1.38695,1.38695,1.38695,0
83704000,1.38680,1.38680,1.38680,1.38680,0,1.38694,1.38694,1.38694,1.38694,0
83705000,1.38680,1.38680,1.38680,1.38680,0,1.38693,1.38693,1.38693,1.38693,0
83709000,1.38680,1.38680,1.38680,1.38680,0,1.38694,1.38694,1.38694,1.38694,0
83719000,1.38679,1.38679,1.38679,1.38679,0,1.38695,1.38695,1.38695,1.38695,0
83742000,1.38677,1.38677,1.38669,1.38669,0,1.38693,1.38693,1.38686,1.38686,0
83757000,1.38669,1.38669,1.38669,1.38669,0,1.38687,1.38687,1.38687,1.38687,0
83758000,1.38671,1.38671,1.38671,1.38671,0,1.38687,1.38687,1.38687,1.38687,0
83764000,1.38671,1.38671,1.38671,1.38671,0,1.38689,1.38689,1.38689,1.38689,0
83817000,1.38674,1.38679,1.38673,1.38679,0,1.38689,1.38694,1.38689,1.38694,0
83823000,1.38677,1.38677,1.38677,1.38677,0,1.38695,1.38695,1.38695,1.38695,0
83828000,1.38679,1.38679,1.38679,1.38679,0,1.38693,1.38693,1.38693,1.38693,0
83926000,1.38679,1.38679,1.38679,1.38679,0,1.38694,1.38694,1.38694,1.38694,0
83938000,1.38679,1.38679,1.38679,1.38679,0,1.38693,1.38693,1.38693,1.38693,0
83942000,1.38677,1.38677,1.38677,1.38677,0,1.38694,1.38694,1.38694,1.38694,0
83943000,1.38679,1.38679,1.38679,1.38679,0,1.38693,1.38693,1.38693,1.38693,0
83951000,1.38677,1.38677,1.38677,1.38677,0,1.38694,1.38694,1.38694,1.38694,0
83992000,1.38679,1.38679,1.38678,1.38678,0,1.38693,1.38694,1.38693,1.38694,0
83998000,1.38677,1.38677,1.38677,1.38677,0,1.38695,1.38695,1.38695,1.38695,0
84000000,1.38678,1.38678,1.38677,1.38677,0,1.38694,1.38695,1.38694,1.38695,0
84002000,1.38679,1.38679,1.38679,1.38679,0,1.38695,1.38695,1.38695,1.38695,0
84064000,1.38679,1.38679,1.38679,1.38679,0,1.38693,1.38693,1.38693,1.38693,0
84106000,1.38677,1.38677,1.38677,1.38677,0,1.38695,1.38695,1.38695,1.38695,0
84171000,1.38679,1.38679,1.38679,1.38679,0,1.38695,1.38695,1.38695,1.38695,0
84315000,1.38679,1.38679,1.38679,1.38679,0,1.38696,1.38696,1.38696,1.38696,0
84379000,1.38676,1.38676,1.38676,1.38676,0,1.38693,1.38693,1.38693,1.38693,0
84381000,1.38676,1.38677,1.38676,1.38677,0,1.38694,1.38694,1.38692,1.38692,0
84412000,1.38675,1.38675,1.38675,1.38675,0,1.38690,1.38690,1.38690,1.38690,0
84416000,1.38677,1.38677,1.38676,1.38676,0,1.38692,1.38693,1.38692,1.38693,0
84506000,1.38677,1.38677,1.38677,1.38677,0,1.38692,1.38692,1.38692,1.38692,0
84507000,1.38675,1.38675,1.38675,1.38675,0,1.38693,1.38693,1.38693,1.38693,0
84519000,1.38676,1.38676,1.38676,1.38676,0,1.38692,1.38692,1.38692,1.38692,0
84536000,1.38677,1.38677,1.38676,1.38676,0,1.38691,1.38692,1.38691,1.38692,0
84540000,1.38674,1.38674,1.38674,1.38674,0,1.38692,1.38692,1.38692,1.38692,0
84543000,1.38675,1.38675,1.38674,1.38675,0,1.38690,1.38691,1.38690,1.38690,0
84553000,1.38674,1.38674,1.38674,1.38674,0,1.38692,1.38692,1.38692,1.38692,0
84561000,1.38675,1.38675,1.38675,1.38675,0,1.38691,1.38691,1.38691,1.38691,0
84565000,1.38676,1.38676,1.38676,1.38676,0,1.38690,1.38690,1.38690,1.38690,0
84572000,1.38676,1.38677,1.38676,1.38677,0,1.38691,1.38691,1.38691,1.38691,0
84573000,1.38677,1.38684,1.38677,1.38684,0,1.38693,1.38701,1.38693,1.38701,0
84574000,1.38684,1.38689,1.38684,1.38689,0,1.38700,1.38704,1.38700,1.38704,0
84600000,1.38688,1.38688,1.38688,1.38688,0,1.38702,1.38702,1.38702,1.38702,0
84601000,1.38688,1.38688,1.38688,1.38688,0,1.38703,1.38703,1.38703,1.38703,0
84624000,1.38685,1.38685,1.38679,1.38679,0,1.38701,1.38701,1.38695,1.38695,0
84625000,1.38679,1.38679,1.38679,1.38679,0,1.38693,1.38695,1.38693,1.38695,0
84626000,1.38679,1.38679,1.38679,1.38679,0,1.38697,1.38697,1.38696,1.38696,0
84627000,1.38680,1.38680,1.38680,1.38680,0,1.38695,1.38695,1.38695,1.38695,0
84636000,1.38681,1.38681,1.38681,1.38681,0,1.38695,1.38695,1.38695,1.38695,0
84641000,1.38680,1.38680,1.38680,1.38680,0,1.38696,1.38696,1.38696,1.38696,0
84658000,1.38680,1.38680,1.38680,1.38680,0,1.38695,1.38695,1.38695,1.38695,0
84672000,1.38679,1.38679,1.38677,1.38678,0,1.38695,1.38695,1.38692,1.38693,0
84714000,1.38678,1.38678,1.38666,1.38666,0,1.38694,1.38694,1.38683,1.38683,0
84715000,1.38663,1.38664,1.38663,1.38663,0,1.38682,1.38682,1.38681,1.38682,0
84717000,1.38666,1.38666,1.38666,1.38666,0,1.38682,1.38682,1.38682,1.38682,0
84733000,1.38667,1.38667,1.38667,1.38667,0,1.38682,1.38682,1.38682,1.38682,0
84734000,1.38666,1.38666,1.38666,1.38666,0,1.38682,1.38682,1.38682,1.38682,0
84741000,1.38667,1.38667,1.38665,1.38665,0,1.38681,1.38681,1.38681,1.38681,0
84783000,1.38666,1.38666,1.38666,1.38666,0,1.38681,1.38681,1.38681,1.38681,0
84784000,1.38666,1.38666,1.38665,1.38665,0,1.38680,1.38683,1.38680,1.38683,0
84791000,1.38664,1.38664,1.38664,1.38664,0,1.38681,1.38681,1.38681,1.38681,0
84795000,1.38665,1.38667,1.38665,1.38667,0,1.38683,1.38684,1.38683,1.38683,0
84797000,1.38669,1.38669,1.38669,1.38669,0,1.38683,1.38683,1.38683,1.38683,0
84800000,1.38668,1.38668,1.38668,1.38668,0,1.38683,1.38683,1.38683,1.38683,0
84877000,1.38668,1.38668,1.38668,1.38668,0,1.38685,1.38685,1.38683,1.38683,0
84879000,1.38668,1.38668,1.38668,1.38668,0,1.38685,1.38685,1.38685,1.38685,0
84897000,1.38669,1.38669,1.38669,1.38669,0,1.38684,1.38684,1.38684,1.38684,0
84976000,1.38669,1.38669,1.38669,1.38669,0,1.38683,1.38683,1.38683,1.38683,0
84979000,1.38670,1.38670,1.38670,1.38670,0,1.38682,1.38682,1.38682,1.38682,0
85000000,1.38670,1.38670,1.38669,1.38669,0,1.38683,1.38685,1.38683,1.38685,0
85001000,1.38670,1.38671,1.38670,1.38671,0,1.38685,1.38685,1.38684,1.38684,0
85021000,1.38673,1.38673,1.38673,1.38673,0,1.38685,1.38685,1.38685,1.38685,0
85027000,1.38674,1.38674,1.38674,1.38674,0,1.38687,1.38687,1.38687,1.38687,0
85029000,1.38674,1.38674,1.38674,1.38674,0,1.38686,1.38686,1.38686,1.38686,0
85038000,1.38674,1.38674,1.38672,1.38673,0,1.38688,1.38688,1.38687,1.38687,0
85039000,1.38673,1.38673,1.38673,1.38673,0,1.38685,1.38685,1.38685,1.38685,0
85041000,1.38675,1.38675,1.38675,1.38675,0,1.38687,1.38687,1.38687,1.38687,0
85043000,1.38673,1.38673,1.38673,1.38673,0,1.38685,1.38685,1.38685,1.38685,0
85052000,1.38674,1.38674,1.38672,1.38672,0,1.38685,1.38687,1.38685,1.38687,0
85053000,1.38673,1.38673,1.38673,1.38673,0,1.38687,1.38687,1.38687,1.38687,0
85134000,1.38676,1.38676,1.38676,1.38676,0,1.38690,1.38690,1.38690,1.38690,0
85151000,1.38675,1.38675,1.38675,1.38675,0,1.38691,1.38691,1.38691,1.38691,0
85202000,1.38675,1.38675,1.38675,1.38675,0,1.38689,1.38689,1.38689,1.38689,0
85260000,1.38676,1.38676,1.38676,1.38676,0,1.38689,1.38689,1.38689,1.38689,0
85274000,1.38675,1.38675,1.38675,1.38675,0,1.38690,1.38690,1.38690,1.38690,0
85326000,1.38676,1.38676,1.38676,1.38676,0,1.38689,1.38689,1.38689,1.38689,0
85336000,1.38676,1.38680,1.38676,1.38680,0,1.38691,1.38693,1.38691,1.38693,0
85414000,1.38681,1.38681,1.38680,1.38680,0,1.38693,1.38693,1.38693,1.38693,0
85471000,1.38680,1.38682,1.38680,1.38682,0,1.38696,1.38697,1.38694,1.38694,0
85520000,1.38682,1.38682,1.38682,1.38682,0,1.38696,1.38696,1.38696,1.38696,0
85532000,1.38681,1.38681,1.38681,1.38681,0,1.38697,1.38697,1.38697,1.38697,0
85589000,1.38684,1.38684,1.38684,1.38684,0,1.38700,1.38700,1.38699,1.38699,0
85590000,1.38687,1.38687,1.38687,1.38687,0,1.38702,1.38702,1.38702,1.38702,0
85592000,1.38689,1.38689,1.38689,1.38689,0,1.38704,1.38704,1.38704,1.38704,0
85593000,1.38690,1.38690,1.38690,1.38690,0,1.38702,1.38702,1.38702,1.38702,0
85598000,1.38688,1.38688,1.38688,1.38688,0,1.38704,1.38704,1.38702,1.38702,0
85633000,1.38690,1.38690,1.38690,1.38690,0,1.38704,1.38704,1.38704,1.38704,0
85650000,1.38690,1.38690,1.38690,1.38690,0,1.38703,1.38703,1.38703,1.38703,0
85739000,1.38689,1.38689,1.38689,1.38689,0,1.38703,1.38703,1.38703,1.38703,0
85740000,1.38688,1.38688,1.38688,1.38688,0,1.38703,1.38703,1.38703,1.38703,0
85744000,1.38690,1.38690,1.38690,1.38690,0,1.38704,1.38704,1.38704,1.38704,0
85745000,1.38689,1.38689,1.38689,1.38689,0,1.38704,1.38704,1.38704,1.38704,0
85772000,1.38689,1.38689,1.38688,1.38688,0,1.38703,1.38703,1.38703,1.38703,0
85792000,1.38687,1.38687,1.38687,1.38687,0,1.38701,1.38701,1.38701,1.38701,0
85798000,1.38685,1.38685,1.38685,1.38685,0,1.38700,1.38700,1.38700,1.38700,0
85799000,1.38686,1.38686,1.38686,1.38686,0,1.38699,1.38699,1.38699,1.38699,0
85808000,1.38685,1.38685,1.38685,1.38685,0,1.38700,1.38700,1.38700,1.38700,0
85809000,1.38685,1.38685,1.38685,1.38685,0,1.38699,1.38699,1.38699,1.38699,0
85816000,1.38685,1.38685,1.38685,1.38685,0,1.38700,1.38700,1.38700,1.38700,0
85819000,1.38685,1.38685,1.38685,1.38685,0,1.38699,1.38699,1.38699,1.38699,0
85820000,1.38686,1.38686,1.38686,1.38686,0,1.38699,1.38699,1.38699,1.38699,0
85822000,1.38685,1.38685,1.38685,1.38685,0,1.38700,1.38700,1.38700,1.38700,0
85845000,1.38687,1.38687,1.38687,1.38687,0,1.38700,1.38700,1.38700,1.38700,0
85890000,1.38687,1.38690,1.38687,1.38690,0,1.38701,1.38704,1.38701,1.38704,0
85937000,1.38691,1.38691,1.38691,1.38691,0,1.38707,1.38707,1.38707,1.38707,0
85938000,1.38692,1.38692,1.38692,1.38692,0,1.38705,1.38705,1.38705,1.38705,0
85942000,1.38691,1.38693,1.38691,1.38693,0,1.38707,1.38707,1.38707,1.38707,0
85943000,1.38694,1.38694,1.38694,1.38694,0,1.38705,1.38705,1.38705,1.38705,0
85987000,1.38694,1.38694,1.38694,1.38694,0,1.38707,1.38707,1.38707,1.38707,0
86013000,1.38692,1.38692,1.38692,1.38692,0,1.38706,1.38706,1.38706,1.38706,0
86034000,1.38692,1.38692,1.38692,1.38692,0,1.38704,1.38704,1.38704,1.38704,0
86035000,1.38691,1.38691,1.38691,1.38691,0,1.38705,1.38705,1.38705,1.38705,0
86038000,1.38692,1.38692,1.38692,1.38692,0,1.38704,1.38704,1.38704,1.38704,0
86044000,1.38691,1.38691,1.38691,1.38691,0,1.38705,1.38705,1.38705,1.38705,0
86051000,1.38692,1.38692,1.38692,1.38692,0,1.38704,1.38704,1.38704,1.38704,0
86116000,1.38691,1.38692,1.38691,1.38692,0,1.38707,1.38707,1.38706,1.38706,0
86126000,1.38694,1.38694,1.38694,1.38694,0,1.38708,1.38708,1.38708,1.38708,0
86127000,1.38694,1.38694,1.38694,1.38694,0,1.38707,1.38707,1.38707,1.38707,0
86137000,1.38693,1.38693,1.38693,1.38693,0,1.38707,1.38707,1.38707,1.38707,0
86171000,1.38692,1.38693,1.38692,1.38693,0,1.38707,1.38707,1.38707,1.38707,0
86172000,1.38693,1.38693,1.38693,1.38693,0,1.38706,1.38706,1.38706,1.38706,0
86231000,1.38692,1.38692,1.38692,1.38692,0,1.38707,1.38707,1.38707,1.38707,0
86282000,1.38692,1.38692,1.38692,1.38692,0,1.38706,1.38706,1.38706,1.38706,0
86371000,1.38693,1.38693,1.38693,1.38693,0,1.38706,1.38706,1.38706,1.38706,0